listing_id,brand,model,year,price_inr,transmission,mileage_km,fuel_type,city,car_age,mileage_per_year,price_per_km,price_vs_model_median_pct,source_url,condition_grade,days_on_market,recon_cost_est,acquisition_cost,holding_cost_per_day,expected_resale_price
DW-007566,Maruti Suzuki,XL6,2022,943579.0,Manual,41837.0,Petrol,Gurgaon,5,8367.0,22.55,4.0,https://www.cardekho.com/used-car-details/used-Maruti-xl6-alpha-plus-cars-Gurgaon_d7f4a336-bdc9-4734-bfb5-f77a090b4580.htm,Good,37,9000,767644.0,1688.82,943579.0
DW-005263,Toyota,Innova,2009,400000.0,Manual,160000.0,Diesel,Amravati,18,8889.0,2.5,-20.0,https://www.cardekho.com/used-car-details/used-Toyota-innova-25-v-diesel-7-seater-cars-Amravati_d59e3252-41ab-408c-936f-f873e0056e29.htm,Fair,57,22000,272445.0,599.38,400000.0
DW-002115,Mercedes-Benz,AMG A 35,2022,4700000.0,Automatic,13100.0,Petrol,Chennai,5,2620.0,358.78,18.2,https://www.cardekho.com/used-car-details/used-Mercedes-benz-amg-a-35-4matic-bsvi-cars-Chennai_20d4a8e9-e656-44c0-9134-da2b9c630e1b.htm,Good,39,9000,3535371.0,7777.82,4700000.0
DW-007470,Kia,Sonet,2023,900000.0,Manual,20000.0,Petrol,Amritsar,4,5000.0,45.0,3.2,https://www.cardekho.com/used-car-details/used-Kia-sonet-htk-plus-bsvi-cars-Amritsar_ef3e73c5-69e5-4a65-be8a-65f0bd13f98a.htm,Excellent,31,3000,650808.0,1431.78,900000.0
DW-004769,Kia,Seltos,2023,1130000.0,Manual,80000.0,Petrol,Khandwa,4,20000.0,14.12,2.7,https://www.cardekho.com/used-car-details/used-Kia-seltos-htk-plus-cars-Khandwa_5904048a-b565-4351-b8c6-159d90dea4fe.htm,Fair,37,22000,848239.0,1866.13,1130000.0
DW-008687,Ford,Fiesta Classic,2012,260000.0,Manual,93000.0,Diesel,Hassan,15,6200.0,2.8,0.0,https://www.cardekho.com/used-car-details/used-Ford-fiesta-classic-14-duratorq-lxi-cars-Hassan_6cba052d-4581-471b-bd02-a40bd20797f1.htm,Fair,44,22000,175290.0,385.64,260000.0
DW-007200,Mahindra,XUV700,2023,1500000.0,Manual,140000.0,Diesel,Aurangabad,4,35000.0,10.71,-14.3,https://www.cardekho.com/used-car-details/used-Mahindra-xuv700-ax5-7-str-diesel-bsvi-cars-Aurangabad_1747d2a5-0e92-4c5d-a3be-bd40ae906dd6.htm,Poor,60,45000,1059209.0,2330.26,1500000.0
DW-002139,MG,Hector Plus,2020,1375000.0,Manual,98000.0,Diesel,Chennai,7,14000.0,14.03,5.7,https://www.cardekho.com/used-car-details/used-Mg-hector-plus-sharp-diesel-mt-cars-Chennai_c1dd9a47-932d-46d9-b5cb-7557185f5dd3.htm,Good,57,9000,1108555.0,2438.82,1375000.0
DW-009839,Toyota,Glanza,2023,640000.0,Automatic,72000.0,Petrol,New Delhi,4,18000.0,8.89,0.0,https://www.cardekho.com/used-car-details/used-Toyota-glanza-v-amt-cars-New-Delhi_91eda2ad-30f3-4827-93b1-d1af5378ddca.htm?adId=29571&adType=41,Fair,44,22000,456129.0,1003.48,640000.0
DW-004804,Renault,KWID,2018,270000.0,Manual,77000.0,Petrol,Ujjain,9,8556.0,3.51,3.8,https://www.cardekho.com/used-car-details/used-Renault-kwid-10-rxt-cars-Ujjain_24d23b34-3bbe-4dfd-b4c1-0ce3afd1cfb0.htm,Fair,44,22000,178049.0,391.71,270000.0
DW-007079,Renault,KWID,2021,355000.0,Manual,40000.0,Petrol,Varanasi,6,6667.0,8.88,36.5,https://www.cardekho.com/used-car-details/used-Renault-kwid-climber-10-mt-opt-cars-Varanasi_ef12803e-b819-4b50-ac65-c053102b216c.htm,Good,65,9000,246470.0,542.23,355000.0
DW-006628,Ford,Ecosport,2014,540000.0,Manual,49000.0,Diesel,Nashik,13,3769.0,11.02,16.4,https://www.cardekho.com/used-car-details/used-Ford-ecosport-15-dv5-mt-titanium-cars-Nashik_3d248f1b-be38-43cd-801b-427e260884b2.htm,Fair,52,22000,391545.0,861.4,540000.0
DW-009458,Skoda,Kylaq,2026,1250000.0,Automatic,10000.0,Petrol,Mysore,1,10000.0,125.0,19.0,https://www.cardekho.com/used-car-details/used-Skoda-kylaq-prestige-at-cars-Mysore_a28bf6a1-21bc-4a33-9bb1-7af8f42165f4.htm,Good,35,9000,922806.0,2030.17,1250000.0
DW-000711,Ford,Figo,2020,375000.0,Manual,44000.0,Petrol,New Delhi,7,6286.0,8.52,50.0,https://www.cardekho.com/used-car-details/used-Ford-figo-titanium-blu-bsiv-cars-New-Delhi_6a753285-a0a5-480b-bff4-0db5c2ce6264.htm?adId=34805&adType=41,Good,79,9000,274272.0,603.4,375000.0
DW-003718,Ford,Aspire,2020,495000.0,Manual,100000.0,Petrol,Lucknow,7,14286.0,4.95,37.5,https://www.cardekho.com/used-car-details/used-Ford-aspire-titanium-plus-bsiv-cars-Lucknow_af2467dd-8ceb-4902-be82-24c824c93f7c.htm,Good,88,9000,355023.0,781.05,495000.0
DW-003972,Volkswagen,Vento,2011,180000.0,Manual,150000.0,Petrol,Chandigarh,16,9375.0,1.2,-56.6,https://www.cardekho.com/used-car-details/used-Volkswagen-vento-petrol-trendline-cars-Chandigarh_6536c404-0ad9-4936-adab-1a2c2fb8ba0d.htm,Fair,46,22000,124605.0,274.13,180000.0
DW-004421,Nissan,Micra,2016,346691.0,Automatic,74892.0,Petrol,Kochi,11,6808.0,4.63,21.6,https://www.cardekho.com/used-car-details/used-Nissan-micra-xl-cvt-cars-Kochi_0cf96f8b-af0e-4aa4-ae5c-17aaba63fb41.htm,Fair,64,22000,269047.0,591.9,346691.0
DW-010041,Skoda,Octavia,2018,1099999.0,Automatic,73000.0,Petrol,New Delhi,9,8111.0,15.07,10.0,https://www.cardekho.com/used-car-details/used-Skoda-octavia-18-tsi-at-l-k-cars-New-Delhi_a939ec4b-129c-4ab8-b6d3-15f7820d049e.htm,Fair,46,22000,830158.0,1826.35,1099999.0
DW-006074,Renault,Kiger,2021,507000.0,Manual,71175.0,Petrol,Chandigarh,6,11862.0,7.12,-4.7,https://www.cardekho.com/used-car-details/used-Renault-kiger-rxz-cars-Chandigarh_343cb67f-5871-432e-b36d-a6ebfa5ed573.htm,Good,45,9000,394800.0,868.56,507000.0
DW-009990,Renault,KWID,2020,266000.0,Manual,48948.0,Petrol,New Delhi,7,6993.0,5.43,2.3,https://www.cardekho.com/used-car-details/used-Renault-kwid-10-rxt-opt-cars-New-Delhi_1b55b8ef-b599-4a08-810f-7c72940a593e.htm,Good,36,9000,211800.0,465.96,266000.0
DW-003018,Volkswagen,Taigun,2024,954250.0,Manual,24380.0,Petrol,Ahmedabad,3,8127.0,39.14,-13.2,https://www.cardekho.com/used-car-details/used-Volkswagen-taigun-highline-plus-cars-Ahmedabad_8d3c05e7-95de-406d-9f7c-4da86d64edda.htm,Excellent,13,3000,807945.0,1777.48,954250.0
DW-000714,Ford,Ecosport,2018,475000.0,Manual,75000.0,Diesel,New Delhi,9,8333.0,6.33,2.4,https://www.cardekho.com/used-car-details/used-Ford-ecosport-15-diesel-titanium-bsiv-cars-New-Delhi_518e0aa5-c2a3-4721-bdd5-ba9c497060cb.htm,Fair,43,22000,354213.0,779.27,475000.0
DW-007945,Honda,Amaze,2015,320071.0,Manual,72095.0,Petrol,Noida,12,6008.0,4.44,-28.9,https://www.cardekho.com/used-car-details/used-Honda-amaze-vx-i-vtech-cars-Noida_98ce4597-883f-4d31-8bea-ddaeca259653.htm,Fair,28,22000,244769.0,538.49,320071.0
DW-001865,Jeep,Compass,2021,1290000.0,Manual,76055.0,Diesel,Hyderabad,6,12676.0,16.96,32.3,https://www.cardekho.com/used-car-details/used-Jeep-compass-20-longitude-option-cars-Hyderabad_20c46be1-97ab-4872-a72e-f59cd9578cd6.htm,Good,70,9000,1069816.0,2353.6,1290000.0
DW-008067,Audi,Q7,2025,7975000.0,Automatic,17700.0,Petrol,New Delhi,2,8850.0,450.56,180.3,https://www.cardekho.com/used-car-details/used-Audi-q7-technology-cars-New-Delhi_8b15a2e5-c6f5-4551-9032-6965fcf88db1.htm?adId=34366&adType=41,Excellent,68,3000,6526274.0,14357.8,7975000.0
DW-007541,Maruti Suzuki,Wagon R,2015,213000.0,Manual,86394.0,Petrol,Gurgaon,12,7200.0,2.47,-39.4,https://www.cardekho.com/used-car-details/used-Maruti-wagon-r-vxi-cars-Gurgaon_e7ef10a2-8945-4277-8ffc-5e96b6aa8c57.htm,Fair,23,22000,141827.0,312.02,213000.0
DW-009783,Mahindra,Scorpio,2022,1190000.0,Manual,50000.0,Diesel,New Delhi,5,10000.0,23.8,22.7,https://www.cardekho.com/used-car-details/used-Mahindra-scorpio-s5-cars-New-Delhi_c4f0497a-69cb-4ea0-b271-2f87bd1c9315.htm,Good,56,9000,838486.0,1844.67,1190000.0
DW-005269,Honda,Amaze,2018,495000.0,Manual,45000.0,Petrol,Nagpur,9,5000.0,11.0,10.0,https://www.cardekho.com/used-car-details/used-Honda-amaze-s-i-vtec-cars-Nagpur_b0f7e328-ad68-45f4-af2b-53bc20fc2b99.htm,Fair,43,22000,325674.0,716.48,495000.0
DW-009478,BMW,3 Series,2010,800000.0,Automatic,54800.0,Petrol,Mysore,17,3224.0,14.6,-46.7,https://www.cardekho.com/used-car-details/used-Bmw-3-series-320i-cars-Mysore_ebe5da2f-c703-47a3-9488-2e566cbd4ea8.htm,Fair,15,22000,595264.0,1309.58,800000.0
DW-007314,Ford,Endeavour,2021,2975000.0,Automatic,90200.0,Diesel,Pune,6,15033.0,32.98,48.8,https://www.cardekho.com/used-car-details/used-Ford-endeavour-titanium-plus-4x2-at-cars-Pune_e88cfe7e-6c44-4ead-ab45-daa5f9970223.htm,Fair,93,22000,2281088.0,5018.39,2975000.0
DW-004677,Hyundai,Creta,2020,850000.0,Manual,75000.0,Diesel,Indore,7,10714.0,11.33,0.0,https://www.cardekho.com/used-car-details/used-Hyundai-creta-14-e-plus-crdi-cars-Indore_0c0172c5-1e36-4040-acbd-eb029c2085ba.htm,Good,58,9000,637939.0,1403.47,850000.0
DW-003209,Toyota,Innova Crysta,2025,1033320.0,Manual,8253.0,Diesel,Jaipur,2,4126.0,125.21,-41.5,https://www.cardekho.com/used-car-details/used-Toyota-innova-crysta-24-gx-7str-cars-Jaipur_7910cd0e-8bda-472a-93f3-3a152d6bfee7.htm,Excellent,3,3000,808389.0,1778.46,1033320.0
DW-005782,Tata,Punch,2024,646099.0,Manual,42111.0,CNG,Vadodara,3,14037.0,15.34,5.9,https://www.cardekho.com/used-car-details/used-Tata-punch-adventure-cng-cars-Vadodara_4786e3a4-06aa-4b4a-afa7-75a647b7e917.htm,Good,33,9000,496782.0,1092.92,646099.0
DW-002957,Toyota,Fortuner,2025,4100000.0,Automatic,45000.0,Diesel,Ahmedabad,2,22500.0,91.11,67.3,https://www.cardekho.com/used-car-details/used-Toyota-fortuner-leader-edition-4x2-diesel-at-cars-Ahmedabad_2401d896-a905-4a97-97a8-570844f2b1a9.htm?adId=34486&adType=41,Poor,76,45000,3339517.0,7346.94,4100000.0
DW-000901,Tata,Indica V2,2016,220000.0,Manual,120000.0,Diesel,Mumbai,11,10909.0,1.83,37.5,https://www.cardekho.com/used-car-details/used-Tata-indica-v2-lx-cars-Mumbai_c4d2ccfe-3a86-4f3e-bf72-e45f40f0f30f.htm?adId=34480&adType=41,Fair,97,22000,135586.0,298.29,220000.0
DW-001091,Mercedes-Benz,GLC,2016,1900000.0,Automatic,80000.0,Diesel,Mumbai,11,7273.0,23.75,-56.8,https://www.cardekho.com/used-car-details/used-Mercedes-benz-glc-220d-4matic-style-cars-Mumbai_8f43cff2-028e-4e8b-96fb-69eea12aa96c.htm?adId=33716&adType=41,Fair,30,22000,1372176.0,3018.79,1900000.0
DW-007709,Skoda,Slavia,2023,970000.0,Automatic,38067.0,Petrol,Gurgaon,4,9517.0,25.48,-8.2,https://www.cardekho.com/used-car-details/used-Skoda-slavia-10-tsi-style-at-bsvi-cars-Gurgaon_15605736-813e-4b7e-9b6f-60aa38e21f3d.htm,Good,23,9000,785382.0,1727.84,970000.0
DW-002895,Maruti Suzuki,Wagon R,2015,176000.0,Manual,69451.0,Petrol,Ahmedabad,12,5788.0,2.53,-49.9,https://www.cardekho.com/used-car-details/used-Maruti-wagon-r-vxi-bs-iv-cars-Ahmedabad_c5e558f0-0829-4d6e-b284-8df035e34015.htm,Fair,14,22000,123583.0,271.88,176000.0
DW-000319,Hyundai,i10,2016,346000.0,Manual,38059.0,Petrol,Coimbatore,11,3460.0,9.09,53.8,https://www.cardekho.com/used-cars+in+coimbatore?pageNo=1,Fair,68,22000,271831.0,598.03,346000.0
DW-000136,Jaguar,XJ,2019,3900000.0,Automatic,40000.0,Diesel,Delhi,8,5000.0,97.5,0.0,https://www.cardekho.com/used-cars+in+delhi?pageNo=1,Good,35,9000,3231654.0,7109.64,3900000.0
DW-009025,Maruti Suzuki,Baleno,2016,380000.0,Manual,120000.0,Petrol,Ranchi,11,10909.0,3.17,-23.5,https://www.cardekho.com/used-car-details/used-Maruti-baleno-12-alpha-cars-Ranchi_0c8124d0-1cc1-45c0-a6df-36408b93b745.htm,Fair,49,22000,294724.0,648.39,380000.0
DW-000938,Toyota,Innova Hycross,2025,3850000.0,Automatic,14062.0,Petrol,Mumbai,2,7031.0,273.79,22.4,https://www.cardekho.com/used-car-details/used-Toyota-innova-hycross-zxo-hybrid-cars-Mumbai_4c102f9f-1025-467c-9ba8-369def5ee603.htm,Excellent,42,3000,2873536.0,6321.78,3850000.0
DW-000034,Honda,Elevate,2023,1264000.0,Automatic,24163.0,Petrol,Delhi,4,6041.0,52.31,-0.0,https://www.cardekho.com/used-cars+in+delhi?pageNo=11,Excellent,21,3000,957955.0,2107.5,1264000.0
DW-002037,Renault,KWID,2018,295000.0,Manual,10913.0,Petrol,Chennai,9,1213.0,27.03,13.5,https://www.cardekho.com/used-car-details/used-Renault-kwid-rxt-cars-Chennai_f3a36849-a84a-460f-9bfe-7e7b873394ca.htm,Fair,32,22000,196363.0,432.0,295000.0
DW-004059,Audi,A4,2017,1975000.0,Automatic,60000.0,Diesel,Chandigarh,10,6000.0,32.92,17.6,https://www.cardekho.com/used-car-details/used-Audi-a4-35-tdi-technology-cars-Chandigarh_8ef0879e-e35a-46b3-9b50-f4913099b7d2.htm?adId=34200&adType=41,Fair,54,22000,1540116.0,3388.26,1975000.0
DW-000036,Volkswagen,Taigun,2022,1225000.0,Automatic,17605.0,Petrol,Mumbai,5,3521.0,69.58,11.4,https://www.cardekho.com/used-cars+in+mumbai?pageNo=1,Good,32,9000,1021005.0,2246.21,1225000.0
DW-004068,Audi,A6,2019,1890000.0,Automatic,70000.0,Diesel,Chandigarh,8,8750.0,27.0,20.0,https://www.cardekho.com/used-car-details/used-Audi-a6-35-tdi-cars-Chandigarh_126dc213-f69e-488b-be27-00ba96763f44.htm,Good,64,9000,1411706.0,3105.75,1890000.0
DW-003799,Nissan,Magnite,2023,510000.0,Manual,93508.0,Petrol,Lucknow,4,23377.0,5.45,-7.3,https://www.cardekho.com/used-car-details/used-Nissan-magnite-xv-bsvi-cars-Lucknow_2b1f65e0-7db2-432a-9056-668589f589cb.htm,Poor,48,45000,354611.0,780.14,510000.0
DW-006609,Skoda,Rapid,2015,399000.0,Manual,85000.0,Diesel,Nashik,12,7083.0,4.69,-18.6,https://www.cardekho.com/used-car-details/used-Skoda-rapid-15-tdi-elegance-cars-Nashik_a1d9cf8e-7295-446b-b210-22ca624d9d2d.htm,Fair,38,22000,275034.0,605.07,399000.0
DW-004846,MG,Astor,2024,1021920.0,Automatic,21972.0,Petrol,Indore,3,7324.0,46.51,14.3,https://www.cardekho.com/used-car-details/used-Mg-astor-select-cvt-cars-Indore_d7e6dd60-e108-4ca8-929a-20a412086fe5.htm,Excellent,36,3000,738372.0,1624.42,1021920.0
DW-008171,Mahindra,Thar,2021,997291.0,Automatic,53722.0,Petrol,Ghaziabad,6,8954.0,18.56,-17.5,https://www.cardekho.com/used-car-details/used-Mahindra-thar-lx-hard-top-at-cars-Ghaziabad_0adedc1d-35f7-4df6-91e5-928c9d51f3bf.htm,Good,24,9000,718302.0,1580.26,997291.0
DW-002914,Hyundai,EON,2013,141000.0,Manual,87833.0,Petrol,Ahmedabad,14,6274.0,1.61,-32.4,https://www.cardekho.com/used-car-details/used-Hyundai-eon-magna-optional-cars-Ahmedabad_f51abc8c-be80-4f05-8d21-1f9030a14fd8.htm,Fair,30,22000,77926.0,171.44,141000.0
DW-004716,Toyota,Fortuner,2019,2675000.0,Manual,103000.0,Petrol,Indore,8,12875.0,25.97,9.2,https://www.cardekho.com/used-car-details/used-Toyota-fortuner-27-2wd-mt-bsiv-cars-Indore_c8187345-e0ab-42d8-bef5-3cca03e6e293.htm?adId=34306&adType=41,Good,55,9000,2244404.0,4937.69,2675000.0
DW-010407,Hyundai,Grand i10,2017,375000.0,Manual,54600.0,Petrol,Thane,10,5460.0,6.87,3.3,https://www.cardekho.com/used-car-details/used-Hyundai-grand-i10-sportz-cars-Thane_63f56cd1-5fa9-4b02-8137-691719fd6ab1.htm,Fair,38,22000,263162.0,578.96,375000.0
DW-004148,Volkswagen,Vento,2016,296140.0,Manual,112068.0,Petrol,Kochi,11,10188.0,2.64,-28.6,https://www.cardekho.com/used-car-details/used-Volkswagen-vento-16-mpi-all-star-cars-Kochi_713be357-a08c-4e98-9368-eac2abc39dfd.htm,Fair,34,22000,222350.0,489.17,296140.0
DW-008970,Renault,KWID,2017,345000.0,Manual,94000.0,Petrol,Kamrup,10,9400.0,3.67,32.7,https://www.cardekho.com/used-car-details/used-Renault-kwid-10-rxt-cars-Kamrup_f1dfe9c7-54a7-4d09-aec6-eb830cf0d589.htm,Fair,75,22000,254759.0,560.47,345000.0
DW-000959,Honda,City,2017,489000.0,Manual,28000.0,Petrol,Navi Mumbai,10,2800.0,17.46,-17.1,https://www.cardekho.com/used-car-details/used-Honda-city-i-vtec-v-cars-Navi-Mumbai_cef4ed3c-88fb-4db7-b0aa-201e21fc3999.htm,Fair,11,22000,334377.0,735.63,489000.0
DW-001512,Jeep,Compass,2021,1624000.0,Automatic,37996.0,Petrol,Bangalore,6,6333.0,42.74,66.6,https://www.cardekho.com/used-car-details/used-Jeep-compass-14-limited-opt-dct-bsvi-cars-Bangalore_17dca5ba-7e34-47ae-808e-5be0cd885032.htm,Good,87,9000,1170543.0,2575.19,1624000.0
DW-002408,Ford,Endeavour,2020,2300000.0,Automatic,172000.0,Diesel,Pune,7,24571.0,13.37,15.0,https://www.cardekho.com/used-car-details/used-Ford-endeavour-titanium-plus-4x2-at-cars-Pune_226d4ecb-74b4-4b73-9cf1-370d59d0a095.htm?adId=33240&adType=41,Poor,91,45000,1845136.0,4059.3,2300000.0
DW-007443,Toyota,Fortuner,2013,1100000.0,Manual,100000.0,Diesel,Amritsar,14,7143.0,11.0,-55.1,https://www.cardekho.com/used-car-details/used-Toyota-fortuner-4x2-manual-cars-Amritsar_11a22fee-0237-4e49-8fb0-f41146682457.htm,Fair,37,22000,791677.0,1741.69,1100000.0
DW-000347,Maruti Suzuki,Suzuki Wagon R,2016,325000.0,Manual,57700.0,Petrol,Indore,11,5245.0,5.63,-20.7,https://www.cardekho.com/used-cars+in+indore?pageNo=1,Fair,11,22000,250023.0,550.05,325000.0
DW-008983,Ford,Figo,2011,120000.0,Manual,147670.0,Petrol,Guwahati,16,9229.0,0.81,-52.0,https://www.cardekho.com/used-car-details/used-Ford-figo-petrol-lxi-cars-Guwahati_d6899881-cfab-4ba4-8252-508960dd146b.htm,Fair,48,22000,64521.0,141.95,120000.0
DW-000563,Mahindra,XUV300,2020,625000.0,Automatic,47560.0,Diesel,Gurgaon,7,6794.0,13.14,-16.7,https://www.cardekho.com/used-car-details/used-Mahindra-xuv300-w6-amt-diesel-bsiv-cars-Gurgaon_4f48cc56-f6bd-433d-8885-b4ba301e44d0.htm,Good,22,9000,492035.0,1082.48,625000.0
DW-009482,Mercedes-Benz,C-Class,2015,1700000.0,Automatic,150000.0,Petrol,Mysore,12,12500.0,11.33,-18.7,https://www.cardekho.com/used-car-details/used-Mercedes-benz-c-class-c-200-avantgarde-cars-Mysore_40142d00-00a1-4454-bb50-a4d1fefda03c.htm,Fair,64,22000,1375691.0,3026.52,1700000.0
DW-005560,Renault,KWID,2018,225000.0,Automatic,90000.0,Petrol,Samastipur,9,10000.0,2.5,-13.5,https://www.cardekho.com/used-car-details/used-Renault-kwid-10-amt-rxt-cars-Samastipur_3de85edb-5e94-4e9a-bee7-febd79a75c10.htm,Fair,44,22000,143440.0,315.57,225000.0
DW-010153,Mercedes-Benz,C-Class,2018,1980000.0,Automatic,65000.0,Diesel,New Delhi,9,7222.0,30.46,-5.3,https://www.cardekho.com/used-car-details/used-Mercedes-benz-c-class-c-250-cdi-avantgarde-cars-New-Delhi_52bd22f9-aa93-400b-99f1-fc9386182c0c.htm?adId=34625&adType=41,Fair,42,22000,1446034.0,3181.27,1980000.0
DW-008832,Nissan,Magnite,2022,650000.0,Automatic,37000.0,Petrol,Srikakulam,5,7400.0,17.57,18.2,https://www.cardekho.com/used-car-details/used-Nissan-magnite-turbo-cvt-xv-dt-bsvi-cars-Srikakulam_e6da79a3-2b51-4b9b-bad8-79660771447e.htm,Good,42,9000,540041.0,1188.09,650000.0
DW-003834,Maruti Suzuki,Baleno,2023,695000.0,Automatic,75000.0,Petrol,Chandigarh,4,18750.0,9.27,40.0,https://www.cardekho.com/used-car-details/used-Maruti-baleno-alpha-amt-bsvi-cars-Chandigarh_3d8f4f26-5f2f-4852-b3d8-f04ef31cf16c.htm?adId=35086&adType=41,Fair,74,22000,492084.0,1082.58,695000.0
DW-002677,Volkswagen,Polo,2013,249000.0,Manual,44000.0,Petrol,Kolkata,14,3143.0,5.66,-37.0,https://www.cardekho.com/used-car-details/used-Volkswagen-polo-12-mpi-highline-cars-Kolkata_2fe51fed-7730-4881-89fe-8eb0c5295be7.htm?adId=32801&adType=41,Fair,14,22000,168359.0,370.39,249000.0
DW-004032,BMW,5 Series,2020,3299999.0,Automatic,38999.0,Diesel,Chandigarh,7,5571.0,84.62,30.7,https://www.cardekho.com/used-car-details/used-Bmw-5-series-520d-luxury-line-cars-Chandigarh_244756fe-264b-4d08-8780-4fa185eeecff.htm,Good,54,9000,2515094.0,5533.21,3299999.0
DW-005012,Volkswagen,Jetta,2015,650000.0,Manual,77000.0,Diesel,Surat,12,6417.0,8.44,30.7,https://www.cardekho.com/used-car-details/used-Volkswagen-jetta-20l-tdi-highline-cars-Surat_12873674-25e0-4884-bac8-13a0cdbf5703.htm,Fair,63,22000,457671.0,1006.88,650000.0
DW-002068,Skoda,Superb,2021,2499000.0,Automatic,68000.0,Petrol,Chennai,6,11333.0,36.75,66.4,https://www.cardekho.com/used-car-details/used-Skoda-superb-laurin-klement-bsvi-cars-Chennai_158baa9c-a526-484b-b864-5c55a1b62703.htm,Good,83,9000,2031105.0,4468.43,2499000.0
DW-007848,Maruti Suzuki,Swift,2022,595000.0,Manual,19000.0,Petrol,Noida,5,3800.0,31.32,27.5,https://www.cardekho.com/used-car-details/used-Maruti-swift-vxi-bsvi-cars-Noida_026a8dfe-04b3-4b86-b690-7ce0e2154592.htm,Good,39,9000,476388.0,1048.05,595000.0
DW-009719,Tata,Harrier,2019,675000.0,Manual,71000.0,Diesel,Noida,8,8875.0,9.51,-46.9,https://www.cardekho.com/used-car-details/used-Tata-harrier-xt-bsiv-cars-Noida_4bed7ac2-608d-4eb3-b2a3-e2c4b3445071.htm,Good,22,9000,501805.0,1103.97,675000.0
DW-001407,Ford,Ecosport,2020,970000.0,Manual,46000.0,Diesel,Bangalore,7,6571.0,21.09,109.1,https://www.cardekho.com/used-car-details/used-Ford-ecosport-15-diesel-titanium-cars-Bangalore_7bb459fa-d1f8-4b3c-aa9a-433b2fe8e9d9.htm,Good,82,9000,791511.0,1741.32,970000.0
DW-007186,Tata,Tigor,2018,490000.0,Manual,108000.0,Diesel,Aurangabad,9,12000.0,4.54,11.4,https://www.cardekho.com/used-car-details/used-Tata-tigor-xm-diesel-cars-Aurangabad_bf3cce73-6b5a-4fb8-9ef5-879c1952e607.htm,Fair,71,22000,336661.0,740.65,490000.0
DW-002803,MG,Astor,2022,799000.0,Automatic,29000.0,Petrol,Kolkata,5,5800.0,27.55,-10.6,https://www.cardekho.com/used-car-details/used-Mg-astor-savvy-cvt-bsvi-cars-Kolkata_9d799d6a-7731-4022-ae41-cdb84b88cb7a.htm,Good,16,9000,550816.0,1211.8,799000.0
DW-007629,Toyota,Corolla Altis,2017,1100000.0,Manual,150000.0,Diesel,Gurgaon,10,15000.0,7.33,80.3,https://www.cardekho.com/used-car-details/used-Toyota-corolla-altis-facelift-cars-Gurgaon_eb90fd8a-6e54-4b85-90c4-4897510c255d.htm?adId=31902&adType=41,Fair,124,22000,842243.0,1852.93,1100000.0
DW-001776,Mercedes-Benz,C-Class,2019,3200000.0,Automatic,16000.0,Diesel,Hyderabad,8,2000.0,200.0,53.1,https://www.cardekho.com/used-car-details/used-Mercedes-benz-c-class-progressive-c-220d-cars-Hyderabad_a3c3a8b5-349e-4b99-8a13-9b85c7c18a58.htm,Good,68,9000,2708157.0,5957.95,3200000.0
DW-003943,Kia,Seltos,2023,1020000.0,Manual,34000.0,Petrol,Chandigarh,4,8500.0,30.0,-7.3,https://www.cardekho.com/used-car-details/used-Kia-seltos-htk-cars-Chandigarh_245c19a6-25e9-4a81-bdcb-b9a4b3db1b1f.htm,Excellent,21,3000,716913.0,1577.21,1020000.0
DW-010140,BMW,5 Series,2024,6500000.0,Automatic,23000.0,Petrol,Gurgaon,3,7667.0,282.61,157.4,https://www.cardekho.com/used-car-details/used-Bmw-5-series-530li-cars-Gurgaon_ae9cd570-d3be-4558-b658-8184bcb10ab8.htm?adId=34658&adType=1,Excellent,75,3000,4749798.0,10449.56,6500000.0
DW-002880,Tata,Tiago,2020,414489.0,Automatic,24997.0,Petrol,Ahmedabad,7,3571.0,16.58,4.9,https://www.cardekho.com/used-car-details/used-Tata-tiago-xza-amt-cars-Ahmedabad_b628c8aa-6d94-4671-8e5b-3874a9a2bb3d.htm,Good,25,9000,313405.0,689.49,414489.0
DW-007938,Honda,City,2023,1000000.0,Automatic,31000.0,Petrol,Noida,4,7750.0,32.26,69.5,https://www.cardekho.com/used-car-details/used-Honda-city-v-cvt-cars-Noida_38029b30-17fb-4189-b4c6-bce5ec56aa9a.htm?adId=34856&adType=41,Excellent,73,3000,818491.0,1800.68,1000000.0
DW-005119,Audi,A4,2023,3450000.0,Automatic,35000.0,Petrol,Surat,4,8750.0,98.57,105.5,https://www.cardekho.com/used-car-details/used-Audi-a4-technology-cars-Surat_a779d061-cd9b-4d60-a4c4-b190407d5ad7.htm,Excellent,75,3000,2458079.0,5407.77,3450000.0
DW-003321,Honda,City,2012,275000.0,Manual,124000.0,Petrol,Jaipur,15,8267.0,2.22,-53.4,https://www.cardekho.com/used-car-details/used-Honda-city-v-mt-cars-Jaipur_a05cee3f-4253-46bb-933a-66a3b2da4ac2.htm,Fair,33,22000,186803.0,410.97,275000.0
DW-010042,Skoda,Octavia,2017,590000.0,Automatic,89000.0,Petrol,New Delhi,10,8900.0,6.63,-41.0,https://www.cardekho.com/used-car-details/used-Skoda-octavia-ambition-plus-18-tsi-at-cars-New-Delhi_62b32eaf-1662-4037-a118-523ce87d5d0e.htm,Fair,30,22000,457116.0,1005.66,590000.0
DW-001023,Skoda,Kodiaq,2017,1575000.0,Automatic,68000.0,Diesel,Mumbai,10,6800.0,23.16,-34.3,https://www.cardekho.com/used-car-details/used-Skoda-kodiaq-20-tdi-style-cars-Mumbai_1f97294c-d740-4ab3-bf4a-81cc3b75503c.htm,Fair,15,22000,1168277.0,2570.21,1575000.0
DW-000040,Maruti Suzuki,Suzuki Ignis,2019,365000.0,Manual,82534.0,Petrol,Mumbai,8,10317.0,4.42,-10.4,https://www.cardekho.com/used-cars+in+mumbai?pageNo=1,Good,40,9000,256839.0,565.05,365000.0
DW-008286,Ford,Ecosport,2016,411579.0,Automatic,50183.0,Petrol,Ghaziabad,11,4562.0,8.2,-11.3,https://www.cardekho.com/used-car-details/used-Ford-ecosport-15-ti-vct-at-titanium-cars-Ghaziabad_60cd5986-dc95-4d8a-af7c-f2a41f03c4a1.htm,Fair,29,22000,278175.0,611.98,411579.0
DW-007587,Tata,Tiago,2019,323877.0,Manual,55669.0,Petrol,Gurgaon,8,6959.0,5.82,-18.0,https://www.cardekho.com/used-car-details/used-Tata-tiago-xz-plus-cars-Gurgaon_64dba2f0-dc5a-4fc3-8c09-96d56b9596f3.htm,Good,26,9000,237635.0,522.8,323877.0
DW-009755,Mahindra,Thar,2023,1550000.0,Automatic,42000.0,Diesel,New Delhi,4,10500.0,36.9,28.3,https://www.cardekho.com/used-car-details/used-Mahindra-thar-lx-hard-top-diesel-at-cars-New-Delhi_6ee5d538-537c-4b19-9600-61c6a62e725b.htm,Good,58,9000,1187464.0,2612.42,1550000.0
DW-005366,Ford,Ecosport,2016,430000.0,Manual,38000.0,Petrol,Nagpur,11,3455.0,11.32,-7.3,https://www.cardekho.com/used-car-details/used-Ford-ecosport-15-ti-vct-mt-ambiente-bsiv-cars-Nagpur_8832b68d-6c68-45ed-ae84-19f6db6661c1.htm,Fair,24,22000,334587.0,736.09,430000.0
DW-008795,Kia,Sonet,2021,772000.0,Automatic,125220.0,Diesel,Visakhapatnam,6,20870.0,6.17,-11.5,https://www.cardekho.com/used-car-details/used-Kia-sonet-15-htk-plus-diesel-at-cars-Visakhapatnam_7e4a3a7a-315e-4337-97b4-ee96b287e845.htm,Fair,53,22000,592773.0,1304.1,772000.0
DW-003465,Audi,A6,2018,2575000.0,Automatic,22000.0,Petrol,New Delhi,9,2444.0,117.05,63.5,https://www.cardekho.com/used-car-details/used-Audi-a6-35-tfsi-cars-New-Delhi_72572a92-f8be-4b08-8756-b7ce865795ce.htm?adId=30747&adType=41,Fair,71,22000,2047168.0,4503.77,2575000.0
DW-008641,Honda,Amaze,2018,580000.0,Manual,71000.0,Petrol,Kannur,9,7889.0,8.17,28.9,https://www.cardekho.com/used-car-details/used-Honda-amaze-vx-i-vtec-cars-Kannur_20c86f24-9ad6-4e3a-9113-4ad0859326c8.htm,Fair,56,22000,469520.0,1032.94,580000.0
DW-007208,Mahindra,XUV500,2016,745000.0,Automatic,109789.0,Diesel,Aurangabad,11,9981.0,6.79,10.4,https://www.cardekho.com/used-car-details/used-Mahindra-xuv500-at-w10-awd-cars-Aurangabad_d3efbf03-de4b-488b-b0f6-16296e5b7045.htm,Fair,59,22000,545524.0,1200.15,745000.0
DW-009200,Hyundai,Creta,2016,405000.0,Manual,196500.0,Petrol,Jodhpur,11,17864.0,2.06,-52.4,https://www.cardekho.com/used-car-details/used-Hyundai-creta-16-vtvt-sx-plus-cars-Jodhpur_9a0e670c-7591-4eef-8f09-a257fe7ffd1c.htm,Fair,62,22000,286004.0,629.21,405000.0
DW-001635,Toyota,Innova Crysta,2018,1790000.0,Manual,117773.0,Diesel,Hyderabad,9,13086.0,15.2,1.4,https://www.cardekho.com/used-car-details/used-Toyota-innova-crysta-24-zx-mt-bsiv-cars-Hyderabad_0a4b9c32-4051-4297-a451-6265b8552ab4.htm,Fair,57,22000,1478919.0,3253.62,1790000.0
DW-002955,Toyota,Innova Crysta,2019,1790000.0,Manual,39000.0,Diesel,Ahmedabad,8,4875.0,45.9,1.4,https://www.cardekho.com/used-car-details/used-Toyota-innova-crysta-24-gx-mt-bsiv-cars-Ahmedabad_85de1705-3ade-460c-8b2e-aa262bb1b82e.htm,Good,34,9000,1310018.0,2882.04,1790000.0
DW-002311,Honda,Brio,2014,315000.0,Automatic,59000.0,Petrol,Pune,13,4538.0,5.34,16.2,https://www.cardekho.com/used-car-details/used-Honda-brio-vx-at-cars-Pune_de5ae453-2326-469b-abb3-6a9dbf423623.htm?adId=34195&adType=41,Fair,46,22000,232984.0,512.56,315000.0
DW-005322,Renault,KWID,2017,295000.0,Manual,68000.0,Petrol,Nagpur,10,6800.0,4.34,13.5,https://www.cardekho.com/used-car-details/used-Renault-kwid-10-rxt-optional-cars-Nagpur_f9bcaf50-32bb-4c66-9593-ae6ae56ce163.htm,Fair,51,22000,217890.0,479.36,295000.0
DW-000796,Nissan,Terrano,2018,399000.0,Manual,102000.0,Diesel,New Delhi,9,11333.0,3.91,8.6,https://www.cardekho.com/used-car-details/used-Nissan-terrano-xv-d-pre-cars-New-Delhi_1a604108-7381-4da8-9918-b3ac31f7649a.htm,Fair,70,22000,263153.0,578.94,399000.0
DW-003542,Maruti Suzuki,Wagon R,2004,90000.0,Manual,79620.0,Petrol,Lucknow,23,3462.0,1.13,-74.4,https://www.cardekho.com/used-car-details/used-Maruti-wagon-r-lxi-cars-Lucknow_4fb9dc7d-3869-4603-8b89-14692650d16a.htm?adId=32114&adType=41,Fair,21,22000,47321.0,104.11,90000.0
DW-009930,Kia,Sonet,2024,825000.0,Manual,14000.0,Petrol,New Delhi,3,4667.0,58.93,-5.4,https://www.cardekho.com/used-car-details/used-Kia-sonet-htk-plus-cars-New-Delhi_8c247bbd-8360-47d9-a281-45d2bf3cbc8c.htm,Excellent,21,3000,599320.0,1318.5,825000.0
DW-007035,Toyota,Innova,2009,300000.0,Manual,150000.0,Diesel,Allahabad,18,8333.0,2.0,-40.0,https://www.cardekho.com/used-car-details/used-Toyota-innova-25-v-diesel-7-seater-cars-Allahabad_937aa781-dc45-4907-8e1e-282451824551.htm,Fair,45,22000,196342.0,431.95,300000.0
DW-001119,MG,Hector,2021,960000.0,Automatic,40000.0,Petrol,Mumbai,6,6667.0,24.0,-15.9,https://www.cardekho.com/used-car-details/used-Mg-hector-shine-cvt-cars-Mumbai_27117cc4-d388-4579-a8f7-a93c19dbf774.htm?adId=33581&adType=41,Good,17,9000,729791.0,1605.54,960000.0
DW-003915,Toyota,Etios,2011,255000.0,Manual,82000.0,Petrol,Chandigarh,16,5125.0,3.11,-9.6,https://www.cardekho.com/used-car-details/used-Toyota-etios-g-cars-Chandigarh_a06b1717-f537-4137-8b63-238408af185a.htm,Fair,34,22000,167571.0,368.66,255000.0
DW-002120,Mercedes-Benz,E-Class,2024,7500000.0,Automatic,4000.0,Diesel,Chennai,3,1333.0,1875.0,145.8,https://www.cardekho.com/used-car-details/used-Mercedes-benz-e-class-e-220d-cars-Chennai_ae50edb1-a04c-4226-828b-341d4a6861a9.htm,Excellent,63,3000,6142568.0,13513.65,7500000.0
DW-001473,MG,Hector,2023,1750000.0,Automatic,59625.0,Petrol,Bangalore,4,14906.0,29.35,53.4,https://www.cardekho.com/used-car-details/used-Mg-hector-sharp-pro-7str-cvt-cars-Bangalore_9b0a420f-4410-45e0-a788-aca647f278ef.htm,Good,87,9000,1454246.0,3199.34,1750000.0
DW-006559,Volkswagen,Polo,2020,749000.0,Manual,87000.0,Petrol,Nashik,7,12429.0,8.61,89.6,https://www.cardekho.com/used-car-details/used-Volkswagen-polo-10-tsi-highline-plus-cars-Nashik_93a2b98d-a3e3-485a-a123-f5e673afd05a.htm?adId=34841&adType=41,Good,87,9000,605486.0,1332.07,749000.0
DW-003980,Renault,KWID,2021,317918.0,Automatic,63878.0,Petrol,Chandigarh,6,10646.0,4.98,22.3,https://www.cardekho.com/used-car-details/used-Renault-kwid-10-rxt-amt-opt-cars-Chandigarh_1eb82fb3-8990-4007-bb17-0ac732498e80.htm,Good,61,9000,226229.0,497.7,317918.0
DW-007367,Maruti Suzuki,Alto K10,2014,250000.0,Manual,60000.0,Petrol,Amritsar,13,4615.0,4.17,-9.1,https://www.cardekho.com/used-car-details/used-Maruti-alto-k10-lxi-cars-Amritsar_25f8b2e4-73a2-4e65-86df-fcf6889b6e09.htm,Fair,33,22000,163280.0,359.22,250000.0
DW-006862,Volkswagen,Taigun,2023,1035454.0,Automatic,50476.0,Petrol,Rajkot,4,12619.0,20.51,-5.9,https://www.cardekho.com/used-car-details/used-Volkswagen-taigun-10-tsi-topline-at-bsvi-cars-Rajkot_ced19ac2-a20d-4537-a650-37dafa3c12fb.htm,Good,27,9000,755382.0,1661.84,1035454.0
DW-003539,Maruti Suzuki,Baleno,2021,496000.0,Manual,37453.0,Diesel,Lucknow,6,6242.0,13.24,-0.1,https://www.cardekho.com/used-car-details/used-Maruti-baleno-zeta-diesel-cars-Lucknow_2534bc34-ea62-412e-9575-833c4d342c29.htm,Good,21,9000,348247.0,766.14,496000.0
DW-006206,Hyundai,Alcazar,2022,1400000.0,Automatic,70000.0,Diesel,Agra,5,14000.0,20.0,-6.9,https://www.cardekho.com/used-car-details/used-Hyundai-alcazar-15-signature-o-7-seater-diesel-at-cars-Agra_710617e9-0146-499d-8bd8-bdd45221d3f0.htm,Good,38,9000,1169198.0,2572.24,1400000.0
DW-003127,Audi,A5,2018,2911000.0,Automatic,32000.0,Diesel,Ahmedabad,9,3556.0,90.97,0.0,https://www.cardekho.com/used-car-details/used-Audi-a5-sportback-cars-Ahmedabad_54f007ad-2886-44de-8846-cb92b23ed1b8.htm,Fair,25,22000,2191254.0,4820.76,2911000.0
DW-000488,Honda,Brio,2017,251000.0,Manual,72030.0,Petrol,Kolkata,10,7203.0,3.48,-7.4,https://www.cardekho.com/used-cars+in+kolkata?pageNo=1,Fair,39,22000,162160.0,356.75,251000.0
DW-009005,Mahindra,XUV700,2025,2000000.0,Automatic,20000.0,Petrol,Ranchi,2,10000.0,100.0,14.3,https://www.cardekho.com/used-car-details/used-Mahindra-xuv700-ax5-7-str-at-cars-Ranchi_9297588a-3671-442e-9bfb-93983c6b8a8b.htm?adId=31983&adType=41,Good,35,9000,1645001.0,3619.0,2000000.0
DW-006393,Nissan,Sunny,2018,280000.0,Manual,90000.0,Diesel,Etawah,9,10000.0,3.11,1.8,https://www.cardekho.com/used-car-details/used-Nissan-sunny-xl-d-cars-Etawah_98f3de0b-bafb-4e23-bb39-58651d2daa7b.htm,Fair,62,22000,190766.0,419.69,280000.0
DW-007657,Kia,Seltos,2025,2000000.0,Automatic,13000.0,Petrol,Gurgaon,2,6500.0,153.85,81.8,https://www.cardekho.com/used-car-details/used-Kia-seltos-gtx-plus-s-turbo-dct-cars-Gurgaon_c67531a0-9963-4fdb-80ab-f7fb26854b01.htm?adId=34407&adType=41,Excellent,67,3000,1407535.0,3096.58,2000000.0
DW-005373,Mercedes-Benz,CLA,2015,2000000.0,Automatic,20000.0,Diesel,Chhindwara,12,1667.0,100.0,33.3,https://www.cardekho.com/used-car-details/used-Mercedes-benz-cla-200-cdi-sport-cars-Chhindwara_d71d9bc9-658e-4616-b449-2019b808463b.htm,Fair,43,22000,1426582.0,3138.48,2000000.0
DW-007567,Maruti Suzuki,Ciaz,2020,628000.0,Automatic,50904.0,Petrol,Gurgaon,7,7272.0,12.34,17.8,https://www.cardekho.com/used-car-details/used-Maruti-ciaz-14-at-alpha-cars-Gurgaon_87427bd9-a26d-41ef-b788-72005a07eb22.htm,Good,51,9000,490817.0,1079.8,628000.0
DW-004824,Ford,Figo,2013,91162.0,Manual,200000.0,Diesel,Indore,14,14286.0,0.46,-63.5,https://www.cardekho.com/used-car-details/used-Ford-figo-diesel-exi-cars-Indore_e683686e-a073-4486-93a7-108063438bce.htm,Fair,72,22000,52519.0,115.54,91162.0
DW-003335,Kia,Seltos,2022,1290000.0,Automatic,39000.0,Petrol,Jaipur,5,7800.0,33.08,17.3,https://www.cardekho.com/used-car-details/used-Kia-seltos-htx-ivt-g-cars-Jaipur_989e5147-cb70-452e-a04e-de6e233a8c7b.htm?adId=32617&adType=41,Good,53,9000,934816.0,2056.6,1290000.0
DW-002484,MG,Astor,2022,659000.0,Manual,41900.0,Petrol,Pune,5,8380.0,15.73,-26.3,https://www.cardekho.com/used-car-details/used-Mg-astor-style-bsvi-cars-Pune_6c562a44-07b5-47d7-8a9f-a68a52f04c33.htm,Good,16,9000,542985.0,1194.57,659000.0
DW-000312,Mercedes-Benz,GLE,2021,4800000.0,Automatic,95000.0,Diesel,Kochi,6,15833.0,50.53,-11.9,https://www.cardekho.com/used-cars+in+kochi?pageNo=3,Fair,46,22000,3950718.0,8691.58,4800000.0
DW-001248,Tata,Nexon EV,2022,1099000.0,Automatic,20000.0,Electric,Bangalore,5,4000.0,54.95,12.7,https://www.cardekho.com/used-car-details/used-Tata-nexon-ev-xz-plus-lux-dark-edition-cars-Bangalore_c02853e1-c6b7-48eb-a7c6-54eea3e92b6e.htm,Good,42,9000,900156.0,1980.34,1099000.0
DW-009601,Mercedes-Benz,GLA Class,2016,1200000.0,Automatic,50000.0,Diesel,New Delhi,11,4545.0,24.0,-17.0,https://www.cardekho.com/used-car-details/used-Mercedes-benz-gla-class-200-cdi-cars-New-Delhi_a17acca4-fa0f-41de-930b-bc8db2b72403.htm?adId=32534&adType=41,Fair,14,22000,858979.0,1889.75,1200000.0
DW-000484,Maruti Suzuki,Suzuki Ertiga,2017,685000.0,Manual,49954.0,Diesel,Kolkata,10,4995.0,13.71,0.0,https://www.cardekho.com/used-cars+in+kolkata?pageNo=1,Fair,31,22000,462693.0,1017.92,685000.0
DW-006348,Ford,Endeavour,2017,2100000.0,Automatic,100000.0,Diesel,Gautam Buddha Nagar,10,10000.0,21.0,5.0,https://www.cardekho.com/used-car-details/used-Ford-endeavour-22-titanium-at-4x2-cars-Gautam-Buddha-Nagar_01808eb7-decf-422a-a75c-9c5b2aca64c8.htm,Fair,53,22000,1721238.0,3786.72,2100000.0
DW-008409,Tata,Altroz,2020,550000.0,Manual,44000.0,Petrol,Dehradun,7,6286.0,12.5,-4.3,https://www.cardekho.com/used-car-details/used-Tata-altroz-xz-bsvi-cars-Dehradun_ebaaaafc-1a60-4329-9d8e-f14c11dc93e7.htm,Good,27,9000,401229.0,882.7,550000.0
DW-001394,Ford,Endeavour,2019,2799000.0,Automatic,76000.0,Diesel,Bangalore,8,9500.0,36.83,40.0,https://www.cardekho.com/used-car-details/used-Ford-endeavour-32-titanium-at-4x4-cars-Bangalore_ffec5bcb-e46c-49dd-bc2d-30361e2697f4.htm?adId=35137&adType=41,Good,69,9000,2210152.0,4862.33,2799000.0
DW-004639,Maruti Suzuki,Baleno,2017,425000.0,Manual,39000.0,Petrol,Indore,10,3900.0,10.9,-14.4,https://www.cardekho.com/used-car-details/used-Maruti-baleno-12-sigma-cars-Indore_846e6ab7-5a2d-4802-ac33-16b33c8180b6.htm,Fair,23,22000,323948.0,712.69,425000.0
DW-003061,Skoda,Superb,2022,2650000.0,Automatic,42909.0,Petrol,Ahmedabad,5,8582.0,61.76,76.4,https://www.cardekho.com/used-car-details/used-Skoda-superb-sportline-bsvi-cars-Ahmedabad_3e45cc80-9db6-48e5-a046-7cc403c53da2.htm,Good,79,9000,1896997.0,4173.39,2650000.0
DW-002827,Nissan,Kicks,2019,380016.0,Manual,79409.0,Petrol,Kolkata,8,9926.0,4.79,-32.0,https://www.cardekho.com/buy-used-car-details/used-Nissan-kicks-xl-bsiv-cars-Kolkata_94542bac-4190-4cc1-bb6b-e65d300682aa.htm,Good,14,9000,301521.0,663.35,380016.0
DW-001769,BMW,X5,2023,7200000.0,Automatic,25000.0,Petrol,Chandigarh,4,6250.0,288.0,125.0,https://www.cardekho.com/used-car-details/used-Bmw-x5-xdrive-40i-m-sport-cars-Chandigarh_538ba4b6-9078-4a4c-9f0c-0f08db0e854e.htm?adId=32813&adType=41,Excellent,67,3000,6050592.0,13311.3,7200000.0
DW-009431,Volkswagen,Vento,2015,575000.0,Manual,109000.0,Diesel,Mysore,12,9083.0,5.28,38.6,https://www.cardekho.com/used-car-details/used-Volkswagen-vento-magnific-15-tdi-highline-cars-Mysore_ba19f454-611b-4f2d-a0c6-47fa7ba800cc.htm,Fair,91,22000,443322.0,975.31,575000.0
DW-006519,Toyota,Innova Crysta,2021,2350000.0,Manual,120288.0,Diesel,Nashik,6,20048.0,19.54,33.1,https://www.cardekho.com/used-car-details/used-Toyota-innova-crysta-24-zx-7-str-cars-Nashik_248a78f0-3404-44e4-a0e4-2089c9d290d2.htm,Fair,95,22000,1778531.0,3912.77,2350000.0
DW-006605,Skoda,Superb,2017,1390000.0,Automatic,59000.0,Diesel,Nashik,10,5900.0,23.56,-7.5,https://www.cardekho.com/used-car-details/used-Skoda-superb-style-20-tdi-at-cars-Nashik_0426d3ee-f2db-43ed-8930-cd33a2afcaaf.htm,Fair,45,22000,1133787.0,2494.33,1390000.0
DW-003888,Mahindra,XUV500,2019,690000.0,Automatic,160000.0,Diesel,Chandigarh,8,20000.0,4.31,2.2,https://www.cardekho.com/used-car-details/used-Mahindra-xuv500-w11-option-at-awd-cars-Chandigarh_2cfedd7c-ecf1-4f3a-a7cb-3ccef5852156.htm?adId=32290&adType=41,Fair,98,22000,515592.0,1134.3,690000.0
DW-007554,Hyundai,Creta,2023,1224521.0,Manual,25640.0,Petrol,Gurgaon,4,6410.0,47.76,44.1,https://www.cardekho.com/used-car-details/used-Hyundai-creta-sx-summer-edition-cars-Gurgaon_ae8cec34-8a3e-44b0-a9fc-2220b1c379fc.htm,Excellent,63,3000,990963.0,2180.12,1224521.0
DW-009770,Mahindra,Scorpio,2022,1195000.0,Manual,58000.0,Diesel,New Delhi,5,11600.0,20.6,23.2,https://www.cardekho.com/used-car-details/used-Mahindra-scorpio-s5-cars-New-Delhi_972ab8f7-01e1-40ae-810c-831565afb843.htm?adId=32063&adType=41,Good,51,9000,974576.0,2144.07,1195000.0
DW-010295,Maruti Suzuki,Ertiga,2022,949000.0,Manual,72399.0,CNG,Mumbai,5,14480.0,13.11,22.8,https://www.cardekho.com/used-car-details/used-Maruti-ertiga-vxi-cng-2022-2023-cars-Mumbai_96907c55-7de2-466f-a7ae-68caca5351c7.htm,Good,49,9000,761970.0,1676.33,949000.0
DW-004657,Maruti Suzuki,Wagon R,2016,325000.0,Manual,57700.0,Petrol,Indore,11,5245.0,5.63,-7.5,https://www.cardekho.com/used-car-details/used-Maruti-wagon-r-vxi-bs-iv-cars-Indore_4dd5b28c-7464-4ca2-a2c1-15f82bb72535.htm,Fair,34,22000,219533.0,482.97,325000.0
DW-003843,Maruti Suzuki,Vitara Brezza,2019,515120.0,Manual,91861.0,Diesel,Chandigarh,8,11483.0,5.61,-21.6,https://www.cardekho.com/used-car-details/used-Maruti-vitara-brezza-vdi-cars-Chandigarh_bd230ef6-e312-431a-aa46-9050282b922e.htm,Good,30,9000,360690.0,793.52,515120.0
DW-002056,Skoda,Octavia,2022,2250000.0,Automatic,47000.0,Petrol,Chennai,5,9400.0,47.87,125.0,https://www.cardekho.com/used-car-details/used-Skoda-octavia-laurin-and-klement-cars-Chennai_cb9d59c6-729b-47a4-b46f-4f22bc10cd08.htm,Good,79,9000,1646439.0,3622.17,2250000.0
DW-010388,Hyundai,Venue,2021,799999.0,Manual,32079.0,Petrol,Mumbai,6,5346.0,24.94,12.5,https://www.cardekho.com/used-car-details/used-Hyundai-venue-sx-turbo-imt-cars-Mumbai_f10b9a60-f58b-4b50-84a3-2d5c9eaf7a62.htm,Good,34,9000,611344.0,1344.96,799999.0
DW-001942,Mahindra,XUV500,2014,725000.0,Manual,118000.0,Diesel,Chennai,13,9077.0,6.14,7.4,https://www.cardekho.com/used-car-details/used-Mahindra-xuv500-w8-fwd-cars-Chennai_cb58ee46-e873-4bb6-aecb-72905e2fa9e6.htm,Fair,67,22000,540449.0,1188.99,725000.0
DW-009630,Hyundai,Creta,2017,625000.0,Automatic,82000.0,Petrol,New Delhi,10,8200.0,7.62,-26.5,https://www.cardekho.com/used-car-details/used-Hyundai-creta-16-vtvt-at-sx-plus-cars-New-Delhi_4787203f-20ff-4d89-bf5a-f87f6275f275.htm,Fair,33,22000,470123.0,1034.27,625000.0
DW-004285,Volkswagen,Polo,2017,577660.0,Manual,69718.0,Petrol,Kochi,10,6972.0,8.29,46.2,https://www.cardekho.com/used-car-details/used-Volkswagen-polo-12-mpi-comfortline-cars-Kochi_d62128a0-cfd6-44e1-808d-5d39c93ac514.htm,Fair,81,22000,416597.0,916.51,577660.0
DW-009345,Maruti Suzuki,Brezza,2023,1100000.0,Manual,60000.0,Petrol,Mysore,4,15000.0,18.33,22.6,https://www.cardekho.com/used-car-details/used-Maruti-brezza-zxi-plus-cars-Mysore_0f05dd98-def5-4004-ae91-eb651fd83995.htm,Fair,56,22000,877837.0,1931.24,1100000.0
DW-004376,Mercedes-Benz,C-Class,2016,1890000.0,Automatic,58000.0,Petrol,New Delhi,11,5273.0,32.59,-9.6,https://www.cardekho.com/used-car-details/used-Mercedes-benz-c-class-c-200-cgi-cars-New-Delhi_4c6b4767-32ac-4718-aee8-66274b671864.htm,Fair,24,22000,1559879.0,3431.73,1890000.0
DW-002819,MG,Hector,2022,1253213.0,Manual,30982.0,Petrol,Kolkata,5,6196.0,40.45,9.8,https://www.cardekho.com/used-car-details/used-Mg-hector-hybrid-sharp-mt-cars-Kolkata_6ee04764-8cda-462c-a086-5714e7c060f9.htm,Good,25,9000,914629.0,2012.18,1253213.0
DW-004817,Ford,Endeavour,2021,2800000.0,Automatic,100000.0,Diesel,Indore,6,16667.0,28.0,40.0,https://www.cardekho.com/used-car-details/used-Ford-endeavour-titanium-plus-4x2-at-cars-Indore_1f800b61-611e-427b-84c0-b12116b33195.htm?adId=30085&adType=41,Fair,84,22000,2247340.0,4944.15,2800000.0
DW-010406,Hyundai,Grand i10,2018,399000.0,Manual,40216.0,Petrol,Thane,9,4468.0,9.92,9.9,https://www.cardekho.com/used-car-details/used-Hyundai-grand-i10-12-kappa-magna-bsiv-cars-Thane_b95a57b6-0bd8-4681-8aee-e45e63029927.htm,Fair,39,22000,297877.0,655.33,399000.0
DW-001419,BMW,X3,2012,1350000.0,Automatic,112907.0,Diesel,Bangalore,15,7527.0,11.96,-42.6,https://www.cardekho.com/used-car-details/used-Bmw-x3-xdrive30d-cars-Bangalore_4049b990-8c5d-4b54-be71-8c265cc3c826.htm,Fair,47,22000,1028926.0,2263.64,1350000.0
DW-003543,Maruti Suzuki,Ciaz,2018,623000.0,Automatic,30628.0,Petrol,Lucknow,9,3403.0,20.34,16.9,https://www.cardekho.com/used-car-details/used-Maruti-ciaz-14-at-alpha-cars-Lucknow_70408d09-ce6a-43d5-a8bb-019ca822e6af.htm,Fair,42,22000,431718.0,949.78,623000.0
DW-006773,Tata,Altroz,2022,512998.0,Manual,75069.0,Diesel,Rajkot,5,15014.0,6.83,-10.8,https://www.cardekho.com/buy-used-car-details/used-Tata-altroz-xz-diesel-bsvi-cars-Rajkot_07b2b153-e529-4e9d-80ba-6996352fe8cd.htm,Fair,42,22000,398291.0,876.24,512998.0
DW-006713,Jeep,Compass,2026,2950000.0,Automatic,13554.0,Diesel,Mumbai,1,13554.0,217.65,202.6,https://www.cardekho.com/used-car-details/used-Jeep-compass-20-model-s-opt-4x4-at-cars-Mumbai_a8d1a7d2-34e5-4dd4-b4c0-533d989edd24.htm,Good,65,9000,2481077.0,5458.37,2950000.0
DW-006990,Tata,Bolt,2017,249000.0,Manual,65000.0,Diesel,Varanasi,10,6500.0,3.83,-0.4,https://www.cardekho.com/used-car-details/used-Tata-bolt-quadrajet-xms-cars-Varanasi_b443131c-c9fe-471e-89f6-ce1a5c725b27.htm,Fair,34,22000,179261.0,394.37,249000.0
DW-008036,BMW,X1,2024,4250000.0,Automatic,35000.0,Petrol,Noida,3,11667.0,121.43,129.7,https://www.cardekho.com/used-car-details/used-Bmw-x1-sdrive18i-m-sport-cars-Noida_100839d4-00bf-4bf5-890a-a3c0c19219ae.htm,Good,71,9000,3551136.0,7812.5,4250000.0
DW-004608,BMW,X1,2017,1800000.0,Automatic,61278.0,Diesel,Coimbatore,10,6128.0,29.37,-2.7,https://www.cardekho.com/used-car-details/used-Bmw-x1-sdrive-20d-xline-cars-Coimbatore_e28a62b2-5458-4d50-9590-bf451f1c1335.htm,Fair,33,22000,1503730.0,3308.21,1800000.0
DW-001804,Audi,A6,2012,999000.0,Automatic,117000.0,Diesel,Hyderabad,15,7800.0,8.54,-36.6,https://www.cardekho.com/used-car-details/used-Audi-a6-20-tdi-technology-cars-Hyderabad_358ff7a7-b86f-4c87-8b6a-ec1830f76091.htm,Fair,51,22000,730055.0,1606.12,999000.0
DW-003847,Maruti Suzuki,Vitara Brezza,2016,488000.0,Manual,146270.0,Diesel,Chandigarh,11,13297.0,3.34,-25.7,https://www.cardekho.com/used-car-details/used-Maruti-vitara-brezza-zdi-plus-cars-Chandigarh_2a513e5f-43f5-4361-8822-ef7a6fa059a0.htm,Fair,48,22000,366318.0,805.9,488000.0
DW-007921,Toyota,Fortuner,2017,1800000.0,Manual,92000.0,Petrol,Noida,10,9200.0,19.57,-26.5,https://www.cardekho.com/used-car-details/used-Toyota-fortuner-27-2wd-mt-bsiv-cars-Noida_d8645d78-42ab-4ec5-8706-2932747c20cc.htm?adId=35011&adType=41,Fair,36,22000,1365962.0,3005.12,1800000.0
DW-010400,Hyundai,Grand i10,2015,300000.0,Manual,95000.0,Petrol,Navi Mumbai,12,7917.0,3.16,-17.4,https://www.cardekho.com/used-car-details/used-Hyundai-grand-i10-magna-cars-Navi-Mumbai_9c66457b-d466-4357-a4d7-c4a9718e5345.htm?adId=31281&adType=41,Fair,34,22000,232398.0,511.28,300000.0
DW-005274,Honda,City,2012,320000.0,Automatic,56000.0,Petrol,Nagpur,15,3733.0,5.71,-45.8,https://www.cardekho.com/used-car-details/used-Honda-city-v-at-cars-Nagpur_bb4da74d-1ff5-4aa8-a85a-6f7fff52214c.htm,Fair,19,22000,206503.0,454.31,320000.0
DW-005310,Volkswagen,Jetta,2011,230000.0,Manual,80000.0,Diesel,Nagpur,16,5000.0,2.88,-53.8,https://www.cardekho.com/used-car-details/used-Volkswagen-jetta-20-tdi-comfortline-cars-Nagpur_2d05bd88-708c-4f39-bb54-fb5d7cb58d05.htm,Fair,25,22000,153227.0,337.1,230000.0
DW-001285,Toyota,Hyryder,2022,1700000.0,Automatic,43000.0,Petrol,Bangalore,5,8600.0,39.53,15.7,https://www.cardekho.com/used-car-details/used-Toyota-hyryder-g-hybrid-bsvi-cars-Bangalore_59b9e119-5a13-4d81-90c7-db7cc694442b.htm?adId=34882&adType=41,Good,44,9000,1404262.0,3089.38,1700000.0
DW-001517,Jeep,Compass,2020,1593000.0,Automatic,48154.0,Diesel,Bangalore,7,6879.0,33.08,63.4,https://www.cardekho.com/used-car-details/used-Jeep-compass-20-limited-plus-4x4-at-cars-Bangalore_a6f9f950-b79a-4482-bf47-16856c68b051.htm,Good,82,9000,1173974.0,2582.74,1593000.0
DW-007729,Ford,Ecosport,2017,346140.0,Manual,70036.0,Petrol,Gurgaon,10,7004.0,4.94,-25.4,https://www.cardekho.com/used-car-details/used-Ford-ecosport-10-ecoboost-trend-plus-bsiv-cars-Gurgaon_6a122b67-f8c4-4348-9041-fb4160d3bb48.htm,Fair,19,22000,261201.0,574.64,346140.0
DW-004033,BMW,3 Series,2021,610000.0,Automatic,118763.0,Petrol,Chandigarh,6,19794.0,5.14,-59.3,https://www.cardekho.com/used-car-details/used-Bmw-3-series-petrol-cars-Chandigarh_037baabf-df18-481f-a088-1371316b95d7.htm,Fair,41,22000,440025.0,968.06,610000.0
DW-002448,Mercedes-Benz,GL-Class,2014,2450000.0,Automatic,111000.0,Diesel,Pune,13,8538.0,22.07,-8.4,https://www.cardekho.com/used-car-details/used-Mercedes-benz-gl-class-350-cdi-blue-efficiency-cars-Pune_895d756b-a595-4610-8a75-3303f2ab3e4b.htm,Fair,50,22000,2053142.0,4516.91,2450000.0
DW-008166,Mahindra,XUV700,2022,1336167.0,Automatic,29286.0,Petrol,Ghaziabad,5,5857.0,45.62,-23.6,https://www.cardekho.com/used-car-details/used-Mahindra-xuv700-ax5-5str-at-cars-Ghaziabad_8609a332-d106-4e09-8a06-272afd63e886.htm,Good,3,9000,1103398.0,2427.48,1336167.0
DW-005475,Mahindra,XUV300,2020,750000.0,Manual,76000.0,Petrol,Patna,7,10857.0,9.87,0.0,https://www.cardekho.com/used-car-details/used-Mahindra-xuv300-w8-option-bsvi-cars-Patna_276b4944-b850-425e-b3db-168517452d90.htm,Good,38,9000,549899.0,1209.78,750000.0
DW-004487,Hyundai,Aura,2020,527000.0,Automatic,52216.0,Diesel,Coimbatore,7,7459.0,10.09,-8.9,https://www.cardekho.com/used-car-details/used-Hyundai-aura-sx-plus-amt-diesel-cars-Coimbatore_0f719ff7-f691-4b93-be61-ae5309b83d5c.htm,Good,30,9000,420784.0,925.72,527000.0
DW-009213,Tata,Punch EV,2024,850000.0,Automatic,94000.0,Electric,Jodhpur,3,31333.0,9.04,-13.1,https://www.cardekho.com/used-car-details/used-Tata-punch-ev-adventure-lr-cars-Jodhpur_fb55dacf-dc10-4c2a-82c1-24ff2628dbd8.htm,Poor,52,45000,592949.0,1304.49,850000.0
DW-001161,Jeep,Compass,2018,875000.0,Automatic,36261.0,Petrol,Mumbai,9,4029.0,24.13,-10.3,https://www.cardekho.com/used-car-details/used-Jeep-compass-14-limited-plus-bsiv-cars-Mumbai_e88b7f7f-ce31-45bb-ab14-c5547fb13a69.htm,Fair,22,22000,670085.0,1474.19,875000.0
DW-000766,Audi,Q5,2026,5400000.0,Automatic,7100.0,Petrol,New Delhi,1,7100.0,760.56,80.6,https://www.cardekho.com/used-car-details/used-Audi-q5-premium-plus-cars-New-Delhi_951f0130-164b-4c1f-995b-178883f50fc1.htm?adId=35053&adType=41,Excellent,65,3000,4310369.0,9482.81,5400000.0
DW-005230,Mahindra,Bolero Power Plus,2018,590000.0,Manual,138000.0,Diesel,Nagpur,9,15333.0,4.28,-6.7,https://www.cardekho.com/used-car-details/used-Mahindra-bolero-power-plus-zlx-cars-Nagpur_65f15f57-58b4-4707-a06d-6fd63e7d82dc.htm,Fair,67,22000,464419.0,1021.72,590000.0
DW-001146,Nissan,Terrano,2016,495000.0,Manual,75242.0,Diesel,Mumbai,11,6840.0,6.58,34.7,https://www.cardekho.com/used-car-details/used-Nissan-terrano-xe-85-ps-cars-Mumbai_40986191-9df3-42c4-b7f0-49a30027ebf3.htm,Fair,81,22000,326315.0,717.89,495000.0
DW-003140,MG,Astor,2021,851000.0,Automatic,60282.0,Petrol,Ahmedabad,6,10047.0,14.12,-4.8,https://www.cardekho.com/used-car-details/used-Mg-astor-savvy-cvt-bsvi-cars-Ahmedabad_fd14c794-71b2-48eb-b3f1-bc504bb122d0.htm,Good,37,9000,614803.0,1352.57,851000.0
DW-003985,Renault,Duster,2015,239000.0,Manual,120000.0,Diesel,Chandigarh,12,10000.0,1.99,-38.7,https://www.cardekho.com/used-car-details/used-Renault-duster-110ps-diesel-rxl-cars-Chandigarh_c6d8bf62-aab4-4973-bf24-bc28fcb21871.htm,Fair,37,22000,170822.0,375.81,239000.0
DW-008811,Renault,Triber,2023,500000.0,Manual,150000.0,Petrol,Visakhapatnam,4,37500.0,3.33,10.5,https://www.cardekho.com/used-car-details/used-Renault-triber-rxl-bsvi-cars-Visakhapatnam_e78fe296-a93c-4960-9f25-6687660ead63.htm,Poor,90,45000,347264.0,763.98,500000.0
DW-010345,Hyundai,Creta,2016,574000.0,Manual,85200.0,Petrol,Mumbai,11,7745.0,6.74,-32.5,https://www.cardekho.com/used-car-details/used-Hyundai-creta-16-vtvt-sx-plus-cars-Mumbai_8121323a-8127-433f-a366-71e961e29deb.htm,Fair,28,22000,422472.0,929.44,574000.0
DW-006763,Hyundai,Creta,2018,875000.0,Manual,90000.0,Petrol,Rajkot,9,10000.0,9.72,2.9,https://www.cardekho.com/used-car-details/used-Hyundai-creta-16-vtvt-sx-plus-cars-Rajkot_af4f5387-b995-4e9c-b91d-3ee8a088e5d8.htm,Fair,63,22000,597746.0,1315.04,875000.0
DW-000837,Volvo,XC60,2020,3900000.0,Automatic,43500.0,Diesel,New Delhi,7,6214.0,89.66,14.9,https://www.cardekho.com/used-car-details/used-Volvo-xc60-inscription-d5-cars-New-Delhi_48311124-437f-4a0f-a583-96b0a62f4785.htm?adId=34278&adType=41,Good,45,9000,2924741.0,6434.43,3900000.0
DW-006569,Volkswagen,Vento,2018,745000.0,Automatic,124000.0,Diesel,Nashik,9,13778.0,6.01,79.5,https://www.cardekho.com/used-car-details/used-Volkswagen-vento-15-tdi-highline-plus-at-cars-Nashik_8c0c861a-311e-454f-87b5-6e9402384e82.htm,Fair,105,22000,596175.0,1311.58,745000.0
DW-001881,Volvo,XC90,2025,8900000.0,Automatic,20000.0,Petrol,Hyderabad,2,10000.0,445.0,128.2,https://www.cardekho.com/used-car-details/used-Volvo-xc90-b5-awd-mild-hybrid-ultra-cars-Hyderabad_234b5d8a-7146-4a6b-9406-80c9b6f50034.htm,Good,63,9000,6262242.0,13776.93,8900000.0
DW-005385,Nissan,Sunny,2013,345000.0,Manual,93000.0,Diesel,Nagpur,14,6643.0,3.71,25.5,https://www.cardekho.com/used-car-details/used-Nissan-sunny-diesel-xl-cars-Nagpur_46106096-38d1-4ee0-abe8-be7d5dd4647d.htm,Fair,83,22000,240016.0,528.04,345000.0
DW-003964,Volkswagen,Virtus,2024,1104020.0,Automatic,53700.0,Petrol,Chandigarh,3,17900.0,20.56,-7.3,https://www.cardekho.com/used-car-details/used-Volkswagen-virtus-topline-at-bsvi-cars-Chandigarh_9510b6ad-29e3-4b30-9cd5-84332799fa22.htm,Fair,41,22000,907333.0,1996.13,1104020.0
DW-000953,Honda,City,2012,225000.0,Manual,79000.0,Petrol,Mumbai,15,5267.0,2.85,-61.9,https://www.cardekho.com/used-car-details/used-Honda-city-s-cars-Mumbai_5c06190b-cc49-4fb4-88a3-2c47f1ba820b.htm?adId=31731&adType=41,Fair,22,22000,137217.0,301.88,225000.0
DW-002108,Mercedes-Benz,C-Class,2013,885000.0,Automatic,105956.0,Diesel,Chennai,14,7568.0,8.35,-57.7,https://www.cardekho.com/used-car-details/used-Mercedes-benz-c-class-220-cdi-at-cars-Chennai_017be035-de1b-427e-8eea-85ca009aaef7.htm,Fair,31,22000,697023.0,1533.45,885000.0
DW-008540,Hyundai,Grand i10,2017,428000.0,Manual,47418.0,Petrol,Mangalore,10,4742.0,9.03,17.9,https://www.cardekho.com/used-car-details/used-Hyundai-grand-i10-12-kappa-sportz-option-cars-Mangalore_0d634eaf-e356-41e6-8ed9-9dea6cc43dc0.htm,Fair,57,22000,294139.0,647.11,428000.0
DW-002271,Mahindra,Thar,2021,1000000.0,Automatic,30000.0,Petrol,Pune,6,5000.0,33.33,-17.2,https://www.cardekho.com/used-car-details/used-Mahindra-thar-lx-4wd-convert-top-at-bsvi-cars-Pune_1a76acb5-d8ea-400e-8004-bd9c08478c60.htm?adId=34236&adType=41,Good,7,9000,820991.0,1806.18,1000000.0
DW-004128,Jeep,Compass,2020,1199000.0,Automatic,47000.0,Petrol,New Delhi,7,6714.0,25.51,23.0,https://www.cardekho.com/used-car-details/used-Jeep-compass-14-limited-plus-cars-New-Delhi_69630709-fc6d-431d-8311-cc7767eab0f2.htm,Good,47,9000,964480.0,2121.86,1199000.0
DW-010428,Tata,Nexon,2021,705496.0,Manual,35742.0,Petrol,Navi Mumbai,6,5957.0,19.74,-0.1,https://www.cardekho.com/used-car-details/used-Tata-nexon-xz-plus-dualtone-roof-cars-Navi-Mumbai_b1db9f9c-6c30-46f1-b277-cfc5933453c0.htm,Good,33,9000,578576.0,1272.87,705496.0
DW-008586,Tata,Altroz,2023,707000.0,Manual,25926.0,Petrol,Mangalore,4,6482.0,27.27,23.0,https://www.cardekho.com/used-car-details/used-Tata-altroz-xz-cars-Mangalore_e8d10b00-e80d-4532-bf2e-6d3e1b7ea21a.htm,Excellent,41,3000,514799.0,1132.56,707000.0
DW-001786,Mercedes-Benz,GLA,2026,5499000.0,Automatic,400.0,Diesel,Hyderabad,1,400.0,13747.5,45.7,https://www.cardekho.com/used-car-details/used-Mercedes-benz-gla-220d-4matic-cars-Hyderabad_26627999-44f0-4c0b-a712-2ea41bab54e1.htm,Excellent,52,3000,4284537.0,9425.98,5499000.0
DW-001433,Mercedes-Benz,GLE,2024,10600000.0,Automatic,19714.0,Diesel,Bangalore,3,6571.0,537.69,94.5,https://www.cardekho.com/used-car-details/used-Mercedes-benz-gle-450d-4matic-cars-Bangalore_796e80d2-cf92-4907-844a-9d462458c69b.htm,Excellent,70,3000,8656039.0,19043.29,10600000.0
DW-000593,Toyota,Fortuner,2018,2290000.0,Manual,130000.0,Diesel,New Delhi,9,14444.0,17.62,-6.5,https://www.cardekho.com/used-car-details/used-Toyota-fortuner-28-4wd-mt-bsiv-cars-New-Delhi_af65a3c4-01d4-4a13-b3df-5ba5b1e31f01.htm,Fair,64,22000,1665398.0,3663.88,2290000.0
DW-005748,Maruti Suzuki,Swift Dzire,2019,565000.0,Manual,75000.0,Petrol,Vadodara,8,9375.0,7.53,43.8,https://www.cardekho.com/used-car-details/used-Maruti-swift-dzire-vxi-12-cars-Vadodara_8370e8b2-b244-4ff9-b9d8-82a5f443bf07.htm,Good,88,9000,406056.0,893.32,565000.0
DW-000470,Hyundai,Venue,2022,779000.0,Manual,15200.0,Petrol,Hyderabad,5,3040.0,51.25,9.5,https://www.cardekho.com/used-cars+in+hyderabad?pageNo=1,Good,29,9000,539476.0,1186.85,779000.0
DW-003652,Volkswagen,Virtus,2023,1077631.0,Manual,39244.0,Petrol,Lucknow,4,9811.0,27.46,-9.5,https://www.cardekho.com/used-car-details/used-Volkswagen-virtus-topline-cars-Lucknow_80b87d5a-22b0-4f3d-89f2-e96b1b709f70.htm,Good,27,9000,900281.0,1980.62,1077631.0
DW-003488,MG,Windsor EV,2025,1800000.0,Automatic,30000.0,Electric,Jaipur,2,15000.0,60.0,18.0,https://www.cardekho.com/used-car-details/used-Mg-windsor-ev-essence-pro-cars-Jaipur_d45647f0-1bde-4988-aa66-191adf38130c.htm,Fair,29,22000,1429705.0,3145.35,1800000.0
DW-005494,Toyota,Innova,2005,400000.0,Manual,60000.0,Diesel,Gaya,22,2727.0,6.67,-20.0,https://www.cardekho.com/used-car-details/used-Toyota-innova-25-e-cars-Gaya_5d1a5097-0c17-4c0c-8f0f-314ec18939a4.htm,Fair,23,22000,296134.0,651.49,400000.0
DW-008170,Mahindra,XUV300,2023,704579.0,Manual,27069.0,Diesel,Ghaziabad,4,6767.0,26.03,-6.1,https://www.cardekho.com/used-car-details/used-Mahindra-xuv300-w6-diesel-cars-Ghaziabad_8aee4289-fe42-498d-99e8-66edb635a77f.htm,Excellent,16,3000,568836.0,1251.44,704579.0
DW-009237,Mahindra,Scorpio,2022,1700000.0,Manual,90000.0,Diesel,Jodhpur,5,18000.0,18.89,75.3,https://www.cardekho.com/used-car-details/used-Mahindra-scorpio-s-11-bsvi-cars-Jodhpur_a2e9c2aa-d659-4d44-b9b6-37ef2ba6c739.htm,Fair,92,22000,1303561.0,2867.83,1700000.0
DW-009163,Honda,WR-V,2022,569857.0,Manual,85644.0,Petrol,Jodhpur,5,17129.0,6.65,0.6,https://www.cardekho.com/used-car-details/used-Honda-wr-v-i-vtec-s-cars-Jodhpur_3270250a-1eab-42fe-a4b2-4ed308da0e03.htm,Fair,44,22000,417599.0,918.72,569857.0
DW-002928,Tata,Nexon,2018,461000.0,Manual,120000.0,Diesel,Ahmedabad,9,13333.0,3.84,-34.7,https://www.cardekho.com/used-car-details/used-Tata-nexon-15-revotorq-xz-plus-cars-Ahmedabad_96f24842-c102-49be-872e-183cbb7c82d7.htm?adId=32210&adType=41,Fair,37,22000,331785.0,729.93,461000.0
DW-003351,Volkswagen,Vento,2018,450000.0,Manual,97000.0,Diesel,Jaipur,9,10778.0,4.64,8.4,https://www.cardekho.com/used-car-details/used-Volkswagen-vento-15-tdi-highline-plus-16-alloy-cars-Jaipur_c2b0009a-36d6-46c1-88cc-2ef27c2be56f.htm,Fair,66,22000,336230.0,739.71,450000.0
DW-004562,Volkswagen,Vento,2011,350000.0,Manual,71400.0,Petrol,Coimbatore,16,4462.0,4.9,-15.7,https://www.cardekho.com/used-car-details/used-Volkswagen-vento-petrol-highline-cars-Coimbatore_260e962d-7700-4642-a6ca-33a706e1480e.htm,Fair,23,22000,233581.0,513.88,350000.0
DW-000961,Honda,Amaze,2015,272030.0,Manual,71125.0,Petrol,Mumbai,12,5927.0,3.82,-39.5,https://www.cardekho.com/used-car-details/used-Honda-amaze-vx-i-vtech-cars-Mumbai_af2f29b4-2997-4537-9108-28d2cfa7e71f.htm,Fair,20,22000,204658.0,450.25,272030.0
DW-003439,BMW,7 Series,2024,13300000.0,Automatic,10000.0,Petrol,New Delhi,3,3333.0,1330.0,213.3,https://www.cardekho.com/used-car-details/used-Bmw-7-series-740i-m-sport-cars-New-Delhi_aee978e3-92d2-48c8-8490-577a2c47bf66.htm,Excellent,64,3000,10926446.0,24038.18,13300000.0
DW-006438,Maruti Suzuki,Baleno,2016,591000.0,Manual,70000.0,Diesel,Nashik,11,6364.0,8.44,19.0,https://www.cardekho.com/used-car-details/used-Maruti-baleno-13-zeta-cars-Nashik_94df9b6d-fa0f-4bba-bd37-5db78e48a98e.htm,Fair,56,22000,422689.0,929.92,591000.0
DW-004602,BMW,6 Series,2021,5950000.0,Automatic,41000.0,Diesel,Coimbatore,6,6833.0,145.12,64.2,https://www.cardekho.com/used-car-details/used-Bmw-6-series-gt-630d-m-sport-cars-Coimbatore_4abf770c-07c6-47b0-ba23-cab810c41b08.htm,Good,85,9000,4672409.0,10279.3,5950000.0
DW-005504,Honda,Amaze 2nd Gen,2021,480000.0,Manual,65000.0,Petrol,Patna,6,10833.0,7.38,-17.7,https://www.cardekho.com/used-car-details/used-Honda-amaze-2nd-gen-s-bsvi-cars-Patna_f6512ef8-2872-42f8-b378-8707b62a5c51.htm,Good,30,9000,337154.0,741.74,480000.0
DW-002860,Volvo,XC40,2021,2475000.0,Automatic,19400.0,Petrol,Kolkata,6,3233.0,127.58,-1.5,https://www.cardekho.com/used-car-details/used-Volvo-xc40-t4-r-design-cars-Kolkata_f1441e2e-dfa4-4a60-a653-cda685f6fe49.htm,Good,30,9000,2084484.0,4585.86,2475000.0
DW-000004,Jeep,Compass,2021,1248000.0,Automatic,62000.0,Petrol,Delhi,6,10333.0,20.13,28.0,https://www.cardekho.com/used-cars+in+delhi?pageNo=1,Good,61,9000,1033622.0,2273.97,1248000.0
DW-009062,Tata,Altroz,2022,594579.0,Manual,73105.0,Petrol,Ranchi,5,14621.0,8.13,3.4,https://www.cardekho.com/used-car-details/used-Tata-altroz-xz-cars-Ranchi_488ed5cb-e8ee-44ac-a4ac-5fa33c551b25.htm,Good,43,9000,489426.0,1076.74,594579.0
DW-007754,Mercedes-Benz,E-Class,2014,1250000.0,Automatic,32730.0,Petrol,Gurgaon,13,2518.0,38.19,-59.0,https://www.cardekho.com/used-car-details/used-Mercedes-benz-e-class-e-200-cars-Gurgaon_20de1ded-b5b2-49aa-896c-cb8601b174ec.htm,Fair,3,22000,915281.0,2013.62,1250000.0
DW-008920,Mahindra,Bolero,2016,450000.0,Manual,100000.0,Diesel,Guwahati,11,9091.0,4.5,-1.1,https://www.cardekho.com/used-car-details/used-Mahindra-bolero-slx-cars-Guwahati_0aa598f2-0094-4056-a037-17ef59ff0318.htm,Fair,56,22000,304417.0,669.72,450000.0
DW-002474,Audi,Q5,2010,850000.0,Automatic,72000.0,Diesel,Pune,17,4235.0,11.81,-71.6,https://www.cardekho.com/used-car-details/used-Audi-q5-30-tdi-quattro-cars-Pune_64bfecc1-16e7-40c3-85ba-2b200f859543.htm,Fair,21,22000,600001.0,1320.0,850000.0
DW-001884,Volvo,XC60,2012,599000.0,Automatic,149345.0,Diesel,Hyderabad,15,9956.0,4.01,-82.4,https://www.cardekho.com/used-car-details/used-Volvo-xc60-d3-kinetic-cars-Hyderabad_f76e817d-7cc3-4b0b-9ae7-848a28373fb4.htm,Fair,44,22000,405387.0,891.85,599000.0
DW-006819,Toyota,Hyryder,2023,1254000.0,Automatic,80000.0,Petrol,Jamnagar,4,20000.0,15.68,-14.7,https://www.cardekho.com/used-car-details/used-Toyota-hyryder-s-at-cars-Jamnagar_fb8db02a-0d92-4c92-aca8-97af5f67c524.htm,Fair,36,22000,878393.0,1932.46,1254000.0
DW-007915,Mahindra,Thar,2023,1125282.0,Automatic,40279.0,Petrol,Noida,4,10070.0,27.94,-6.9,https://www.cardekho.com/used-car-details/used-Mahindra-thar-lx-hard-top-at-cars-Noida_9ed43710-9b10-49f4-b178-eeec5eedcbb3.htm,Good,27,9000,790733.0,1739.61,1125282.0
DW-006955,Hyundai,Grand i10,2018,320000.0,Manual,40000.0,Diesel,Varanasi,9,4444.0,8.0,-11.8,https://www.cardekho.com/used-car-details/used-Hyundai-grand-i10-12-crdi-sportz-cars-Varanasi_416990eb-2592-4b8f-8037-1257a74036b3.htm,Fair,37,22000,249512.0,548.93,320000.0
DW-001656,Honda,City,2016,499999.0,Manual,90000.0,Diesel,Hyderabad,11,8182.0,5.56,-15.3,https://www.cardekho.com/used-car-details/used-Honda-city-i-dtec-s-cars-Hyderabad_02dd9876-7a15-4e57-839b-a81c44f4bfdb.htm,Fair,50,22000,333554.0,733.82,499999.0
DW-004540,Honda,City,2014,550000.0,Manual,111797.0,Diesel,Coimbatore,13,8600.0,4.92,-6.8,https://www.cardekho.com/used-car-details/used-Honda-city-i-dtec-vx-cars-Coimbatore_458faef5-119e-43b1-a0c4-3aaeecb4cace.htm,Fair,49,22000,373935.0,822.66,550000.0
DW-006735,Hyundai,EON,2018,233114.0,Manual,33009.0,Petrol,Rajkot,9,3668.0,7.06,11.8,https://www.cardekho.com/used-car-details/used-Hyundai-eon-magna-plus-cars-Rajkot_ff6c3650-389b-4192-bdab-a133c331f95b.htm,Fair,36,22000,170106.0,374.23,233114.0
DW-008217,Honda,Jazz,2015,199000.0,Manual,125021.0,Diesel,Ghaziabad,12,10418.0,1.59,-53.2,https://www.cardekho.com/used-car-details/used-Honda-jazz-15-sv-i-dtec-cars-Ghaziabad_2b120659-31dc-44d5-8363-25be1d7f2c1c.htm,Fair,32,22000,134620.0,296.16,199000.0
DW-005858,Renault,KWID,2021,334093.0,Manual,31148.0,Petrol,Vadodara,6,5191.0,10.73,28.5,https://www.cardekho.com/used-car-details/used-Renault-kwid-10-rxt-opt-cars-Vadodara_faf9540d-4136-4cd5-bd4b-e4e6ca416e42.htm,Good,47,9000,263674.0,580.08,334093.0
DW-005059,Skoda,Superb,2019,1350000.0,Automatic,111000.0,Petrol,Surat,8,13875.0,12.16,-10.1,https://www.cardekho.com/used-car-details/used-Skoda-superb-lk-18-tsi-at-cars-Surat_ae620e00-7346-4f2a-90ac-9f4a05ea7856.htm,Good,53,9000,1063760.0,2340.27,1350000.0
DW-006577,Volkswagen,Polo,2015,435000.0,Manual,77400.0,Diesel,Nashik,12,6450.0,5.62,10.1,https://www.cardekho.com/used-car-details/used-Volkswagen-polo-15-tdi-highline-cars-Nashik_6e00dbb4-173f-451b-b44a-bc20068d9513.htm,Fair,61,22000,340062.0,748.14,435000.0
DW-003523,Renault,Triber,2020,400000.0,Manual,70000.0,Petrol,Lucknow,7,10000.0,5.71,-11.6,https://www.cardekho.com/used-car-details/used-Renault-triber-rxl-bsiv-cars-Lucknow_4008a1d9-4d9b-4c30-bd7c-7b1cb0bfd9b6.htm?adId=34800&adType=41,Good,29,9000,309308.0,680.48,400000.0
DW-006538,Honda,Amaze,2013,370000.0,Manual,95000.0,Diesel,Nashik,14,6786.0,3.89,-17.8,https://www.cardekho.com/used-car-details/used-Honda-amaze-s-i-dtech-cars-Nashik_82dac218-2d1e-4380-896b-91aa0c0d5b2b.htm,Fair,35,22000,265978.0,585.15,370000.0
DW-000097,Hyundai,Grand i10,2014,395000.0,Manual,76035.0,Petrol,Chennai,13,5849.0,5.19,8.8,https://www.cardekho.com/used-cars+in+chennai?pageNo=4,Fair,40,22000,296730.0,652.81,395000.0
DW-010333,Maruti Suzuki,Celerio,2017,349000.0,Automatic,13800.0,Petrol,Mumbai,10,1380.0,25.29,2.6,https://www.cardekho.com/used-car-details/used-Maruti-celerio-zxi-at-optional-cars-Mumbai_e777d140-2ffd-4982-8d3a-4629f0455530.htm,Fair,22,22000,245721.0,540.59,349000.0
DW-006312,Renault,KWID,2017,226877.0,Automatic,40264.0,Petrol,Agra,10,4026.0,5.63,-12.7,https://www.cardekho.com/used-car-details/used-Renault-kwid-climber-10-amt-cars-Agra_f8064761-1a4b-4620-8f85-bc302cba751d.htm,Fair,15,22000,148591.0,326.9,226877.0
DW-010413,Hyundai,Grand i10,2014,228356.0,Manual,34817.0,Petrol,Thane,13,2678.0,6.56,-37.1,https://www.cardekho.com/used-car-details/used-Hyundai-grand-i10-sportz-cars-Thane_0bc25e89-f477-44ea-8315-5d7ec5515350.htm,Fair,3,22000,153868.0,338.51,228356.0
DW-001826,MG,Hector,2022,1407432.0,Manual,47041.0,Diesel,Hyderabad,5,9408.0,29.92,23.4,https://www.cardekho.com/buy-used-car-details/used-Mg-hector-20-sharp-pro-diesel-bsvi-cars-Hyderabad_3f8885e5-86c4-43b2-91d0-bbbfdc3602e1.htm,Good,47,9000,1012032.0,2226.47,1407432.0
DW-007730,Ford,Ecosport,2020,495000.0,Manual,50000.0,Petrol,New Delhi,7,7143.0,9.9,6.7,https://www.cardekho.com/used-car-details/used-Ford-ecosport-15-petrol-titanium-cars-New-Delhi_127192e3-2f6e-4973-8e49-3a000baae207.htm?adId=29387&adType=41,Good,40,9000,396645.0,872.62,495000.0
DW-000252,Hyundai,Grand i10,2015,283000.0,Manual,121920.0,Petrol,Jaipur,12,10160.0,2.32,-22.0,https://www.cardekho.com/used-cars+in+jaipur?pageNo=1,Fair,36,22000,187167.0,411.77,283000.0
DW-006506,Toyota,Fortuner,2013,1300000.0,Automatic,180000.0,Diesel,Nashik,14,12857.0,7.22,-46.9,https://www.cardekho.com/used-car-details/used-Toyota-fortuner-4x2-at-cars-Nashik_54fa3527-bed2-4e9e-b8e2-5035e5227100.htm,Fair,54,22000,917939.0,2019.47,1300000.0
DW-006785,Tata,Nexon,2021,700000.0,Manual,70000.0,Diesel,Rajkot,6,11667.0,10.0,-0.9,https://www.cardekho.com/used-car-details/used-Tata-nexon-xz-plus-o-diesel-cars-Rajkot_7d5b7a6c-2e7b-40f7-ac54-be7b7cb83ec1.htm,Good,55,9000,506867.0,1115.11,700000.0
DW-000304,Mahindra,XUV300,2021,600000.0,Manual,109034.0,Petrol,Kochi,6,18172.0,5.5,-20.0,https://www.cardekho.com/used-cars+in+kochi?pageNo=1,Fair,35,22000,473786.0,1042.33,600000.0
DW-001661,Kia,Seltos,2021,1100000.0,Automatic,90000.0,Petrol,Hyderabad,6,15000.0,12.22,0.0,https://www.cardekho.com/used-car-details/used-Kia-seltos-htx-ivt-g-cars-Hyderabad_faf31265-e050-4716-9bbc-2d88d5f38103.htm?adId=32148&adType=41,Fair,44,22000,802483.0,1765.46,1100000.0
DW-007776,Audi,A6,2021,2750000.0,Automatic,80000.0,Petrol,Gurgaon,6,13333.0,34.38,74.6,https://www.cardekho.com/used-car-details/used-Audi-a6-45-tfsi-technology-wo-matrix-bsvi-cars-Gurgaon_54a60aa0-449a-43c4-98d6-006c2eefab88.htm,Good,106,9000,2198996.0,4837.79,2750000.0
DW-006888,Renault,KWID,2018,190000.0,Manual,60000.0,Petrol,Junagadh,9,6667.0,3.17,-26.9,https://www.cardekho.com/used-car-details/used-Renault-kwid-10-rxl-cars-Junagadh_2b68aeb8-12de-4381-8cf1-533711aa43c4.htm,Fair,35,22000,135408.0,297.9,190000.0
DW-001374,Renault,KWID,2021,331247.0,Manual,28045.0,Petrol,Bangalore,6,4674.0,11.81,27.4,https://www.cardekho.com/used-car-details/used-Renault-kwid-10-rxt-opt-cars-Bangalore_0487e99a-53d4-40f0-96c5-0610486b8ec1.htm,Good,41,9000,226736.0,498.82,331247.0
DW-006240,Mahindra,Thar,2024,1100000.0,Manual,100000.0,Petrol,Agra,3,33333.0,11.0,-9.0,https://www.cardekho.com/used-car-details/used-Mahindra-thar-lx-hard-top-cars-Agra_aad6be55-c278-438d-aa50-e6f97767b1f9.htm,Poor,46,45000,851229.0,1872.7,1100000.0
DW-003498,Nissan,Magnite,2023,450000.0,Manual,78000.0,Petrol,Jaipur,4,19500.0,5.77,-18.2,https://www.cardekho.com/used-car-details/used-Nissan-magnite-xe-cars-Jaipur_48b63f08-9e24-4346-986e-2233cb15f8d5.htm,Fair,34,22000,313767.0,690.29,450000.0
DW-008149,Tata,Nexon,2022,720000.0,Manual,60000.0,Petrol,Ghaziabad,5,12000.0,12.0,1.9,https://www.cardekho.com/used-car-details/used-Tata-nexon-xz-plus-p-jet-edition-cars-Ghaziabad_eda9951d-5017-4ba2-8b7e-dcec28ef8072.htm?adId=31549&adType=41,Good,51,9000,518395.0,1140.47,720000.0
DW-007154,Maruti Suzuki,Swift,2022,650000.0,Manual,40000.0,Petrol,Aurangabad,5,8000.0,16.25,39.3,https://www.cardekho.com/used-car-details/used-Maruti-swift-vxi-bsvi-cars-Aurangabad_f41f37ba-da24-455e-8e10-8f7bd7a047d0.htm,Good,57,9000,513168.0,1128.97,650000.0
DW-000120,BMW,5 Series,2024,6700000.0,Automatic,3361.0,Petrol,Delhi,3,1120.0,1993.45,165.3,https://www.cardekho.com/used-cars+in+delhi?pageNo=1,Excellent,63,3000,5601346.0,12322.96,6700000.0
DW-006046,Kia,Seltos,2023,1100000.0,Automatic,40000.0,Diesel,Ludhiana,4,10000.0,27.5,0.0,https://www.cardekho.com/used-car-details/used-Kia-seltos-hte-diesel-imt-cars-Ludhiana_42b079c9-0bfa-4db6-abdd-33554d6037ad.htm,Good,36,9000,809678.0,1781.29,1100000.0
DW-005170,Jeep,Compass,2017,679999.0,Manual,90000.0,Diesel,Surat,10,9000.0,7.56,-30.3,https://www.cardekho.com/used-car-details/used-Jeep-compass-20-longitude-bsiv-cars-Surat_51ba1298-0ab5-4ba0-b8ed-0e06e79edea5.htm,Fair,30,22000,512020.0,1126.44,679999.0
DW-009604,Renault,KWID,2019,217139.0,Manual,44944.0,Petrol,New Delhi,8,5618.0,4.83,-16.5,https://www.cardekho.com/used-car-details/used-Renault-kwid-rxl-cars-New-Delhi_3825e68d-bc02-4be0-b54e-35ff44632232.htm,Good,18,9000,152437.0,335.36,217139.0
DW-005152,Nissan,Magnite,2023,500000.0,Manual,50000.0,Petrol,Surat,4,12500.0,10.0,-9.1,https://www.cardekho.com/used-car-details/used-Nissan-magnite-xe-cars-Surat_3715b42c-a4b5-4752-89b4-f5835ae4aa47.htm,Good,27,9000,382571.0,841.66,500000.0
DW-002590,Tata,Punch,2023,656000.0,Manual,7000.0,Petrol,Kolkata,4,1750.0,93.71,7.5,https://www.cardekho.com/used-car-details/used-Tata-punch-adventure-rhythm-bsvi-cars-Kolkata_390b6d72-6134-4ce7-bb07-311dbc24516f.htm?adId=32630&adType=41,Excellent,16,3000,517391.0,1138.26,656000.0
DW-004065,Audi,Q3,2013,685000.0,Automatic,128000.0,Diesel,Chandigarh,14,9143.0,5.35,-52.3,https://www.cardekho.com/used-car-details/used-Audi-q3-20-tdi-cars-Chandigarh_ec99982f-4424-46dd-8576-9cdff96474f1.htm,Fair,41,22000,520212.0,1144.47,685000.0
DW-003379,Renault,Duster,2020,656470.0,Automatic,60675.0,Petrol,Jaipur,7,8668.0,10.82,68.3,https://www.cardekho.com/used-car-details/used-Renault-duster-petrol-rxs-cvt-cars-Jaipur_1df3d0c2-5a9b-4a32-a9a1-beea65f3cac5.htm,Good,86,9000,511930.0,1126.25,656470.0
DW-006830,Honda,WR-V,2017,500000.0,Manual,150000.0,Diesel,Rajkot,10,15000.0,3.33,-11.7,https://www.cardekho.com/used-car-details/used-Honda-wr-v-i-dtec-vx-cars-Rajkot_c98d80f4-0bc9-433b-9440-623c646824d1.htm,Fair,67,22000,338131.0,743.89,500000.0
DW-001792,Mercedes-Benz,GLC,2021,4095000.0,Automatic,59800.0,Diesel,Hyderabad,6,9967.0,68.48,-6.9,https://www.cardekho.com/used-car-details/used-Mercedes-benz-glc-220d-4matic-cars-Hyderabad_a7e15a90-fb2f-47f1-bec4-95bd45d855f6.htm,Good,30,9000,3283507.0,7223.72,4095000.0
DW-005397,Jeep,Compass,2017,850000.0,Manual,90000.0,Diesel,Nagpur,10,9000.0,9.44,-12.8,https://www.cardekho.com/used-car-details/used-Jeep-compass-20-limited-cars-Nagpur_daa36b08-b601-4ebf-8436-c2353de54c53.htm,Fair,44,22000,659031.0,1449.87,850000.0
DW-004984,Honda,Jazz,2017,341936.0,Manual,60277.0,Petrol,Surat,10,6028.0,5.67,-19.5,https://www.cardekho.com/used-car-details/used-Honda-jazz-12-s-i-vtec-cars-Surat_e034b7fe-1224-4c82-8af4-32db3b2c4a9c.htm,Fair,30,22000,252365.0,555.2,341936.0
DW-005472,Mahindra,Scorpio,2019,950000.0,Manual,160000.0,Diesel,Patna,8,20000.0,5.94,-2.1,https://www.cardekho.com/used-car-details/used-Mahindra-scorpio-s9-bsiv-cars-Patna_18ffc24b-d516-400d-a5b1-e1cc972bb7c5.htm?adId=31150&adType=41,Fair,78,22000,653555.0,1437.82,950000.0
DW-003835,Maruti Suzuki,Swift,2023,1300896.0,Manual,46128.0,CNG,Chandigarh,4,11532.0,28.2,178.9,https://www.cardekho.com/used-car-details/used-Maruti-swift-zxi-cng-cars-Chandigarh_70fbf088-b29f-45e0-b80c-091228f271b5.htm,Good,84,9000,988821.0,2175.41,1300896.0
DW-005181,Volvo,XC90,2013,700000.0,Manual,120000.0,Diesel,Surat,14,8571.0,5.83,-82.1,https://www.cardekho.com/used-car-details/used-Volvo-xc90-d5-awd-cars-Surat_a6d765ea-fd2f-4e14-af5d-19a57d71b0c9.htm,Fair,39,22000,510949.0,1124.09,700000.0
DW-000451,Volkswagen,CrossPolo,2013,240000.0,Manual,91262.0,Diesel,Chennai,14,6519.0,2.63,-5.9,https://www.cardekho.com/used-cars+in+chennai?pageNo=1,Fair,47,22000,149122.0,328.07,240000.0
DW-001596,Tata,Safari Storme,2014,460000.0,Manual,80000.0,Diesel,Hyderabad,13,6154.0,5.75,-4.2,https://www.cardekho.com/used-car-details/used-Tata-safari-storme-ex-cars-Hyderabad_f16f78d5-20cc-4e0e-8747-93462944c8df.htm,Fair,39,22000,315343.0,693.75,460000.0
DW-001852,Jeep,Meridian,2023,2800000.0,Automatic,50000.0,Diesel,Hyderabad,4,12500.0,56.0,14.4,https://www.cardekho.com/used-car-details/used-Jeep-meridian-limited-opt-at-bsvi-cars-Hyderabad_c5f75bfb-6017-43d9-83c9-5a6e65e8a223.htm?adId=34397&adType=41,Good,48,9000,2136204.0,4699.65,2800000.0
DW-004853,MG,Hector,2023,1500000.0,Automatic,20980.0,Petrol,Indore,4,5245.0,71.5,31.5,https://www.cardekho.com/used-car-details/used-Mg-hector-15-turbo-sharp-pro-cvt-bsvi-cars-Indore_95abbbdb-6301-4bc5-bd37-f91ba18ca6f1.htm,Excellent,48,3000,1214154.0,2671.14,1500000.0
DW-001454,Audi,Q7,2016,2875000.0,Automatic,87000.0,Diesel,Bangalore,11,7909.0,33.05,1.1,https://www.cardekho.com/used-car-details/used-Audi-q7-45-tdi-quattro-premium-plus-cars-Bangalore_a3489b7d-b746-47d9-927b-44327eaab253.htm,Fair,63,22000,2092733.0,4604.01,2875000.0
DW-001480,MG,Hector,2021,1276976.0,Automatic,58156.0,Petrol,Bangalore,6,9693.0,21.96,11.9,https://www.cardekho.com/used-car-details/used-Mg-hector-sharp-cvt-cars-Bangalore_943683f5-baf4-438b-b8ef-02d112c0bbfe.htm,Good,57,9000,1043819.0,2296.4,1276976.0
DW-004443,Jeep,Meridian,2022,2690000.0,Automatic,39456.0,Diesel,Coimbatore,5,7891.0,68.18,9.9,https://www.cardekho.com/used-car-details/used-Jeep-meridian-limited-opt-at-bsvi-cars-Coimbatore_4e59c665-b95d-4e99-aca8-eb9a5f5c0237.htm,Good,41,9000,2094230.0,4607.31,2690000.0
DW-005457,Tata,Nexon,2022,750000.0,Manual,66000.0,Petrol,Patna,5,13200.0,11.36,6.2,https://www.cardekho.com/used-car-details/used-Tata-nexon-xz-2020-2022-cars-Patna_a3440d73-a553-49ee-a838-27c7bbb025f3.htm?adId=30320&adType=41,Good,42,9000,601547.0,1323.4,750000.0
DW-006174,Hyundai,Venue,2023,780000.0,Manual,10000.0,Petrol,Agra,4,2500.0,78.0,9.7,https://www.cardekho.com/used-car-details/used-Hyundai-venue-s-2023-2025-cars-Agra_b878df4a-6f6a-476d-b45a-ca43ca3ef7d9.htm?adId=33707&adType=41,Excellent,20,3000,598289.0,1316.24,780000.0
DW-008488,Renault,KWID,2016,198474.0,Manual,42347.0,Petrol,Karnal,11,3850.0,4.69,-23.7,https://www.cardekho.com/used-car-details/used-Renault-kwid-rxl-cars-Karnal_f49f4d56-1979-44c9-af81-473ca3be4033.htm,Fair,20,22000,131793.0,289.94,198474.0
DW-009291,Renault,Duster,2016,350000.0,Manual,160000.0,Diesel,Jodhpur,11,14545.0,2.19,-10.3,https://www.cardekho.com/used-car-details/used-Renault-duster-110ps-diesel-rxz-plus-cars-Jodhpur_afb57220-cd1a-40ab-95fd-d4ceead9621c.htm,Fair,72,22000,255535.0,562.18,350000.0
DW-007613,Mahindra,XUV700,2021,1425023.0,Automatic,68627.0,Petrol,Gurgaon,6,11438.0,20.76,-18.6,https://www.cardekho.com/used-car-details/used-Mahindra-xuv700-ax7-at-luxury-pack-bsvi-cars-Gurgaon_838d976e-95e2-4810-adf2-74f4d7b72c84.htm,Good,30,9000,1186873.0,2611.12,1425023.0
DW-008483,Renault,Duster,2012,225000.0,Manual,100000.0,Diesel,Dehradun,15,6667.0,2.25,-42.3,https://www.cardekho.com/used-car-details/used-Renault-duster-110ps-diesel-rxz-cars-Dehradun_e1a16b4d-baf4-465c-8afe-6a00ef5bd814.htm,Fair,21,22000,152099.0,334.62,225000.0
DW-005582,Maruti Suzuki,Alto K10,2024,465760.0,Manual,7381.0,Petrol,Bhopal,3,2460.0,63.1,69.4,https://www.cardekho.com/used-car-details/used-Maruti-alto-k10-vxi-plus-o-cars-Bhopal_8add254f-e15c-4fe7-8c1d-7eb0fd4222fa.htm,Excellent,72,3000,359966.0,791.93,465760.0
DW-008628,Honda,Amaze,2016,327579.0,Manual,65040.0,Petrol,Mangalore,11,5913.0,5.04,-27.2,https://www.cardekho.com/used-car-details/used-Honda-amaze-v-cars-Mangalore_68368320-2800-4592-a02b-b62a1d2a74a9.htm,Fair,22,22000,236886.0,521.15,327579.0
DW-003106,Mercedes-Benz,GLA,2023,3750000.0,Automatic,54000.0,Diesel,Ahmedabad,4,13500.0,69.44,-0.7,https://www.cardekho.com/used-car-details/used-Mercedes-benz-gla-200d-4matic-cars-Ahmedabad_a7970a5c-4cc0-4710-a3ef-25e7ce93833c.htm,Good,29,9000,3030852.0,6667.87,3750000.0
DW-008333,Nissan,Magnite,2023,646139.0,Automatic,29280.0,Petrol,Ghaziabad,4,7320.0,22.07,17.5,https://www.cardekho.com/used-car-details/used-Nissan-magnite-turbo-cvt-xv-premium-cars-Ghaziabad_fe595184-7cbd-4db9-99d5-8836116d04f2.htm,Excellent,38,3000,456261.0,1003.77,646139.0
DW-006631,Ford,Endeavour,2018,2400000.0,Automatic,110410.0,Diesel,Nashik,9,12268.0,21.74,20.0,https://www.cardekho.com/used-car-details/used-Ford-endeavour-22-titanium-at-4x2-cars-Nashik_76c57f72-3bc5-48a9-a1d2-2780f4b78978.htm,Fair,77,22000,1843647.0,4056.02,2400000.0
DW-005765,Maruti Suzuki,Alto 800,2019,235176.0,Manual,27434.0,Petrol,Vadodara,8,3429.0,8.57,-5.9,https://www.cardekho.com/buy-used-car-details/used-Maruti-alto-800-lxi-cars-Vadodara_df2b7c13-be1d-4d48-807e-3107a68ba62c.htm,Good,22,9000,172612.0,379.75,235176.0
DW-003617,Toyota,Innova Hycross,2025,2949999.0,Automatic,68377.0,Petrol,Lucknow,2,34188.0,43.14,-6.2,https://www.cardekho.com/used-car-details/used-Toyota-innova-hycross-vx-7str-hybrid-cars-Lucknow_ab9c8b0b-14d4-489b-8619-d5d0bd314d8a.htm,Poor,36,45000,2427845.0,5341.26,2949999.0
DW-006568,Volkswagen,Ameo,2019,585000.0,Manual,107000.0,Diesel,Nashik,8,13375.0,5.47,51.2,https://www.cardekho.com/used-car-details/used-Volkswagen-ameo-15-tdi-highline-plus-cars-Nashik_5773f9aa-c928-44b2-8174-d0fe864baa44.htm,Good,98,9000,443805.0,976.37,585000.0
DW-007294,Skoda,Rapid,2015,545000.0,Automatic,75000.0,Diesel,Pune,12,6250.0,7.27,11.2,https://www.cardekho.com/used-car-details/used-Skoda-rapid-15-tdi-at-ambition-cars-Pune_6c94fc99-c784-42d5-be47-a5aaa9405ea5.htm,Fair,52,22000,397785.0,875.13,545000.0
DW-004368,BMW,X5,2019,4900000.0,Automatic,40000.0,Diesel,Coimbatore,8,5000.0,122.5,53.1,https://www.cardekho.com/used-car-details/used-Bmw-x5-xdrive-30d-xline-cars-Coimbatore_ce48b43a-1ac7-4ccd-80c7-c25d3af5d0db.htm,Good,74,9000,4128217.0,9082.08,4900000.0
DW-004635,Tata,Nexon,2015,252140.0,Automatic,93893.0,Diesel,Indore,12,7824.0,2.69,-64.3,https://www.cardekho.com/used-car-details/used-Tata-nexon-xma-plus-s-amt-diesel-cars-Indore_2ede1e77-8618-4df7-a3e0-7ddde03d57c7.htm,Fair,37,22000,171539.0,377.39,252140.0
DW-009973,Volkswagen,Virtus,2024,1150000.0,Automatic,13013.0,Petrol,New Delhi,3,4338.0,88.37,-3.4,https://www.cardekho.com/used-car-details/used-Volkswagen-virtus-highline-at-cars-New-Delhi_798f16be-4b9e-46e3-90ae-593bfef5f1cc.htm,Excellent,3,3000,833203.0,1833.05,1150000.0
DW-006177,Maruti Suzuki,XL6,2023,916579.0,Manual,56352.0,Petrol,Agra,4,14088.0,16.27,1.1,https://www.cardekho.com/used-car-details/used-Maruti-xl6-zeta-cars-Agra_b249dc4a-6829-41ed-ab4d-52b73ffe23a2.htm,Good,37,9000,662428.0,1457.34,916579.0
DW-010065,Ford,Endeavour,2021,2275000.0,Automatic,112085.0,Diesel,New Delhi,6,18681.0,20.3,13.8,https://www.cardekho.com/used-car-details/used-Ford-endeavour-titanium-plus-4x4-at-cars-New-Delhi_a65b46b6-bf73-42d1-8682-36a51bdf65eb.htm,Fair,72,22000,1602983.0,3526.56,2275000.0
DW-001196,Maruti Suzuki,Alto 800,2016,282000.0,Manual,77999.0,Petrol,Bangalore,11,7091.0,3.62,12.8,https://www.cardekho.com/used-car-details/used-Maruti-alto-800-vxi-cars-Bangalore_f097d5e0-9593-4d90-b28d-5b1e20af8c12.htm,Fair,58,22000,175424.0,385.93,282000.0
DW-008366,Mahindra,XUV500,2018,790000.0,Automatic,96000.0,Diesel,Dehradun,9,10667.0,8.23,17.0,https://www.cardekho.com/used-car-details/used-Mahindra-xuv500-at-w10-fwd-cars-Dehradun_8866f711-e9a9-4045-9b3e-40c9c0df0875.htm,Fair,65,22000,582186.0,1280.81,790000.0
DW-010202,Maruti Suzuki,Swift,2018,525000.0,Automatic,61000.0,Petrol,Mumbai,9,6778.0,8.61,12.5,https://www.cardekho.com/used-car-details/used-Maruti-swift-amt-vxi-bsiv-cars-Mumbai_abd9236d-c5dc-48c5-96e5-6966253fe274.htm,Fair,39,22000,406078.0,893.37,525000.0
DW-000933,Toyota,Fortuner,2023,2990000.0,Manual,39000.0,Diesel,Mumbai,4,9750.0,76.67,22.0,https://www.cardekho.com/used-car-details/used-Toyota-fortuner-4x2-diesel-cars-Mumbai_9f48c7f6-a479-49c9-b0bc-7a7e1a617bf2.htm,Good,50,9000,2412960.0,5308.51,2990000.0
DW-002603,Mahindra,Scorpio N,2025,1849111.0,Manual,35000.0,Diesel,Kolkata,2,17500.0,52.83,-0.0,https://www.cardekho.com/used-car-details/used-Mahindra-scorpio-n-z8-diesel-cars-Kolkata_13c5c416-49ff-444f-bcb0-b0a43738f38f.htm,Fair,39,22000,1281295.0,2818.85,1849111.0
DW-010190,Audi,A6,2020,2700000.0,Automatic,90000.0,Petrol,New Delhi,7,12857.0,30.0,71.4,https://www.cardekho.com/used-car-details/used-Audi-a6-45-tfsi-technology-wo-matrix-bsvi-cars-New-Delhi_9bc2039e-fe1b-4334-bfa2-21a93e409180.htm,Good,90,9000,2111843.0,4646.05,2700000.0
DW-006496,Mahindra,XUV500,2011,575000.0,Manual,80428.0,Diesel,Nashik,16,5027.0,7.15,-14.8,https://www.cardekho.com/used-car-details/used-Mahindra-xuv500-w8-fwd-cars-Nashik_75f5c811-e9ac-4e83-bdf8-e830cdea385c.htm,Fair,41,22000,393807.0,866.38,575000.0
DW-005146,Nissan,Magnite,2022,601500.0,Automatic,44865.0,Petrol,Surat,5,8973.0,13.41,9.3,https://www.cardekho.com/buy-used-car-details/used-Nissan-magnite-turbo-cvt-xv-bsvi-cars-Surat_8c2eff15-dd2e-4c9c-9d7a-292603301a62.htm,Good,38,9000,496959.0,1093.31,601500.0
DW-007838,Volvo,S60,2021,2674999.0,Automatic,26000.0,Petrol,New Delhi,6,4333.0,102.88,105.7,https://www.cardekho.com/used-car-details/used-Volvo-s60-t4-inscription-cars-New-Delhi_53548107-aa35-42ba-bf16-1aa629baa9c0.htm,Good,73,9000,1930654.0,4247.44,2674999.0
DW-002013,Kia,Seltos,2024,1850000.0,Automatic,20000.0,Diesel,Chennai,3,6667.0,92.5,68.2,https://www.cardekho.com/used-car-details/used-Kia-seltos-gtx-plus-diesel-at-cars-Chennai_5e74f970-a0a2-4806-836e-e956d7405642.htm,Excellent,65,3000,1465892.0,3224.96,1850000.0
DW-005028,Renault,Kiger,2022,526224.0,Manual,70364.0,Petrol,Surat,5,14073.0,7.48,-1.1,https://www.cardekho.com/used-car-details/used-Renault-kiger-rxz-cars-Surat_9b382735-3999-4243-8bd8-272f926842ad.htm,Good,40,9000,385108.0,847.24,526224.0
DW-007179,Tata,Nexon,2025,1400000.0,Automatic,10000.0,Petrol,Aurangabad,2,5000.0,140.0,98.2,https://www.cardekho.com/used-car-details/used-Tata-nexon-fearless-plus-a-ps-dark-dca-cars-Aurangabad_7116fb24-8869-403b-b9c3-04d077ecb041.htm?adId=29458&adType=41,Excellent,75,3000,1111728.0,2445.8,1400000.0
DW-004982,Honda,City,2021,950000.0,Automatic,80218.0,Petrol,Surat,6,13370.0,11.84,61.0,https://www.cardekho.com/used-car-details/used-Honda-city-v-cvt-cars-Surat_3e763076-4d21-4cec-9678-1a1ced4784b7.htm,Good,99,9000,714747.0,1572.44,950000.0
DW-008828,MG,Hector,2020,1050000.0,Manual,120000.0,Diesel,Srikakulam,7,17143.0,8.75,-8.0,https://www.cardekho.com/used-car-details/used-Mg-hector-sharp-diesel-mt-cars-Srikakulam_9f80e9fc-09d2-4fab-9071-bc0506d7b239.htm,Fair,67,22000,832644.0,1831.82,1050000.0
DW-004555,Volkswagen,Vento,2018,790000.0,Automatic,105494.0,Diesel,Coimbatore,9,11722.0,7.49,90.4,https://www.cardekho.com/used-car-details/used-Volkswagen-vento-15-tdi-highline-at-cars-Coimbatore_411a4e72-2c93-4674-b6f5-985c1467c561.htm,Fair,112,22000,558335.0,1228.34,790000.0
DW-004522,Mahindra,Thar,2022,1460000.0,Automatic,80000.0,Diesel,Coimbatore,5,16000.0,18.25,20.8,https://www.cardekho.com/used-car-details/used-Mahindra-thar-lx-4wd-hard-top-diesel-at-bsvi-cars-Coimbatore_7d620a99-81bc-40b8-b484-be3bae46527e.htm,Fair,66,22000,1198368.0,2636.41,1460000.0
DW-003003,Kia,Sonet,2023,990000.0,Automatic,52000.0,Petrol,Ahmedabad,4,13000.0,19.04,13.5,https://www.cardekho.com/used-car-details/used-Kia-sonet-htx-turbo-dct-bsvi-cars-Ahmedabad_1529f25c-f2b6-46d5-a702-54e2115bee43.htm,Good,57,9000,758281.0,1668.22,990000.0
DW-007316,BMW,X5,2022,6375000.0,Automatic,51500.0,Diesel,Mumbai,5,10300.0,123.79,99.2,https://www.cardekho.com/used-car-details/used-Bmw-x5-xdrive-30d-xline-cars-Mumbai_2657d7d3-0459-480b-a738-3313314d70ca.htm,Good,86,9000,5176514.0,11388.33,6375000.0
DW-002378,Renault,KWID,2020,339000.0,Manual,83000.0,Petrol,Pune,7,11857.0,4.08,30.4,https://www.cardekho.com/used-car-details/used-Renault-kwid-10-rxt-opt-bsiv-cars-Pune_8f756f4d-ed5f-48d7-aa6c-665cbcf284a2.htm,Good,77,9000,271509.0,597.32,339000.0
DW-005936,MG,Hector,2023,1150000.0,Manual,23000.0,Petrol,Ludhiana,4,5750.0,50.0,0.8,https://www.cardekho.com/used-car-details/used-Mg-hector-shine-mt-cars-Ludhiana_6396fae5-388e-4b83-b687-8d7e6eef1b8a.htm?adId=34338&adType=41,Excellent,23,3000,974298.0,2143.46,1150000.0
DW-007052,Honda,Amaze,2020,450000.0,Manual,120000.0,Petrol,Allahabad,7,17143.0,3.75,0.0,https://www.cardekho.com/used-car-details/used-Honda-amaze-s-petrol-bsiv-cars-Allahabad_e1204fe6-97cf-4dec-93e1-029675d2a079.htm,Fair,63,22000,308116.0,677.86,450000.0
DW-005683,Volkswagen,Polo,2010,250000.0,Manual,120000.0,Petrol,Bhopal,17,7059.0,2.08,-36.7,https://www.cardekho.com/used-car-details/used-Volkswagen-polo-petrol-comfortline-12l-cars-Bhopal_f8b2e34c-be86-4feb-9f88-a198ec4e5786.htm,Fair,35,22000,163758.0,360.27,250000.0
DW-006500,Mahindra,TUV 300,2017,675000.0,Manual,70000.0,Diesel,Nashik,10,7000.0,9.64,28.9,https://www.cardekho.com/used-car-details/used-Mahindra-tuv-300-t8-cars-Nashik_a8f805d1-f2fa-47c7-add0-2af59098f825.htm,Fair,72,22000,475856.0,1046.88,675000.0
DW-001499,Nissan,Micra,2011,225000.0,Manual,120122.0,Petrol,Bangalore,16,7508.0,1.87,-21.1,https://www.cardekho.com/used-car-details/used-Nissan-micra-xl-cars-Bangalore_febbc59b-ef44-4d10-8d87-53e997883c75.htm,Fair,39,22000,144372.0,317.62,225000.0
DW-000108,Audi,A4,2015,1675000.0,Automatic,35500.0,Diesel,Hyderabad,12,2958.0,47.18,-0.2,https://www.cardekho.com/used-cars+in+hyderabad?pageNo=1,Fair,34,22000,1296839.0,2853.05,1675000.0
DW-008350,Volvo,XC90,2016,2500000.0,Automatic,160000.0,Diesel,Ghaziabad,11,14545.0,15.62,-35.9,https://www.cardekho.com/used-car-details/used-Volvo-xc90-d5-momentum-bsiv-cars-Ghaziabad_4967c901-bfdc-4c43-bb28-8a4059eeaeb9.htm,Fair,54,22000,2100571.0,4621.26,2500000.0
DW-010274,Maruti Suzuki,Brezza,2023,1100000.0,Manual,35000.0,CNG,Vashi,4,8750.0,31.43,22.6,https://www.cardekho.com/used-car-details/used-Maruti-brezza-zxi-cng-cars-Vashi_b4edfb83-543f-45eb-872b-d384dc8ac3c2.htm,Excellent,54,3000,930396.0,2046.87,1100000.0
DW-006852,Kia,Seltos,2021,1125000.0,Manual,94000.0,Diesel,Rajkot,6,15667.0,11.97,2.3,https://www.cardekho.com/used-car-details/used-Kia-seltos-htk-plus-d-cars-Rajkot_10a2b494-3b27-42cf-834d-0462d1b58514.htm,Fair,59,22000,854393.0,1879.66,1125000.0
DW-004129,Jeep,Compass,2018,815000.0,Automatic,40000.0,Petrol,Mohali,9,4444.0,20.38,-16.4,https://www.cardekho.com/used-car-details/used-Jeep-compass-14-limited-option-cars-Mohali_1b33efaa-af17-403b-9215-0a1e6f831f7e.htm,Fair,29,22000,626621.0,1378.57,815000.0
DW-006921,Audi,Q3,2017,1100000.0,Automatic,122000.0,Diesel,Jamnagar,10,12200.0,9.02,-23.5,https://www.cardekho.com/used-car-details/used-Audi-q3-35-tdi-quattro-premium-cars-Jamnagar_7ac1588b-6114-47bc-8f09-c2b21c29a278.htm,Fair,49,22000,889895.0,1957.77,1100000.0
DW-008882,Hyundai,i20,2013,200000.0,Manual,150000.0,Diesel,Guwahati,14,10714.0,1.33,-57.1,https://www.cardekho.com/used-car-details/used-Hyundai-i20-sportz-14-crdi-cars-Guwahati_5ea759ef-ab1a-451d-b912-2b15265208b6.htm,Fair,42,22000,145988.0,321.17,200000.0
DW-009646,Hyundai,Verna,2018,595000.0,Manual,84000.0,Petrol,New Delhi,9,9333.0,7.08,-9.6,https://www.cardekho.com/used-car-details/used-Hyundai-verna-vtvt-16-sx-cars-New-Delhi_a78aecb5-e3ce-4f2f-847c-a6e5277b5b73.htm,Fair,41,22000,412695.0,907.93,595000.0
DW-005886,Ford,Aspire,2017,650000.0,Manual,170108.0,Diesel,Vadodara,10,17011.0,3.82,80.6,https://www.cardekho.com/buy-used-car-details/used-Ford-aspire-15-tdci-ambiente-cars-Vadodara_471a0512-aa5a-44b9-be66-8f727df79601.htm,Fair,124,22000,484533.0,1065.97,650000.0
DW-001607,Mahindra,XUV700,2022,1463783.0,Manual,25871.0,Petrol,Hyderabad,5,5174.0,56.58,-16.4,https://www.cardekho.com/used-car-details/used-Mahindra-xuv700-ax5-5str-cars-Hyderabad_7993eb31-9ec1-4e84-8146-57d59e85b530.htm,Good,9,9000,1198512.0,2636.73,1463783.0
DW-002237,Maruti Suzuki,Dzire,2014,351236.0,Manual,59143.0,Petrol,Pune,13,4549.0,5.94,-42.8,https://www.cardekho.com/used-car-details/used-Maruti-dzire-vxi-cars-Pune_1ac06ad4-b314-4b63-9750-85e0acb38505.htm,Fair,24,22000,239840.0,527.65,351236.0
DW-005435,Hyundai,Venue,2021,617314.0,Manual,85266.0,Petrol,Patna,6,14211.0,7.24,-13.2,https://www.cardekho.com/used-car-details/used-Hyundai-venue-sx-turbo-cars-Patna_855e21e9-1844-4b72-b083-96eb81a36278.htm,Good,42,9000,463845.0,1020.46,617314.0
DW-009776,Mahindra,Scorpio,2022,1400000.0,Manual,89036.0,Diesel,New Delhi,5,17807.0,15.72,44.3,https://www.cardekho.com/used-car-details/used-Mahindra-scorpio-s-11-bsvi-cars-New-Delhi_213bc6c2-d419-482a-9fe7-30ed21698597.htm,Fair,82,22000,1164980.0,2562.96,1400000.0
DW-006700,Nissan,Sunny,2012,265000.0,Manual,145000.0,Diesel,Nashik,15,9667.0,1.83,-3.6,https://www.cardekho.com/used-car-details/used-Nissan-sunny-diesel-xv-cars-Nashik_be793e8b-a9bd-451f-9e47-73ba97922aa6.htm,Fair,64,22000,202656.0,445.84,265000.0
DW-009624,Hyundai,Creta,2018,685000.0,Automatic,76000.0,Petrol,New Delhi,9,8444.0,9.01,-19.4,https://www.cardekho.com/used-car-details/used-Hyundai-creta-16-sx-automatic-cars-New-Delhi_8b37508c-3842-4c33-b026-b54dbfd1ff2d.htm,Fair,30,22000,550602.0,1211.32,685000.0
DW-008216,Honda,City,2018,695000.0,Automatic,68000.0,Petrol,New Delhi,9,7556.0,10.22,17.8,https://www.cardekho.com/used-car-details/used-Honda-city-i-vtec-cvt-vx-cars-New-Delhi_c63b59ae-2e64-4f88-b786-da59a8240569.htm?adId=34371&adType=41,Fair,49,22000,547738.0,1205.02,695000.0
DW-006555,Kia,Carens,2022,1300000.0,Manual,26000.0,Petrol,Nashik,5,5200.0,50.0,13.2,https://www.cardekho.com/used-car-details/used-Kia-carens-luxury-turbo-2022-2023-cars-Nashik_6e83f35c-7d6c-4a56-868c-749f1e429c3f.htm,Good,32,9000,953480.0,2097.66,1300000.0
DW-005488,Toyota,Yaris,2018,830418.0,Manual,49677.0,Petrol,Patna,9,5520.0,16.72,42.3,https://www.cardekho.com/used-car-details/used-Toyota-yaris-g-bsiv-cars-Patna_170a0f8d-6cce-4e94-a94c-3a640bd7f252.htm,Fair,71,22000,599259.0,1318.37,830418.0
DW-007348,MG,Hector Plus,2021,950000.0,Manual,160000.0,Diesel,Jalgaon,6,26667.0,5.94,-26.9,https://www.cardekho.com/used-car-details/used-Mg-hector-plus-sharp-diesel-mt-cars-Jalgaon_f023674c-b986-49dc-bd11-9b0fa5d131db.htm,Poor,64,45000,697988.0,1535.57,950000.0
DW-002184,Jeep,Compass,2023,1850000.0,Manual,35000.0,Diesel,Chennai,4,8750.0,52.86,89.7,https://www.cardekho.com/used-car-details/used-Jeep-compass-20-model-s-opt-cars-Chennai_5ae37d09-4127-4e81-8937-61399445fb7f.htm,Excellent,81,3000,1447616.0,3184.76,1850000.0
DW-007877,Hyundai,Grand i10,2017,345000.0,Manual,72000.0,CNG,Noida,10,7200.0,4.79,-5.0,https://www.cardekho.com/used-car-details/used-Hyundai-grand-i10-magna-cng-cars-Noida_db957431-3fa7-4afb-9171-3c0bd57eaacb.htm,Fair,26,22000,245660.0,540.45,345000.0
DW-002128,Audi,Q3,2014,1075000.0,Automatic,134000.0,Diesel,Chennai,13,10308.0,8.02,-25.2,https://www.cardekho.com/used-car-details/used-Audi-q3-35-tdi-quattro-premium-plus-cars-Chennai_fd898a0a-ffe1-45f4-8e6f-e8af2b51c7e9.htm,Fair,50,22000,833163.0,1832.96,1075000.0
DW-007708,Skoda,Kushaq,2023,900000.0,Manual,90000.0,Petrol,Gurgaon,4,22500.0,10.0,-12.1,https://www.cardekho.com/used-car-details/used-Skoda-kushaq-10-tsi-ambition-cars-Gurgaon_86b38430-b620-44ff-9a51-b5fccb820d09.htm?adId=31812&adType=41,Poor,42,45000,640124.0,1408.27,900000.0
DW-001627,Toyota,Innova Crysta,2022,2400000.0,Automatic,64508.0,Diesel,Hyderabad,5,12902.0,37.2,36.0,https://www.cardekho.com/used-car-details/used-Toyota-innova-crysta-24-gx-7-str-at-cars-Hyderabad_ec35b66e-aeab-493a-b0a3-d4f0a5767eef.htm,Good,72,9000,1940703.0,4269.55,2400000.0
DW-001331,Kia,Seltos,2023,1485000.0,Automatic,13420.0,Petrol,Bangalore,4,3355.0,110.66,35.0,https://www.cardekho.com/used-car-details/used-Kia-seltos-x-line-dct-cars-Bangalore_2d0d4c09-f30c-4575-9652-14c67fd5acb0.htm,Excellent,58,3000,1110798.0,2443.76,1485000.0
DW-009717,Tata,Harrier,2023,1105103.0,Manual,108199.0,Diesel,Gurgaon,4,27050.0,10.21,-13.0,https://www.cardekho.com/used-car-details/used-Tata-harrier-xt-plus-2020-2022-cars-Gurgaon_aeba3185-ac88-488b-b544-baf1ae8be128.htm,Poor,36,45000,783387.0,1723.45,1105103.0
DW-005215,Hyundai,i20,2018,475000.0,Manual,77000.0,Petrol,Nagpur,9,8556.0,6.17,1.9,https://www.cardekho.com/used-car-details/used-Hyundai-i20-12-magna-executive-cars-Nagpur_bc740e8f-c798-4aa2-a1f4-1a3f44e35a52.htm,Fair,44,22000,319565.0,703.04,475000.0
DW-004210,Mahindra,XUV300,2020,687840.0,Manual,91363.0,Petrol,Kochi,7,13052.0,7.53,-8.3,https://www.cardekho.com/used-car-details/used-Mahindra-xuv300-w8-option-dual-tone-bsvi-cars-Kochi_0bd717c6-693b-48fc-a1d2-c695c8b88599.htm,Good,48,9000,491959.0,1082.31,687840.0
DW-004140,Datsun,RediGO,2026,996000.0,Manual,2134.0,Petrol,Kochi,1,2134.0,466.73,327.5,https://www.cardekho.com/used-car-details/used-Datsun-redigo-10-t-option-limited-edition-cars-Kochi_db3b9f39-f0b6-43c0-a334-aad94cc4b79c.htm,Excellent,54,3000,821268.0,1806.79,996000.0
DW-002349,Volkswagen,Ameo,2017,403000.0,Manual,37389.0,Petrol,Pune,10,3739.0,10.78,4.2,https://www.cardekho.com/used-car-details/used-Volkswagen-ameo-12-mpi-comfortline-plus-cars-Pune_b813b408-942f-4058-8c4f-391e47a39102.htm,Fair,42,22000,287078.0,631.57,403000.0
DW-002969,Honda,WR-V,2019,415000.0,Manual,84000.0,Petrol,Ahmedabad,8,10500.0,4.94,-26.7,https://www.cardekho.com/used-car-details/used-Honda-wr-v-i-vtec-s-cars-Ahmedabad_a711a366-fed4-405e-90eb-0166911e5929.htm?adId=33198&adType=41,Good,29,9000,295685.0,650.51,415000.0
DW-009799,Mahindra,XUV300,2024,750000.0,Manual,65000.0,Petrol,New Delhi,3,21667.0,11.54,0.0,https://www.cardekho.com/used-car-details/used-Mahindra-xuv300-w6-cars-New-Delhi_13074ff1-adaa-4bfe-a174-4c81f95148d3.htm,Fair,46,22000,588426.0,1294.54,750000.0
DW-001985,Honda,Amaze 2nd Gen,2022,675000.0,Manual,43983.0,Petrol,Chennai,5,8797.0,15.35,15.7,https://www.cardekho.com/used-car-details/used-Honda-amaze-2nd-gen-vx-bsvi-cars-Chennai_c0be1b4a-b57e-4ded-a27d-db8827d57ec0.htm,Good,42,9000,519591.0,1143.1,675000.0
DW-006524,Honda,WR-V,2018,750000.0,Manual,95000.0,Diesel,Nashik,9,10556.0,7.89,32.4,https://www.cardekho.com/used-car-details/used-Honda-wr-v-i-dtec-vx-cars-Nashik_5de7140a-f8c2-424d-af0a-4e21b44e14d5.htm,Fair,84,22000,505380.0,1111.84,750000.0
DW-006104,BMW,X5,2018,2200000.0,Automatic,80000.0,Diesel,Ludhiana,9,8889.0,27.5,-31.2,https://www.cardekho.com/used-car-details/used-Bmw-x5-xdrive-30d-design-pure-experience-5-seater-cars-Ludhiana_625b32e5-64db-49cf-a6fa-bff35a4efd97.htm,Fair,29,22000,1622399.0,3569.28,2200000.0
DW-006072,Renault,Duster,2016,450000.0,Manual,82000.0,Diesel,Mohali,11,7455.0,5.49,15.4,https://www.cardekho.com/used-car-details/used-Renault-duster-110ps-diesel-rxl-cars-Mohali_985ec1e5-bfff-44a0-b481-081e6943c444.htm,Fair,62,22000,304948.0,670.89,450000.0
DW-006983,Hyundai,Grand i10,2018,250000.0,Manual,60000.0,Diesel,Varanasi,9,6667.0,4.17,-31.1,https://www.cardekho.com/used-car-details/used-Hyundai-grand-i10-12-crdi-magna-cars-Varanasi_f46ca0c3-406f-47d7-bdb1-0e1a004f5f08.htm,Fair,16,22000,177595.0,390.71,250000.0
DW-004861,Nissan,Magnite,2021,490840.0,Automatic,88812.0,Petrol,Indore,6,14802.0,5.53,-10.8,https://www.cardekho.com/used-car-details/used-Nissan-magnite-turbo-cvt-xl-bsvi-cars-Indore_aba16b3f-e0ee-425a-a0d4-0d133e303f82.htm,Good,44,9000,354837.0,780.64,490840.0
DW-003300,Toyota,Innova,2013,376000.0,Manual,212000.0,Diesel,Jaipur,14,15143.0,1.77,-24.8,https://www.cardekho.com/used-car-details/used-Toyota-innova-25-g-diesel-7-seater-cars-Jaipur_67b63cdb-6e07-45f8-987d-c3d12671b4ac.htm?adId=34495&adType=41,Fair,75,22000,244863.0,538.7,376000.0
DW-009485,Mercedes-Benz,E-Class,2024,6495000.0,Automatic,19000.0,Diesel,Bangalore,3,6333.0,341.84,112.9,https://www.cardekho.com/used-car-details/used-Mercedes-benz-e-class-e-220d-cars-Bangalore_fc5410b4-65f7-4711-af1e-dbc8d024a433.htm?adId=32481&adType=41,Excellent,70,3000,4597020.0,10113.44,6495000.0
DW-003111,Mercedes-Benz,CLA,2018,1799999.0,Automatic,95000.0,Diesel,Ahmedabad,9,10556.0,18.95,20.0,https://www.cardekho.com/used-car-details/used-Mercedes-benz-cla-200-cdi-sport-cars-Ahmedabad_95fce85c-4ba1-44c3-b965-42738173561d.htm,Fair,68,22000,1395066.0,3069.15,1799999.0
DW-007426,Mahindra,Thar,2024,1600000.0,Manual,19000.0,Diesel,Amritsar,3,6333.0,84.21,32.4,https://www.cardekho.com/used-car-details/used-Mahindra-thar-ax-opt-hard-top-diesel-cars-Amritsar_6c5dec02-a402-42d1-bd51-df909c6b49a9.htm,Excellent,51,3000,1122214.0,2468.87,1600000.0
DW-000674,Renault,Kiger,2022,403500.0,Manual,23371.0,Petrol,Faridabad,5,4674.0,17.26,-24.2,https://www.cardekho.com/used-car-details/used-Renault-kiger-rxz-cars-Faridabad_71388ea6-abbf-49de-8ba8-47a5b0f7d531.htm,Good,11,9000,324823.0,714.61,403500.0
DW-000305,Maruti Suzuki,Suzuki Wagon R,2022,517000.0,Manual,56046.0,Petrol,Kochi,5,11209.0,9.22,26.1,https://www.cardekho.com/used-cars+in+kochi?pageNo=1,Good,52,9000,364951.0,802.89,517000.0
DW-006297,Volkswagen,Polo,2011,177000.0,Manual,133000.0,Petrol,Gautam Buddha Nagar,16,8312.0,1.33,-55.2,https://www.cardekho.com/used-car-details/used-Volkswagen-polo-ipl-ii-12-petrol-highline-cars-Gautam-Buddha-Nagar_6ab3614c-7e7d-4cf1-b3aa-2339a702b1e5.htm?adId=35145&adType=41,Fair,43,22000,118004.0,259.61,177000.0
DW-001414,BMW,3 Series,2023,6175000.0,Automatic,30288.0,Petrol,Bangalore,4,7572.0,203.88,311.5,https://www.cardekho.com/used-car-details/used-Bmw-3-series-m340i-xdrive-cars-Bangalore_74d7b945-5c0c-43a4-988b-01898be65e6b.htm,Excellent,84,3000,4731392.0,10409.06,6175000.0
DW-009020,Renault,KWID,2022,448000.0,Automatic,15803.0,Petrol,Ranchi,5,3161.0,28.35,72.3,https://www.cardekho.com/used-car-details/used-Renault-kwid-climber-amt-bsvi-cars-Ranchi_a0a9b8ea-39b6-4d82-8196-f9af324b97fb.htm,Good,65,9000,334360.0,735.59,448000.0
DW-001085,Mercedes-Benz,AMG C43,2019,4750000.0,Automatic,58000.0,Petrol,Mumbai,8,7250.0,81.9,-24.9,https://www.cardekho.com/used-car-details/used-Mercedes-benz-amg-c43-4matic-coupe-cars-Mumbai_eccb898f-452e-4606-805b-5107ac30c548.htm,Good,13,9000,3367155.0,7407.74,4750000.0
DW-008719,Mercedes-Benz,E-Class,2024,9000000.0,Automatic,4150.0,Diesel,Visakhapatnam,3,1383.0,2168.67,195.0,https://www.cardekho.com/used-car-details/used-Mercedes-benz-e-class-elite-e-350d-cars-Visakhapatnam_5fbbbfbe-bdf7-433c-b7de-1691483defca.htm?adId=31457&adType=41,Excellent,66,3000,7380716.0,16237.58,9000000.0
DW-002628,Toyota,Etios,2014,282000.0,Manual,55000.0,Petrol,Kolkata,13,4231.0,5.13,0.0,https://www.cardekho.com/used-car-details/used-Toyota-etios-g-cars-Kolkata_f0fececa-1b4a-4943-a3bb-103d9611e25c.htm,Fair,42,22000,213176.0,468.99,282000.0
DW-005975,Hyundai,Grand i10 Nios,2020,475000.0,Manual,62000.0,Petrol,Ludhiana,7,8857.0,7.66,-17.2,https://www.cardekho.com/used-car-details/used-Hyundai-grand-i10-nios-sportz-cars-Ludhiana_58787b7e-04d2-43c6-9ba1-5e95c12b99fb.htm,Good,26,9000,324285.0,713.43,475000.0
DW-005379,MG,Hector,2021,1250000.0,Automatic,120000.0,Petrol,Nagpur,6,20000.0,10.42,9.6,https://www.cardekho.com/used-car-details/used-Mg-hector-smart-dct-cars-Nagpur_37aeb7a0-7932-4014-a4a6-eb6da7cf0bde.htm,Fair,79,22000,886488.0,1950.27,1250000.0
DW-000440,Ford,Ecosport,2017,567000.0,Automatic,91231.0,Petrol,Bangalore,10,9123.0,6.21,22.2,https://www.cardekho.com/used-cars+in+bangalore?pageNo=1,Fair,74,22000,451777.0,993.91,567000.0
DW-006327,Skoda,Slavia,2023,1050000.0,Manual,18000.0,Petrol,Agra,4,4500.0,58.33,-0.6,https://www.cardekho.com/used-car-details/used-Skoda-slavia-15-tsi-style-cars-Agra_1c3813b0-4e4d-4f02-937b-9f2725e48757.htm,Excellent,27,3000,818545.0,1800.8,1050000.0
DW-002222,Maruti Suzuki,Swift,2023,660000.0,Manual,30000.0,Petrol,Pune,4,7500.0,22.0,41.5,https://www.cardekho.com/used-car-details/used-Maruti-swift-vxi-cars-Pune_767c5b0d-28d1-49ff-8ea9-b6db3cb01fe6.htm?adId=34190&adType=41,Excellent,64,3000,473854.0,1042.48,660000.0
DW-002847,Jeep,Compass,2020,850000.0,Automatic,49000.0,Petrol,Kolkata,7,7000.0,17.35,-12.8,https://www.cardekho.com/used-car-details/used-Jeep-compass-14-limited-plus-cars-Kolkata_319c69b4-45e7-4241-8bb0-0d507f114864.htm,Good,38,9000,611856.0,1346.08,850000.0
DW-002418,Ford,Figo,2017,270734.0,Manual,87440.0,Petrol,Pune,10,8744.0,3.1,8.3,https://www.cardekho.com/used-car-details/used-Ford-figo-trend-cars-Pune_2d792315-4b78-434d-b883-7c22973e1e78.htm,Fair,55,22000,194316.0,427.5,270734.0
DW-007371,Maruti Suzuki,Vitara Brezza,2019,720000.0,Manual,100000.0,Diesel,Amritsar,8,12500.0,7.2,9.6,https://www.cardekho.com/used-car-details/used-Maruti-vitara-brezza-zdi-cars-Amritsar_9e91d666-bd63-4f19-8b31-1602d281f4c1.htm,Good,51,9000,573280.0,1261.22,720000.0
DW-003738,BMW,3 Series,2013,1050000.0,Automatic,70000.0,Diesel,Lucknow,14,5000.0,15.0,-30.0,https://www.cardekho.com/used-car-details/used-Bmw-3-series-320d-luxury-line-cars-Lucknow_25c6703b-a9e7-48f8-b394-627269757f2a.htm,Fair,29,22000,807410.0,1776.3,1050000.0
DW-007339,Mercedes-Benz,E-Class,2012,650000.0,Automatic,117400.0,Diesel,Mumbai,15,7827.0,5.54,-78.7,https://www.cardekho.com/used-car-details/used-Mercedes-benz-e-class-e-220-cdi-avantgarde-cars-Mumbai_859ed3b1-fb30-4b1c-bbe6-f1c1669d9274.htm,Fair,35,22000,525932.0,1157.05,650000.0
DW-009807,Mahindra,Bolero,2020,550000.0,Manual,100000.0,Diesel,Faridabad,7,14286.0,5.5,20.9,https://www.cardekho.com/used-car-details/used-Mahindra-bolero-b4-bsvi-cars-Faridabad_c8741359-b041-459d-9196-d5d03bb9e22e.htm,Good,72,9000,416760.0,916.87,550000.0
DW-002153,MG,Hector,2022,1189077.0,Manual,63793.0,Diesel,Chennai,5,12759.0,18.64,4.2,https://www.cardekho.com/buy-used-car-details/used-Mg-hector-sharp-diesel-mt-cars-Chennai_15bb6f4e-b609-4582-8caf-f854dbb35949.htm,Good,52,9000,876911.0,1929.2,1189077.0
DW-001122,MG,Hector Plus,2024,1750000.0,Manual,12449.0,Diesel,Mumbai,3,4150.0,140.57,34.6,https://www.cardekho.com/used-car-details/used-Mg-hector-plus-sharp-pro-7-str-diesel-2023-2025-cars-Mumbai_e475e20b-20fa-4835-95e0-6e50776f745d.htm,Excellent,38,3000,1347274.0,2964.0,1750000.0
DW-003185,Jeep,Compass,2017,700000.0,Manual,120000.0,Diesel,Ahmedabad,10,12000.0,5.83,-28.2,https://www.cardekho.com/used-car-details/used-Jeep-compass-20-longitude-bsiv-cars-Ahmedabad_237e51ac-3c94-4249-a9e7-3d66c95bfefd.htm,Fair,33,22000,505765.0,1112.68,700000.0
DW-009095,Honda,City,2016,390000.0,Automatic,100000.0,Petrol,Ranchi,11,9091.0,3.9,-33.9,https://www.cardekho.com/used-car-details/used-Honda-city-i-vtec-cvt-sv-cars-Ranchi_89f4814d-7459-4363-ae84-3e8998f0ee00.htm,Fair,21,22000,264128.0,581.08,390000.0
DW-005584,Maruti Suzuki,Wagon R,2014,325000.0,Manual,55000.0,CNG,Bhopal,13,4231.0,5.91,-7.5,https://www.cardekho.com/used-car-details/used-Maruti-wagon-r-lxi-cng-cars-Bhopal_b72c214f-7a4a-4c71-ac5b-c6d1957fa66a.htm,Fair,26,22000,207741.0,457.03,325000.0
DW-009423,Kia,Sonet,2022,752702.0,Manual,45230.0,Petrol,Bangalore,5,9046.0,16.64,-13.7,https://www.cardekho.com/used-car-details/used-Kia-sonet-htk-plus-turbo-imt-bsvi-cars-Bangalore_c199ebeb-b166-46fa-9d29-15872e186a8b.htm,Good,25,9000,557658.0,1226.85,752702.0
DW-003579,Tata,Nexon,2021,563000.0,Automatic,62616.0,Petrol,Lucknow,6,10436.0,8.99,-20.3,https://www.cardekho.com/buy-used-car-details/used-Tata-nexon-xma-amt-s-bsvi-cars-Lucknow_44a1b899-732b-4e7a-a5f6-0f370c38f2ad.htm,Good,27,9000,445179.0,979.39,563000.0
DW-007839,Tata,Harrier,2022,1150000.0,Manual,81000.0,Diesel,Noida,5,16200.0,14.2,-9.4,https://www.cardekho.com/used-car-details/used-Tata-harrier-xt-plus-bsvi-cars-Noida_4601a90f-46a5-4ca8-9742-6aa52f495308.htm?adId=34334&adType=41,Fair,42,22000,786181.0,1729.6,1150000.0
DW-008529,Nissan,Magnite,2022,510000.0,Manual,20000.0,Petrol,Haridwar,5,4000.0,25.5,-7.3,https://www.cardekho.com/used-car-details/used-Nissan-magnite-xl-bsvi-cars-Haridwar_0f855086-6105-4eff-99bf-4c3d7eee1119.htm,Good,9,9000,381597.0,839.51,510000.0
DW-009024,Maruti Suzuki,Alto 800,2017,270000.0,Manual,30000.0,Petrol,Ranchi,10,3000.0,9.0,8.0,https://www.cardekho.com/used-car-details/used-Maruti-alto-800-lx-cars-Ranchi_755f1cbf-7246-402e-b54d-e7d4cbf24389.htm,Fair,20,22000,193082.0,424.78,270000.0
DW-006347,Ford,Freestyle,2019,490000.0,Manual,30000.0,Petrol,Bhind,8,3750.0,16.33,10.7,https://www.cardekho.com/used-car-details/used-Ford-freestyle-titanium-plus-petrol-bsiv-cars-Bhind_950caa28-7309-42c8-ac28-ef4b6724d265.htm,Good,36,9000,378865.0,833.5,490000.0
DW-009848,Toyota,Glanza,2022,546359.0,Manual,55789.0,Petrol,New Delhi,5,11158.0,9.79,-14.6,https://www.cardekho.com/used-car-details/used-Toyota-glanza-s-bsvi-cars-New-Delhi_bfaf25cc-4be8-441b-b60e-d00af0e2d1b4.htm,Good,23,9000,437101.0,961.62,546359.0
DW-009691,Tata,Nexon,2025,1150000.0,Automatic,12900.0,Petrol,New Delhi,2,6450.0,89.15,62.8,https://www.cardekho.com/used-car-details/used-Tata-nexon-creative-dca-cars-New-Delhi_4e569cdd-0c4b-4ffb-868b-c66bc72af355.htm?adId=32324&adType=41,Excellent,71,3000,941815.0,2071.99,1150000.0
DW-008872,Hyundai,Grand i10,2018,400000.0,Manual,50000.0,Petrol,Guwahati,9,5556.0,8.0,10.2,https://www.cardekho.com/used-car-details/used-Hyundai-grand-i10-12-kappa-asta-cars-Guwahati_69402b25-ed7c-4cd1-bd73-a1a6388b3094.htm,Fair,47,22000,300702.0,661.54,400000.0
DW-000968,Kia,Carens,2024,1575000.0,Automatic,26000.0,Petrol,Mumbai,3,8667.0,60.58,37.1,https://www.cardekho.com/used-car-details/used-Kia-carens-prestige-plus-dct-cars-Mumbai_7b2aac9f-f3ee-49e7-ad45-bda4b7d6bb60.htm,Excellent,56,3000,1123786.0,2472.33,1575000.0
DW-003207,Volvo,S60 Cross Country,2018,1990000.0,Automatic,63000.0,Diesel,Surat,9,7000.0,31.59,19.5,https://www.cardekho.com/used-car-details/used-Volvo-s60-cross-country-d4-awd-bsiv-cars-Surat_5cccb020-c05c-4f3a-ba1b-5f63771548ef.htm,Fair,60,22000,1512794.0,3328.15,1990000.0
DW-009924,Kia,Sonet,2021,666652.0,Manual,44132.0,Petrol,Gurgaon,6,7355.0,15.11,-23.6,https://www.cardekho.com/used-car-details/used-Kia-sonet-htx-turbo-imt-bsvi-cars-Gurgaon_715f6d77-d2f1-4c23-bda4-81b70ad7c9be.htm,Good,15,9000,517996.0,1139.59,666652.0
DW-002345,Volkswagen,Golf GTi,2025,5295000.0,Automatic,3900.0,Petrol,Pune,2,1950.0,1357.69,0.0,https://www.cardekho.com/used-car-details/used-Volkswagen-golf-gti-20-tsi-cars-Pune_9d92445a-b034-49cb-b010-293d34eb22e1.htm,Excellent,20,3000,3898541.0,8576.79,5295000.0
DW-008588,Tata,Nexon EV,2024,1375000.0,Automatic,52000.0,Electric,Bangalore,3,17333.0,26.44,41.0,https://www.cardekho.com/used-car-details/used-Tata-nexon-ev-empowered-plus-lr-cars-Bangalore_c5b3bb63-29d3-4a6a-97fc-0757f0fe53a2.htm?adId=34028&adType=41,Fair,64,22000,949276.0,2088.41,1375000.0
DW-006445,Maruti Suzuki,Ertiga,2019,1211000.0,Manual,89000.0,Diesel,Nashik,8,11125.0,13.61,56.7,https://www.cardekho.com/used-car-details/used-Maruti-ertiga-zdi-plus-cars-Nashik_db8b6a1c-0974-4931-bbd7-bcc2495fcbcb.htm,Good,95,9000,879315.0,1934.49,1211000.0
DW-010337,Maruti Suzuki,Celerio,2014,300000.0,Manual,68000.0,CNG,Thane,13,5231.0,4.41,-11.8,https://www.cardekho.com/used-car-details/used-Maruti-celerio-green-vxi-cars-Thane_3fa15f79-87d4-433c-8d5c-73de53c932ed.htm,Fair,34,22000,208470.0,458.63,300000.0
DW-004976,Honda,Amaze,2024,817224.0,Automatic,26709.0,Petrol,Surat,3,8903.0,30.6,81.6,https://www.cardekho.com/used-car-details/used-Honda-amaze-zx-cvt-cars-Surat_a2b5d141-fa37-493f-9bb0-5d8a4d65310a.htm,Excellent,79,3000,619798.0,1363.56,817224.0
DW-000519,Maruti Suzuki,Baleno,2018,395000.0,Automatic,43250.0,Petrol,Gurgaon,9,4806.0,9.13,-20.4,https://www.cardekho.com/used-car-details/used-Maruti-baleno-zeta-amt-cars-Gurgaon_3673516f-59ed-4aa0-ae98-36e7aca7985d.htm,Fair,14,22000,264968.0,582.93,395000.0
DW-005740,Tata,Tigor,2020,475000.0,Manual,56000.0,Petrol,Vadodara,7,8000.0,8.48,8.0,https://www.cardekho.com/used-car-details/used-Tata-tigor-xm-bsvi-cars-Vadodara_609efa1d-9ada-456f-b2fb-6aedc034b327.htm,Good,47,9000,382240.0,840.93,475000.0
DW-006045,Kia,Seltos,2021,875000.0,Manual,120000.0,Petrol,Ludhiana,6,20000.0,7.29,-20.5,https://www.cardekho.com/used-car-details/used-Kia-seltos-htx-g-cars-Ludhiana_5ff5b56e-8d0e-4720-994d-8c92426f95d4.htm,Fair,45,22000,711996.0,1566.39,875000.0
DW-005401,Jeep,Compass,2022,1800000.0,Manual,80000.0,Diesel,Brahmapuri,5,16000.0,22.5,84.6,https://www.cardekho.com/used-car-details/used-Jeep-compass-20-anniversary-edition-2021-2022-cars-Brahmapuri_f1affc15-32b3-4a47-86a3-9d8a8f76dc28.htm,Fair,94,22000,1292364.0,2843.2,1800000.0
DW-003858,Hyundai,i20,2022,525000.0,Manual,75000.0,Petrol,Chandigarh,5,15000.0,7.0,12.6,https://www.cardekho.com/used-car-details/used-Hyundai-i20-magna-bsvi-cars-Chandigarh_a615e65c-1ecd-40a1-b1cc-624678c0a828.htm,Fair,60,22000,418704.0,921.15,525000.0
DW-006352,BMW,X5,2017,1985000.0,Automatic,98600.0,Diesel,Agra,10,9860.0,20.13,-38.0,https://www.cardekho.com/used-car-details/used-Bmw-x5-xdrive-30d-design-pure-experience-7-seater-cars-Agra_95fbb73e-627a-4ca1-bc8c-b1dae815320f.htm,Fair,18,22000,1372818.0,3020.2,1985000.0
DW-001719,Skoda,Kushaq,2024,1300000.0,Manual,33000.0,Petrol,Hyderabad,3,11000.0,39.39,27.0,https://www.cardekho.com/used-car-details/used-Skoda-kushaq-15-tsi-ambition-cars-Hyderabad_950b68d2-4b52-449a-9bea-73c53205e323.htm,Good,42,9000,1081368.0,2379.01,1300000.0
DW-003509,Jeep,Compass,2021,1325000.0,Automatic,63192.0,Petrol,Jaipur,6,10532.0,20.97,35.9,https://www.cardekho.com/used-car-details/used-Jeep-compass-14-limited-opt-dct-bsvi-cars-Jaipur_190a2ac9-15f6-4949-b204-0197c8d0ad7b.htm,Good,60,9000,1107696.0,2436.93,1325000.0
DW-006108,BMW,X1,2016,1500000.0,Automatic,120000.0,Diesel,Ludhiana,11,10909.0,12.5,-18.9,https://www.cardekho.com/used-car-details/used-Bmw-x1-xdrive-20d-xline-cars-Ludhiana_ed9cb0a5-0c9b-40d7-908c-5a8e45e8e0bf.htm,Fair,34,22000,1030712.0,2267.57,1500000.0
DW-000322,Nissan,Magnite,2023,648000.0,Manual,24289.0,Petrol,Coimbatore,4,6072.0,26.68,17.8,https://www.cardekho.com/used-cars+in+coimbatore?pageNo=1,Excellent,35,3000,524765.0,1154.48,648000.0
DW-002565,Maruti Suzuki,Celerio,2017,271139.0,Manual,93756.0,Petrol,Kolkata,10,9376.0,2.89,-20.3,https://www.cardekho.com/used-car-details/used-Maruti-celerio-zxi-cars-Kolkata_70c05902-254a-41bb-944c-d24a89fe2fdf.htm,Fair,41,22000,207256.0,455.96,271139.0
DW-009845,Toyota,Glanza,2019,439142.0,Automatic,57724.0,Petrol,New Delhi,8,7216.0,7.61,-31.4,https://www.cardekho.com/used-car-details/used-Toyota-glanza-g-cvt-cars-New-Delhi_85de4165-4971-4b45-968e-2f89d1eda4bc.htm,Good,12,9000,358072.0,787.76,439142.0
DW-008266,Renault,Kiger,2022,422000.0,Manual,34249.0,Petrol,Ghaziabad,5,6850.0,12.32,-20.7,https://www.cardekho.com/used-car-details/used-Renault-kiger-techno-dt-cars-Ghaziabad_b438f6cb-6eff-4696-ae8d-16b7a39c0e40.htm,Good,13,9000,347846.0,765.26,422000.0
DW-002302,Toyota,Hyryder,2024,1990000.0,Automatic,22900.0,Petrol,Pune,3,7633.0,86.9,35.4,https://www.cardekho.com/used-car-details/used-Toyota-hyryder-v-hybrid-cars-Pune_85035159-d98d-4978-afda-6fbd39a5214a.htm,Excellent,59,3000,1554272.0,3419.4,1990000.0
DW-007797,MG,Hector,2022,1058343.0,Automatic,27208.0,Petrol,Gurgaon,5,5442.0,38.9,-7.2,https://www.cardekho.com/used-car-details/used-Mg-hector-sharp-cvt-cars-Gurgaon_42636616-7e8a-4549-8a4f-b680f05ddab1.htm,Good,28,9000,744248.0,1637.35,1058343.0
DW-008859,Maruti Suzuki,Ignis,2020,550000.0,Manual,11700.0,Petrol,Guwahati,7,1671.0,47.01,26.4,https://www.cardekho.com/used-car-details/used-Maruti-ignis-zeta-bsvi-cars-Guwahati_1dbe0bf5-452a-4d5f-9b95-a8a9de33cc54.htm,Good,40,9000,446108.0,981.44,550000.0
DW-005199,Maruti Suzuki,Swift Dzire,2017,525000.0,Manual,46000.0,Petrol,Nagpur,10,4600.0,11.41,33.6,https://www.cardekho.com/used-car-details/used-Maruti-swift-dzire-zxi-cars-Nagpur_7e8a372c-de9e-4f91-8a7d-a76b84cc2ac9.htm,Fair,68,22000,393839.0,866.45,525000.0
DW-006770,Tata,Zest,2017,296436.0,Manual,108491.0,Petrol,Rajkot,10,10849.0,2.73,0.5,https://www.cardekho.com/used-car-details/used-Tata-zest-revotron-12t-xms-cars-Rajkot_dedaed32-b55c-4f7f-abf9-253c8f3d0e3c.htm,Fair,59,22000,212840.0,468.25,296436.0
DW-000081,Hyundai,Xcent,2017,478000.0,Manual,53789.0,Petrol,Chennai,10,5379.0,8.89,36.6,https://www.cardekho.com/used-cars+in+chennai?pageNo=1,Fair,61,22000,342517.0,753.54,478000.0
DW-004339,Skoda,Slavia,2023,1251932.0,Automatic,20816.0,Petrol,Coimbatore,4,5204.0,60.14,18.5,https://www.cardekho.com/used-car-details/used-Skoda-slavia-10l-prestige-at-cars-Coimbatore_7d0f6040-f9e4-41da-8633-0a16a2782fd3.htm,Excellent,35,3000,980738.0,2157.62,1251932.0
DW-001369,Renault,KWID,2018,304659.0,Manual,36675.0,Petrol,Bangalore,9,4075.0,8.31,17.2,https://www.cardekho.com/used-car-details/used-Renault-kwid-10-rxt-cars-Bangalore_081aa1fa-c4f7-4df9-9795-a5b951a1ae1c.htm,Fair,35,22000,198280.0,436.22,304659.0
DW-004741,Honda,Jazz,2018,488940.0,Manual,35538.0,Petrol,Indore,9,3949.0,13.76,15.0,https://www.cardekho.com/used-car-details/used-Honda-jazz-12-vx-i-vtec-cars-Indore_5a879ab4-51af-4d09-a102-3780e5bb9828.htm,Fair,36,22000,374513.0,823.93,488940.0
DW-005513,Honda,City,2021,1050000.0,Manual,90000.0,Petrol,Patna,6,15000.0,11.67,78.0,https://www.cardekho.com/used-car-details/used-Honda-city-zx-mt-cars-Patna_a71d12d6-8d51-476e-b393-ed5c04389640.htm,Fair,97,22000,724815.0,1594.59,1050000.0
DW-002971,Honda,Elevate,2025,1275000.0,Automatic,8000.0,Petrol,Ahmedabad,2,4000.0,159.38,0.9,https://www.cardekho.com/used-car-details/used-Honda-elevate-vx-cvt-apex-edition-cars-Ahmedabad_0fbcf5c1-393a-48bb-bf95-9cb9d6175784.htm,Excellent,24,3000,1029071.0,2263.96,1275000.0
DW-003170,Nissan,Kicks,2021,490000.0,Manual,62000.0,Petrol,Ahmedabad,6,10333.0,7.9,-12.3,https://www.cardekho.com/used-car-details/used-Nissan-kicks-15-xv-cars-Ahmedabad_66d10e03-65a4-4204-b2ea-099bf6c2d225.htm,Good,40,9000,396400.0,872.08,490000.0
DW-005523,Kia,Seltos,2024,1100000.0,Manual,14000.0,Petrol,Patna,3,4667.0,78.57,0.0,https://www.cardekho.com/used-car-details/used-Kia-seltos-htk-cars-Patna_e903f898-f7c3-418f-97df-8b649dd588fb.htm,Excellent,12,3000,844957.0,1858.91,1100000.0
DW-000132,Mercedes-Benz,GLA,2021,2900000.0,Automatic,61000.0,Diesel,Delhi,6,10167.0,47.54,-23.2,https://www.cardekho.com/used-cars+in+delhi?pageNo=1,Good,23,9000,2242776.0,4934.11,2900000.0
DW-005365,Ford,Ecosport,2017,500000.0,Manual,40000.0,Petrol,Nagpur,10,4000.0,12.5,7.8,https://www.cardekho.com/used-car-details/used-Ford-ecosport-15-petrol-titanium-bsiv-cars-Nagpur_ff3fa11a-31c1-41c4-867e-afaaa0b8a275.htm,Fair,31,22000,351416.0,773.12,500000.0
DW-001459,Audi,A4,2020,2300000.0,Automatic,30000.0,Petrol,Bangalore,7,4286.0,76.67,37.0,https://www.cardekho.com/used-car-details/used-Audi-a4-35-ql-tfsi-technology-cars-Bangalore_65b08bb9-c52a-4f84-aa13-f25e35b10d78.htm?adId=29922&adType=41,Good,59,9000,1935463.0,4258.02,2300000.0
DW-006422,Ford,Endeavour,2019,2800000.0,Automatic,120000.0,Diesel,Nashik,8,15000.0,23.33,40.0,https://www.cardekho.com/used-car-details/used-Ford-endeavour-32-titanium-at-4x4-cars-Nashik_dce613ea-0222-471d-a25d-cbe709d8d2a2.htm?adId=34379&adType=41,Fair,94,22000,2245912.0,4941.01,2800000.0
DW-008388,Hyundai,i20,2014,245000.0,Manual,35000.0,Petrol,Dehradun,13,2692.0,7.0,-47.4,https://www.cardekho.com/used-car-details/used-Hyundai-i20-sportz-petrol-cars-Dehradun_f04dc04c-2104-45de-be1f-0df8d703b59d.htm,Fair,3,22000,163060.0,358.73,245000.0
DW-002596,Tata,Nexon,2024,840000.0,Manual,33583.0,Petrol,Kolkata,3,11194.0,25.01,18.9,https://www.cardekho.com/used-car-details/used-Tata-nexon-creative-plus-s-dt-cars-Kolkata_c2fd4167-5463-4e85-9fa7-e529283fb12f.htm,Good,49,9000,601026.0,1322.26,840000.0
DW-004056,Mercedes-Benz,GLS,2017,3099999.0,Automatic,88999.0,Diesel,Chandigarh,10,8900.0,34.83,-59.2,https://www.cardekho.com/used-car-details/used-Mercedes-benz-gls-350d-4matic-cars-Chandigarh_ddeb14cd-737d-49d7-a2b0-91bb18bda31d.htm,Fair,23,22000,2250104.0,4950.23,3099999.0
DW-000368,Tata,Punch,2023,650000.0,Manual,37000.0,Petrol,Nagpur,4,9250.0,17.57,6.6,https://www.cardekho.com/used-cars+in+nagpur?pageNo=1,Good,32,9000,491232.0,1080.71,650000.0
DW-006073,Renault,Kiger,2021,550000.0,Manual,23000.0,Petrol,Jalandhar,6,3833.0,23.91,3.4,https://www.cardekho.com/used-car-details/used-Renault-kiger-rxe-cars-Jalandhar_ed6b22a1-b7ee-4f01-adcb-abef54cc0b8a.htm,Good,21,9000,453762.0,998.28,550000.0
DW-003746,Mercedes-Benz,GLS,2020,3500000.0,Automatic,250000.0,Petrol,Lucknow,7,35714.0,14.0,-53.9,https://www.cardekho.com/used-car-details/used-Mercedes-benz-gls-400-4matic-cars-Lucknow_47bf0753-00d1-400d-bfdc-3ead22e01b79.htm,Poor,87,45000,2790427.0,6138.94,3500000.0
DW-006265,Honda,WR-V,2020,563000.0,Manual,51433.0,Petrol,Agra,7,7348.0,10.95,-0.6,https://www.cardekho.com/used-car-details/used-Honda-wr-v-i-vtec-vx-cars-Agra_9638095d-a19f-4631-a2fd-056ec6a12d67.htm,Good,38,9000,403277.0,887.21,563000.0
DW-008442,Toyota,Camry,2015,1050000.0,Automatic,97000.0,Petrol,New Delhi,12,8083.0,10.82,-22.7,https://www.cardekho.com/used-car-details/used-Toyota-camry-hybrid-cars-New-Delhi_2e0d0595-d64c-4510-b10d-1d057189b0be.htm?adId=33985&adType=41,Fair,35,22000,848381.0,1866.44,1050000.0
DW-003001,Kia,Syros,2025,1292320.0,Automatic,8832.0,Petrol,Ahmedabad,2,4416.0,146.32,20.2,https://www.cardekho.com/used-car-details/used-Kia-syros-htx-plus-turbo-dct-cars-Ahmedabad_d1c7ee1c-f2a8-4b51-b6c0-c6eb68fb3b9e.htm,Excellent,37,3000,974937.0,2144.86,1292320.0
DW-005460,Tata,Tiago,2018,350000.0,Manual,40000.0,Petrol,Patna,9,4444.0,8.75,-11.4,https://www.cardekho.com/used-car-details/used-Tata-tiago-12-revotron-xz-cars-Patna_c7ded217-1161-46dd-af1c-11528e8d4181.htm,Fair,24,22000,267715.0,588.97,350000.0
DW-000331,Audi,Q5,2023,4650000.0,Automatic,65585.0,Petrol,Coimbatore,4,16396.0,70.9,55.5,https://www.cardekho.com/used-cars+in+coimbatore?pageNo=2,Fair,94,22000,3401585.0,7483.49,4650000.0
DW-005363,Ford,Figo,2016,340000.0,Manual,90000.0,Diesel,Nagpur,11,8182.0,3.78,36.0,https://www.cardekho.com/used-car-details/used-Ford-figo-15d-trend-mt-cars-Nagpur_567f5aef-1df3-4d12-a436-115db4c0ed5b.htm,Fair,78,22000,247552.0,544.61,340000.0
DW-008986,Ford,Ecosport,2021,675000.0,Manual,50000.0,Petrol,Kamrup,6,8333.0,13.5,45.5,https://www.cardekho.com/used-car-details/used-Ford-ecosport-15-petrol-titanium-cars-Kamrup_5fe231b1-1cf4-49b5-8448-32dcf6082819.htm,Good,63,9000,557325.0,1226.12,675000.0
DW-007287,Skoda,Octavia,2013,400000.0,Manual,160000.0,Diesel,Aurangabad,14,11429.0,2.5,-60.0,https://www.cardekho.com/used-car-details/used-Skoda-octavia-active-20-tdi-mt-cars-Aurangabad_f46794ec-f5e3-448a-bec4-1d60e051922d.htm,Fair,61,22000,273474.0,601.64,400000.0
DW-009114,Kia,Carens,2025,1000000.0,Manual,20000.0,Petrol,Rourkela,2,10000.0,50.0,-12.9,https://www.cardekho.com/used-car-details/used-Kia-carens-prestige-plus-imt-cars-Rourkela_efdd88e1-e79d-40db-a09a-dd4ecbcdaf6a.htm,Good,11,9000,794939.0,1748.87,1000000.0
DW-007856,Maruti Suzuki,Grand Vitara,2023,1600000.0,Automatic,52000.0,Petrol,Noida,4,13000.0,30.77,33.3,https://www.cardekho.com/used-car-details/used-Maruti-grand-vitara-alpha-plus-hybrid-cvt-dt-bsvi-cars-Noida_ec15a14d-a18e-4688-aaec-d5746add7f04.htm?adId=31101&adType=41,Good,69,9000,1347955.0,2965.5,1600000.0
DW-002824,Nissan,Sunny,2012,140000.0,Manual,90000.0,Petrol,Kolkata,15,6000.0,1.56,-49.1,https://www.cardekho.com/used-car-details/used-Nissan-sunny-xe-cars-Kolkata_9bec1720-2a64-4731-9528-5c57a6724652.htm?adId=33644&adType=41,Fair,29,22000,79163.0,174.16,140000.0
DW-002555,Maruti Suzuki,Wagon R,2017,260000.0,Manual,50000.0,Petrol,Kolkata,10,5000.0,5.2,-26.0,https://www.cardekho.com/used-car-details/used-Maruti-wagon-r-vxi-bs-iv-cars-Kolkata_9b450944-c510-4b4b-9dcc-85fda3386de3.htm,Fair,13,22000,163448.0,359.59,260000.0
DW-001298,Toyota,Innova Crysta,2019,1925000.0,Automatic,120000.0,Diesel,Bangalore,8,15000.0,16.04,9.1,https://www.cardekho.com/used-car-details/used-Toyota-innova-crysta-28-gx-at-bsiv-cars-Bangalore_bc25f750-099d-43df-97f4-7e95045c3a4a.htm,Fair,72,22000,1520174.0,3344.38,1925000.0
DW-007458,Honda,Amaze,2019,425000.0,Manual,56000.0,Petrol,Amritsar,8,7000.0,7.59,-5.6,https://www.cardekho.com/used-car-details/used-Honda-amaze-s-petrol-bsiv-cars-Amritsar_dd4f73a2-60ef-4a4a-af3f-bcc5825ef8ea.htm,Good,45,9000,310158.0,682.35,425000.0
DW-000501,Honda,Brio,2021,707013.0,Manual,29100.0,Petrol,Greater Noida,6,4850.0,24.3,160.9,https://www.cardekho.com/used-car-details/used-Honda-brio-s-mt-cars-Greater-Noida_9a4b2739-d191-44ea-8fe9-5abee5ae4cc4.htm,Good,87,9000,493465.0,1085.62,707013.0
DW-007693,Renault,Triber,2020,321086.0,Manual,40696.0,Petrol,Gurgaon,7,5814.0,7.89,-29.1,https://www.cardekho.com/used-car-details/used-Renault-triber-rxz-cars-Gurgaon_926bb159-eb16-4b59-b69f-a9c75230a80d.htm,Good,8,9000,238652.0,525.03,321086.0
DW-000260,Mahindra,XUV500,2017,700000.0,Manual,60000.0,Diesel,Lucknow,10,6000.0,11.67,3.7,https://www.cardekho.com/used-cars+in+lucknow?pageNo=1,Fair,43,22000,547146.0,1203.72,700000.0
DW-010250,Maruti Suzuki,Wagon R,2025,625000.0,Manual,3000.0,Petrol,Mumbai,2,1500.0,208.33,78.0,https://www.cardekho.com/used-car-details/used-Maruti-wagon-r-vxi-cars-Mumbai_d0341188-0b59-4cc0-b555-8b9eaebed84c.htm,Excellent,71,3000,461230.0,1014.71,625000.0
DW-006224,Tata,Harrier,2021,950000.0,Manual,100000.0,Diesel,Agra,6,16667.0,9.5,-25.2,https://www.cardekho.com/used-car-details/used-Tata-harrier-xt-plus-2020-2022-cars-Agra_2e3f20f0-e89e-4cd3-8368-bdaca4b55ea7.htm,Fair,30,22000,690744.0,1519.64,950000.0
DW-000458,Hyundai,i10,2015,350000.0,Manual,97223.0,Petrol,Chennai,12,8102.0,3.6,55.6,https://www.cardekho.com/used-cars+in+chennai?pageNo=16,Fair,100,22000,267399.0,588.28,350000.0
DW-008205,Honda,City,2022,687000.0,Manual,30896.0,Petrol,Ghaziabad,5,6179.0,22.24,16.4,https://www.cardekho.com/used-car-details/used-Honda-city-v-mt-cars-Ghaziabad_95102b73-93c8-4f4c-b05e-a4b8389f1c92.htm,Good,40,9000,525493.0,1156.08,687000.0
DW-009048,Hyundai,Grand i10,2017,341579.0,Manual,54040.0,Petrol,Ranchi,10,5404.0,6.32,-5.9,https://www.cardekho.com/used-car-details/used-Hyundai-grand-i10-12-kappa-sportz-bsiv-cars-Ranchi_2770b529-2c0f-4c6e-bafe-05fa18f48a7d.htm,Fair,34,22000,260284.0,572.62,341579.0
DW-003685,Renault,KWID,2019,289832.0,Manual,39640.0,Petrol,Lucknow,8,4955.0,7.31,11.5,https://www.cardekho.com/used-car-details/used-Renault-kwid-10-rxt-optional-cars-Lucknow_0fadc4c3-fa14-4a4c-8d32-15ab5b889d06.htm,Good,35,9000,213289.0,469.24,289832.0
DW-006293,Volkswagen,Virtus,2025,1400000.0,Manual,20000.0,Petrol,Agra,2,10000.0,70.0,17.6,https://www.cardekho.com/used-car-details/used-Volkswagen-virtus-gt-line-cars-Agra_9341260c-6ed1-4db4-a47e-57f9e5df72c0.htm?adId=30489&adType=41,Good,28,9000,1171125.0,2576.48,1400000.0
DW-004598,Ford,Ecosport,2016,624000.0,Manual,58694.0,Diesel,Mysore,11,5336.0,10.63,34.5,https://www.cardekho.com/used-car-details/used-Ford-ecosport-15-tdci-titanium-bsiv-cars-Mysore_9f6e31d7-5704-4a58-888d-e3167feedb50.htm,Fair,54,22000,475714.0,1046.57,624000.0
DW-010082,Ford,Figo,2014,178860.0,Manual,50786.0,Petrol,New Delhi,13,3907.0,3.52,-28.5,https://www.cardekho.com/used-car-details/used-Ford-figo-petrol-titanium-cars-New-Delhi_bb9c1237-5583-45d3-90f9-f90184140ea1.htm,Fair,6,22000,106311.0,233.88,178860.0
DW-008491,Skoda,Kodiaq,2020,2125000.0,Automatic,51000.0,Diesel,New Delhi,7,7286.0,41.67,-11.4,https://www.cardekho.com/used-car-details/used-Skoda-kodiaq-scout-cars-New-Delhi_49df7b36-8ff8-4123-b70d-feb7643d1f52.htm,Good,24,9000,1760623.0,3873.37,2125000.0
DW-000032,Renault,KWID,2022,377000.0,Automatic,21238.0,Petrol,Delhi,5,4248.0,17.75,45.0,https://www.cardekho.com/used-cars+in+delhi?pageNo=11,Good,58,9000,282568.0,621.65,377000.0
DW-002272,Mahindra,KUV 100 NXT,2016,298291.0,Manual,61766.0,Petrol,Pune,11,5615.0,4.83,-0.8,https://www.cardekho.com/used-car-details/used-Mahindra-kuv-100-nxt-g80-k8-6str-cars-Pune_9baf038a-5922-44a2-8c6b-827af67da05a.htm,Fair,51,22000,193141.0,424.91,298291.0
DW-006755,Hyundai,i10,2014,207821.0,Manual,63382.0,Petrol,Rajkot,13,4876.0,3.28,-7.6,https://www.cardekho.com/used-car-details/used-Hyundai-i10-magna-11l-cars-Rajkot_5b34185c-f6b1-4b25-bce0-cac29842fb68.htm,Fair,41,22000,128235.0,282.12,207821.0
DW-006970,Maruti Suzuki,Wagon R,2013,199000.0,Manual,68000.0,Petrol,Varanasi,14,4857.0,2.93,-43.3,https://www.cardekho.com/used-car-details/used-Maruti-wagon-r-vxi-bs-iv-cars-Varanasi_889fc993-0235-4415-92ed-d6235d3a7d9d.htm,Fair,12,22000,137823.0,303.21,199000.0
DW-005236,Mahindra,Bolero,2020,649000.0,Manual,95000.0,Diesel,Nagpur,7,13571.0,6.83,42.6,https://www.cardekho.com/used-car-details/used-Mahindra-bolero-b4-bsvi-cars-Nagpur_fc2297a3-f44e-4a03-abed-296231dbc699.htm,Good,89,9000,449912.0,989.81,649000.0
DW-007485,Renault,Triber,2019,435000.0,Manual,40000.0,Petrol,Jammu,8,5000.0,10.88,-3.9,https://www.cardekho.com/used-car-details/used-Renault-triber-rxt-bsiv-cars-Jammu_cea5ee2c-b05d-4434-9279-9ecea5b0d8cb.htm?adId=30708&adType=41,Good,25,9000,314200.0,691.24,435000.0
DW-005617,Tata,Punch,2024,707000.0,Manual,30000.0,Petrol,Bhopal,3,10000.0,23.57,15.9,https://www.cardekho.com/used-car-details/used-Tata-punch-adventure-cars-Bhopal_f178f5c2-6968-48ea-906d-fbc667acc685.htm,Good,38,9000,500724.0,1101.59,707000.0
DW-010133,BMW,3 Series,2023,6200000.0,Automatic,6500.0,Petrol,New Delhi,4,1625.0,953.85,313.2,https://www.cardekho.com/used-car-details/used-Bmw-3-series-m340i-xdrive-bsvi-cars-New-Delhi_ba94661a-2812-499f-bdb0-446b36354d5e.htm,Excellent,67,3000,4747202.0,10443.84,6200000.0
DW-000566,Mahindra,XUV 3XO,2025,766887.0,Manual,27656.0,Petrol,New Delhi,2,13828.0,27.73,-27.0,https://www.cardekho.com/used-car-details/used-Mahindra-xuv-3xo-ax5-cars-New-Delhi_6ce8a0c7-404a-4a46-91d6-cd516ed6b2da.htm,Good,8,9000,575485.0,1266.07,766887.0
DW-002545,Hyundai,Xcent,2014,267579.0,Manual,22300.0,Petrol,Kolkata,13,1715.0,12.0,-23.5,https://www.cardekho.com/used-car-details/used-Hyundai-xcent-12-vtvt-s-cars-Kolkata_7003211d-d003-4ed8-9b35-873ff06399d7.htm,Fair,3,22000,186252.0,409.75,267579.0
DW-006591,Renault,KWID,2018,325000.0,Manual,55000.0,Petrol,Nashik,9,6111.0,5.91,25.0,https://www.cardekho.com/used-car-details/used-Renault-kwid-rxt-cars-Nashik_96723c76-b7e1-4b2f-beb2-306204e3f94b.htm,Fair,63,22000,219132.0,482.09,325000.0
DW-004025,Ford,Endeavour,2017,1900000.0,Automatic,95000.0,Diesel,Chandigarh,10,9500.0,20.0,-5.0,https://www.cardekho.com/used-car-details/used-Ford-endeavour-32-titanium-at-4x4-cars-Chandigarh_4f53ee77-53e7-48d1-a2af-9cff445720e0.htm,Fair,42,22000,1317132.0,2897.69,1900000.0
DW-005158,Nissan,Kicks,2020,567855.0,Automatic,83462.0,Petrol,Vadodara,7,11923.0,6.8,1.6,https://www.cardekho.com/used-car-details/used-Nissan-kicks-13-turbo-xv-pre-cvt-cars-Vadodara_cb46f898-7f71-4cef-a798-cd6fd41296a7.htm,Good,50,9000,440831.0,969.83,567855.0
DW-008630,Honda,Amaze,2019,490000.0,Manual,73049.0,Petrol,Mangalore,8,9131.0,6.71,8.9,https://www.cardekho.com/buy-used-car-details/used-Honda-amaze-s-petrol-cars-Mangalore_afec54c0-8af8-4189-93c1-f1272377150b.htm,Good,67,9000,361468.0,795.23,490000.0
DW-005734,Hyundai,i20,2014,217236.0,Manual,116359.0,Petrol,Vadodara,13,8951.0,1.87,-53.4,https://www.cardekho.com/used-car-details/used-Hyundai-i20-magna-optional-12-cars-Vadodara_f2cc612b-3a79-4cfd-afef-8489ef521591.htm,Fair,39,22000,151289.0,332.84,217236.0
DW-007337,Mercedes-Benz,E-Class,2016,1690000.0,Automatic,30100.0,Petrol,Mumbai,11,2736.0,56.15,-44.6,https://www.cardekho.com/used-car-details/used-Mercedes-benz-e-class-e-200-cgi-cars-Mumbai_3d8e2642-6f19-42a0-beac-51293cf07489.htm,Fair,12,22000,1188547.0,2614.8,1690000.0
DW-000669,Renault,Kiger,2022,595000.0,Automatic,30000.0,Petrol,New Delhi,5,6000.0,19.83,11.8,https://www.cardekho.com/used-car-details/used-Renault-kiger-rxz-turbo-cvt-dt-cars-New-Delhi_cbd05d03-7ea7-404c-a138-3c10ced5dcbd.htm,Good,37,9000,408730.0,899.21,595000.0
DW-000677,Skoda,Slavia,2023,1090000.0,Automatic,84000.0,Petrol,New Delhi,4,21000.0,12.98,3.2,https://www.cardekho.com/used-car-details/used-Skoda-slavia-15-tsi-style-dsg-cars-New-Delhi_555f049f-fdde-4618-a613-56f94757abb4.htm,Fair,55,22000,781596.0,1719.51,1090000.0
DW-008181,Toyota,Glanza,2019,516000.0,Manual,87014.0,Petrol,Ghaziabad,8,10877.0,5.93,-19.4,https://www.cardekho.com/used-car-details/used-Toyota-glanza-v-cars-Ghaziabad_13f88bb6-61e0-4f48-8ad1-f535fb26c908.htm,Good,34,9000,387537.0,852.58,516000.0
DW-010296,Maruti Suzuki,Ertiga,2024,1111000.0,Manual,26000.0,CNG,Thane,3,8667.0,42.73,43.8,https://www.cardekho.com/used-car-details/used-Maruti-ertiga-vxi-cng-cars-Thane_bb072b7d-c10c-4aeb-9c5a-15823dd53930.htm?adId=31871&adType=41,Excellent,59,3000,840372.0,1848.82,1111000.0
DW-001836,Nissan,Magnite,2021,585660.0,Automatic,32506.0,Petrol,Hyderabad,6,5418.0,18.02,6.5,https://www.cardekho.com/used-car-details/used-Nissan-magnite-turbo-cvt-xv-bsvi-cars-Hyderabad_ce0b9814-b2bd-4653-9161-a5706e363926.htm,Good,29,9000,472146.0,1038.72,585660.0
DW-007230,Honda,Amaze,2021,661000.0,Manual,79324.0,Petrol,Aurangabad,6,13221.0,8.33,46.9,https://www.cardekho.com/used-car-details/used-Honda-amaze-vx-petrol-cars-Aurangabad_675f24cb-b9a1-4edd-97e3-55c2f8849240.htm,Good,87,9000,491163.0,1080.56,661000.0
DW-006227,Mahindra,XUV500,2016,550000.0,Manual,90000.0,Diesel,Agra,11,8182.0,6.11,-18.5,https://www.cardekho.com/used-car-details/used-Mahindra-xuv500-w10-2wd-cars-Agra_a20b230f-7bfd-4cdc-94b0-8e7a432b9a32.htm,Fair,31,22000,406761.0,894.87,550000.0
DW-004276,Kia,Seltos,2021,1090000.0,Manual,35736.0,Petrol,Coimbatore,6,5956.0,30.5,-0.9,https://www.cardekho.com/used-car-details/used-Kia-seltos-htk-plus-imt-cars-Coimbatore_a5357bf3-039e-4d21-ae2a-9fe42f65025f.htm,Good,33,9000,851040.0,1872.29,1090000.0
DW-005762,Maruti Suzuki,Baleno,2018,480000.0,Manual,89780.0,Petrol,Vadodara,9,9976.0,5.35,-3.3,https://www.cardekho.com/used-car-details/used-Maruti-baleno-sigma-cars-Vadodara_dc8c394f-e012-41ab-b319-90390dd3d646.htm,Fair,55,22000,315572.0,694.26,480000.0
DW-000734,Mercedes-Benz,GLC,2017,1925000.0,Automatic,96000.0,Diesel,New Delhi,10,9600.0,20.05,-56.2,https://www.cardekho.com/used-car-details/used-Mercedes-benz-glc-progressive-220d-cars-New-Delhi_665be39f-668a-4cbf-a624-f82e90414c8c.htm,Fair,32,22000,1474245.0,3243.34,1925000.0
DW-001057,BMW,X3,2025,7699999.0,Automatic,17900.0,Diesel,Mumbai,2,8950.0,430.17,227.7,https://www.cardekho.com/used-car-details/used-Bmw-x3-xdrive20d-m-sport-cars-Mumbai_d1bb9d7b-ee6b-4f20-ae60-ae602262b16c.htm,Excellent,68,3000,5785279.0,12727.61,7699999.0
DW-005141,MG,Hector Plus,2021,1000000.0,Automatic,70000.0,Petrol,Vapi,6,11667.0,14.29,-23.1,https://www.cardekho.com/used-car-details/used-Mg-hector-plus-sharp-dct-cars-Vapi_a9a1558d-bd6b-44ad-aad0-136869c30d30.htm,Good,27,9000,754192.0,1659.22,1000000.0
DW-000374,Hyundai,i10,2011,169000.0,Manual,45000.0,Petrol,Nagpur,16,2812.0,3.76,-24.9,https://www.cardekho.com/used-cars+in+nagpur?pageNo=1,Fair,11,22000,98842.0,217.45,169000.0
DW-002575,Hyundai,Creta,2022,900000.0,Manual,31000.0,Petrol,Kolkata,5,6200.0,29.03,5.9,https://www.cardekho.com/used-car-details/used-Hyundai-creta-s-plus-knight-bsvi-cars-Kolkata_029f6a92-41d3-4176-bc0f-bc2c311adecb.htm,Good,38,9000,726681.0,1598.7,900000.0
DW-004105,Nissan,Magnite,2021,370139.0,Manual,38716.0,Petrol,Karnal,6,6453.0,9.56,-32.7,https://www.cardekho.com/used-car-details/used-Nissan-magnite-xe-cars-Karnal_7e3f89be-25e9-4f5e-8161-035c4ca8463f.htm,Good,3,9000,302420.0,665.32,370139.0
DW-006437,Maruti Suzuki,S Cross,2017,575000.0,Manual,92000.0,Diesel,Nashik,10,9200.0,6.25,-11.5,https://www.cardekho.com/used-car-details/used-Maruti-s-cross-sigma-ddis-200-sh-cars-Nashik_ddd62756-9b10-4a5f-851e-fcd9ecbf7a48.htm,Fair,41,22000,382421.0,841.33,575000.0
DW-008037,BMW,X3,2020,3300000.0,Automatic,60000.0,Diesel,Noida,7,8571.0,55.0,40.4,https://www.cardekho.com/used-car-details/used-Bmw-x3-xdrive-20d-luxury-line-cars-Noida_cd767973-085e-49b0-81c8-aff47a0128f9.htm,Good,59,9000,2598680.0,5717.1,3300000.0
DW-005922,Nissan,Magnite,2021,581608.0,Automatic,60215.0,Petrol,Vadodara,6,10036.0,9.66,5.7,https://www.cardekho.com/buy-used-car-details/used-Nissan-magnite-turbo-cvt-xv-cars-Vadodara_0398485a-fdb2-4eff-a7a0-a5cb10dab4f1.htm,Good,35,9000,464764.0,1022.48,581608.0
DW-003352,Volkswagen,Polo,2014,425000.0,Automatic,71000.0,Petrol,Jaipur,13,5462.0,5.99,7.6,https://www.cardekho.com/used-car-details/used-Volkswagen-polo-gt-tsi-cars-Jaipur_4db13595-1609-42c1-9c44-41ab06a96c01.htm,Fair,58,22000,293656.0,646.04,425000.0
DW-009724,Tata,Tiago,2021,362095.0,Manual,49567.0,Petrol,Faridabad,6,8261.0,7.31,-8.3,https://www.cardekho.com/used-car-details/used-Tata-tiago-xt-bsvi-cars-Faridabad_632ae3bc-f3b9-4d15-b972-7403ec91820b.htm,Good,34,9000,287242.0,631.93,362095.0
DW-000336,Hyundai,Grand i10 Nios,2022,525000.0,Manual,33000.0,Petrol,Indore,5,6600.0,15.91,-8.5,https://www.cardekho.com/used-cars+in+indore?pageNo=1,Good,17,9000,408298.0,898.26,525000.0
DW-004092,Nissan,Magnite,2021,427000.0,Manual,87404.0,Petrol,Chandigarh,6,14567.0,4.89,-22.4,https://www.cardekho.com/used-car-details/used-Nissan-magnite-turbo-xv-cars-Chandigarh_3d921138-081d-49d9-a05d-14a9844139a6.htm,Good,23,9000,349413.0,768.71,427000.0
DW-009317,MG,Hector,2021,1550000.0,Manual,40000.0,Diesel,Jodhpur,6,6667.0,38.75,35.8,https://www.cardekho.com/used-car-details/used-Mg-hector-sharp-diesel-dualtone-cars-Jodhpur_48291c64-f80c-48b2-a333-431acd645baa.htm,Good,42,9000,1304084.0,2868.98,1550000.0
DW-000170,Mahindra,Thar ROXX,2025,1990000.0,Automatic,12000.0,Diesel,Chennai,2,6000.0,165.83,-1.7,https://www.cardekho.com/used-cars+in+chennai?pageNo=1,Excellent,15,3000,1402640.0,3085.81,1990000.0
DW-008707,Honda,City,2022,850000.0,Manual,80000.0,Petrol,Visakhapatnam,5,16000.0,10.62,44.1,https://www.cardekho.com/used-car-details/used-Honda-city-v-mt-cars-Visakhapatnam_63b83717-c4af-40e0-8738-2f514e453783.htm?adId=33563&adType=41,Fair,97,22000,629730.0,1385.41,850000.0
DW-003650,Kia,Seltos,2019,675000.0,Manual,60000.0,Petrol,Lucknow,8,7500.0,11.25,-38.6,https://www.cardekho.com/used-car-details/used-Kia-seltos-gtk-cars-Lucknow_02ac9cdf-d150-42ed-8afd-ffca7e344ec2.htm,Good,18,9000,518883.0,1141.54,675000.0
DW-008850,Hyundai,Creta,2023,1350000.0,Manual,50000.0,Petrol,Guwahati,4,12500.0,27.0,58.8,https://www.cardekho.com/used-car-details/used-Hyundai-creta-s-plus-knight-cars-Guwahati_1dd7a752-1092-4235-91d4-5bb8c840ec88.htm,Good,79,9000,965716.0,2124.58,1350000.0
DW-005290,Kia,Sonet,2022,895000.0,Manual,65000.0,Diesel,Nagpur,5,13000.0,13.77,2.6,https://www.cardekho.com/used-car-details/used-Kia-sonet-htx-diesel-anniversary-edition-cars-Nagpur_33c9dad7-55d1-4ff5-9e8f-177f48a62a31.htm,Good,46,9000,662646.0,1457.82,895000.0
DW-008481,Renault,Captur,2019,450000.0,Manual,50000.0,Petrol,Dehradun,8,6250.0,9.0,-10.1,https://www.cardekho.com/used-car-details/used-Renault-captur-15-petrol-rxe-cars-Dehradun_2c2bb04f-d171-4b6f-bbec-7de4480127b6.htm,Good,18,9000,372666.0,819.87,450000.0
DW-006811,Toyota,Etios,2011,210000.0,Manual,90000.0,Petrol,Rajkot,16,5625.0,2.33,-25.5,https://www.cardekho.com/used-car-details/used-Toyota-etios-g-cars-Rajkot_b7da17a7-3794-4efd-8a28-028ad96a4a07.htm,Fair,29,22000,125511.0,276.12,210000.0
DW-004023,Ford,Ecosport,2020,670579.0,Automatic,60462.0,Petrol,Chandigarh,7,8637.0,11.09,44.5,https://www.cardekho.com/used-car-details/used-Ford-ecosport-titanium-plus-at-cars-Chandigarh_092de757-4dbf-4f67-b00b-7e2bd6b44be4.htm,Good,75,9000,505922.0,1113.03,670579.0
DW-008184,Toyota,Fortuner,2017,1900000.0,Automatic,190500.0,Diesel,Ghaziabad,10,19050.0,9.97,-22.4,https://www.cardekho.com/used-car-details/used-Toyota-fortuner-28-2wd-at-bsiv-cars-Ghaziabad_d9c62cf2-f904-43e8-bcc0-af8e95b2d65a.htm?adId=30722&adType=41,Fair,73,22000,1548157.0,3405.95,1900000.0
DW-008727,Maruti Suzuki,Alto 800,2017,257474.0,Manual,46197.0,Petrol,Visakhapatnam,10,4620.0,5.57,3.0,https://www.cardekho.com/used-car-details/used-Maruti-alto-800-vxi-cars-Visakhapatnam_523d8ca0-cfa5-4ca5-93e6-bee48c1b12a9.htm,Fair,41,22000,170741.0,375.63,257474.0
DW-003616,Toyota,Glanza,2022,624000.0,Automatic,87994.0,Petrol,Lucknow,5,17599.0,7.09,-2.5,https://www.cardekho.com/used-car-details/used-Toyota-glanza-v-amt-cars-Lucknow_fc9a2b5d-746f-471a-82af-da4db3bc1a93.htm,Fair,50,22000,459709.0,1011.36,624000.0
DW-002031,Volkswagen,Vento,2021,783000.0,Automatic,77776.0,Petrol,Chennai,6,12963.0,10.07,88.7,https://www.cardekho.com/used-car-details/used-Volkswagen-vento-10-tsi-highline-plus-at-cars-Chennai_dd03c640-d28a-42aa-8d98-f6c061a14c75.htm,Good,98,9000,653971.0,1438.74,783000.0
DW-001124,MG,Hector,2021,939000.0,Manual,69000.0,Petrol,Mumbai,6,11500.0,13.61,-17.7,https://www.cardekho.com/used-car-details/used-Mg-hector-hybrid-sharp-mt-cars-Mumbai_c375b155-d4c9-4e34-a0cc-8402d9ac4760.htm,Good,24,9000,715186.0,1573.41,939000.0
DW-004708,Mahindra,Thar,2020,950000.0,Automatic,62000.0,Petrol,Indore,7,8857.0,15.32,-21.4,https://www.cardekho.com/used-car-details/used-Mahindra-thar-lx-4wd-hard-top-at-bsvi-cars-Indore_4b260b9c-49e9-4b81-9698-9fa58c04be29.htm,Good,28,9000,674656.0,1484.24,950000.0
DW-001040,Ford,Ecosport,2016,440000.0,Automatic,62500.0,Petrol,Mumbai,11,5682.0,7.04,-5.2,https://www.cardekho.com/used-car-details/used-Ford-ecosport-15-ti-vct-at-titanium-bsiv-cars-Mumbai_de2fe8df-a1be-4378-a425-2143ca1c3a3b.htm?adId=31240&adType=41,Fair,46,22000,289414.0,636.71,440000.0
DW-008006,Skoda,Slavia,2022,967000.0,Automatic,33990.0,Petrol,Noida,5,6798.0,28.45,-8.5,https://www.cardekho.com/used-car-details/used-Skoda-slavia-10-tsi-style-at-bsvi-cars-Noida_d5b9b60a-0870-407b-8cc1-5f6ef6cc372e.htm,Good,16,9000,805033.0,1771.07,967000.0
DW-000316,Mahindra,KUV 100,2017,355000.0,Manual,26210.0,Petrol,Coimbatore,10,2621.0,13.54,24.3,https://www.cardekho.com/used-cars+in+coimbatore?pageNo=1,Fair,40,22000,240654.0,529.44,355000.0
DW-000928,Toyota,Etios,2011,225000.0,Manual,64000.0,Petrol,Mumbai,16,4000.0,3.52,-20.2,https://www.cardekho.com/used-car-details/used-Toyota-etios-v-cars-Mumbai_1eda6c01-364e-494f-b8af-4ce2227ed343.htm?adId=34410&adType=41,Fair,32,22000,152512.0,335.53,225000.0
DW-004986,Honda,Brio,2014,212500.0,Manual,65136.0,Petrol,Surat,13,5010.0,3.26,-21.6,https://www.cardekho.com/buy-used-car-details/used-Honda-brio-s-mt-cars-Surat_3ff15126-22b4-46fe-8cd3-004a6deadc5e.htm,Fair,23,22000,129641.0,285.21,212500.0
DW-000544,Tata,Punch,2022,513580.0,Manual,42102.0,Petrol,Gurgaon,5,8420.0,12.2,-15.8,https://www.cardekho.com/used-car-details/used-Tata-punch-adventure-rhythm-cars-Gurgaon_4ecca94e-c079-4f57-8a3a-8829790d5705.htm,Good,28,9000,383143.0,842.91,513580.0
DW-003013,Volkswagen,Jetta,2014,425000.0,Manual,120000.0,Diesel,Ahmedabad,13,9231.0,3.54,-14.6,https://www.cardekho.com/used-car-details/used-Volkswagen-jetta-20l-tdi-comfortline-cars-Ahmedabad_6039849d-2d18-4fe9-b094-c179cb15de6f.htm,Fair,49,22000,334794.0,736.55,425000.0
DW-002276,Mahindra,XUV700,2024,2350000.0,Automatic,25717.0,Diesel,Pune,3,8572.0,91.38,34.3,https://www.cardekho.com/used-car-details/used-Mahindra-xuv700-ax7l-7str-diesel-at-cars-Pune_35483ee6-1c82-4c07-b491-e31f7a44a6bc.htm,Excellent,61,3000,1819101.0,4002.02,2350000.0
DW-001112,Audi,Q3,2016,1399999.0,Automatic,86000.0,Diesel,Mumbai,11,7818.0,16.28,-2.6,https://www.cardekho.com/used-car-details/used-Audi-q3-35-tdi-quattro-premium-cars-Mumbai_7b664eed-5502-4616-aafa-aed47fd7b5f2.htm,Fair,48,22000,1161938.0,2556.26,1399999.0
DW-001741,Ford,Aspire,2016,360000.0,Manual,92000.0,Diesel,Hyderabad,11,8364.0,3.91,0.0,https://www.cardekho.com/used-car-details/used-Ford-aspire-15-tdci-titanium-cars-Hyderabad_1b56fcb6-3959-4ab1-8b21-df8277bef60f.htm,Fair,53,22000,243977.0,536.75,360000.0
DW-001887,MG,Hector,2021,1056516.0,Automatic,63194.0,Petrol,Chennai,6,10532.0,16.72,-7.4,https://www.cardekho.com/buy-used-car-details/used-Mg-hector-sharp-cvt-cars-Chennai_0b7f35a8-0735-4bb1-8a81-f602befa18ad.htm,Good,44,9000,810520.0,1783.14,1056516.0
DW-000534,Hyundai,Creta,2025,1750000.0,Automatic,27000.0,Petrol,New Delhi,2,13500.0,64.81,105.9,https://www.cardekho.com/used-car-details/used-Hyundai-creta-sx-o-ivt-cars-New-Delhi_6117bbcb-7c8a-4816-849a-fd988ae32f71.htm,Good,72,9000,1441627.0,3171.58,1750000.0
DW-005398,Jeep,Compass,2018,780000.0,Automatic,85000.0,Petrol,Nagpur,9,9444.0,9.18,-20.0,https://www.cardekho.com/used-car-details/used-Jeep-compass-14-limited-option-cars-Nagpur_21ce4347-09a5-4b4f-b787-328460cff025.htm?adId=30736&adType=41,Fair,27,22000,576446.0,1268.18,780000.0
DW-000048,Kia,Seltos,2021,775000.0,Manual,47000.0,Petrol,Mumbai,6,7833.0,16.49,-29.5,https://www.cardekho.com/used-cars+in+mumbai?pageNo=1,Good,8,9000,565990.0,1245.18,775000.0
DW-010071,Ford,Endeavour,2018,1675000.0,Automatic,251000.0,Diesel,New Delhi,9,27889.0,6.67,-16.2,https://www.cardekho.com/used-car-details/used-Ford-endeavour-22-titanium-at-4x2-cars-New-Delhi_32556c4b-09a3-4dcd-9a3d-b520311886d8.htm,Poor,105,45000,1342438.0,2953.36,1675000.0
DW-008883,Hyundai,Venue,2021,650000.0,Manual,67000.0,Petrol,Guwahati,6,11167.0,9.7,-8.6,https://www.cardekho.com/used-car-details/used-Hyundai-venue-sx-turbo-imt-cars-Guwahati_91d588a5-a109-4a48-9ee3-0a9f8895ac89.htm,Good,26,9000,484014.0,1064.83,650000.0
DW-009174,Hyundai,EON,2017,271025.0,Manual,42788.0,Petrol,Jodhpur,10,4279.0,6.33,29.9,https://www.cardekho.com/used-car-details/used-Hyundai-eon-magna-cars-Jodhpur_cffa2db5-1aa3-46a4-a8ea-a48e291af869.htm,Fair,60,22000,189293.0,416.44,271025.0
DW-006740,Maruti Suzuki,Swift Dzire,2016,519816.0,Automatic,49470.0,Diesel,Rajkot,11,4497.0,10.51,32.3,https://www.cardekho.com/buy-used-car-details/used-Maruti-swift-dzire-amt-zdi-cars-Rajkot_9f04ceaf-e1ad-4e44-90ed-3a3a1d5e03a6.htm,Fair,57,22000,418013.0,919.63,519816.0
DW-008651,Volkswagen,Taigun,2022,1325000.0,Manual,30000.0,Petrol,Kasaragod,5,6000.0,44.17,20.5,https://www.cardekho.com/used-car-details/used-Volkswagen-taigun-10-tsi-topline-bsvi-cars-Kasaragod_fa017fa8-991c-487d-967f-cbc830c0143a.htm,Good,50,9000,955564.0,2102.24,1325000.0
DW-003661,Volkswagen,Polo,2014,350000.0,Automatic,18000.0,Petrol,Lucknow,13,1385.0,19.44,-11.4,https://www.cardekho.com/used-car-details/used-Volkswagen-polo-gt-tsi-cars-Lucknow_cd663a41-a7d8-47c9-8e1a-bda87e921f80.htm,Fair,3,22000,238824.0,525.41,350000.0
DW-006654,Mercedes-Benz,E-Class,2014,1651000.0,Automatic,135174.0,Diesel,Nashik,13,10398.0,12.21,-45.9,https://www.cardekho.com/used-car-details/used-Mercedes-benz-e-class-e250-cdi-cars-Nashik_53ed983a-f8f1-4163-90c2-bdad9eb2ffd9.htm,Fair,40,22000,1141394.0,2511.07,1651000.0
DW-007251,Kia,Carens,2024,1175000.0,Manual,10200.0,Petrol,Mumbai,3,3400.0,115.2,2.3,https://www.cardekho.com/used-car-details/used-Kia-carens-prestige-opt-cars-Mumbai_811c4204-1b9d-4913-8819-a55ce7e36fd5.htm,Excellent,11,3000,888561.0,1954.83,1175000.0
DW-003413,Ford,Ecosport,2016,440698.0,Manual,117325.0,Diesel,Jaipur,11,10666.0,3.76,-5.0,https://www.cardekho.com/used-car-details/used-Ford-ecosport-15-tdci-titanium-bsiv-cars-Jaipur_8f369dba-8e09-42ca-9360-29fa5dc6452a.htm,Fair,53,22000,299722.0,659.39,440698.0
DW-001370,Renault,Captur,2018,515053.0,Manual,116348.0,Diesel,Bangalore,9,12928.0,4.43,2.9,https://www.cardekho.com/used-car-details/used-Renault-captur-15-diesel-platine-cars-Bangalore_c8cde901-7a91-40c9-8350-4cbef58ba553.htm,Fair,65,22000,391075.0,860.36,515053.0
DW-001892,Ford,Figo,2012,245000.0,Manual,75272.0,Diesel,Chennai,15,5018.0,3.25,-2.0,https://www.cardekho.com/used-car-details/used-Ford-figo-diesel-exi-cars-Chennai_82f52f6e-4681-43fd-a7dc-5afc21b02102.htm,Fair,42,22000,156164.0,343.56,245000.0
DW-004111,Nissan,Magnite,2024,580000.0,Manual,24000.0,Petrol,Karnal,3,8000.0,24.17,5.4,https://www.cardekho.com/used-car-details/used-Nissan-magnite-kuro-mt-cars-Karnal_2352164f-49d2-45e8-9941-6b228e23456f.htm,Excellent,27,3000,461709.0,1015.76,580000.0
DW-006464,Hyundai,i20,2014,465000.0,Manual,52000.0,Petrol,Nashik,13,4000.0,8.94,-0.2,https://www.cardekho.com/used-car-details/used-Hyundai-i20-asta-12-cars-Nashik_d4395834-6f73-42d1-a33a-dda505c9f632.htm,Fair,35,22000,321877.0,708.13,465000.0
DW-004003,Skoda,Rapid,2015,365000.0,Automatic,99000.0,Diesel,Chandigarh,12,8250.0,3.69,-25.5,https://www.cardekho.com/used-car-details/used-Skoda-rapid-15-tdi-at-ambition-cars-Chandigarh_bf73520a-4e15-494e-9be6-0b6b45209ece.htm,Fair,35,22000,252948.0,556.49,365000.0
DW-006024,Honda,Brio,2012,200000.0,Manual,86000.0,Petrol,Ludhiana,15,5733.0,2.33,-26.2,https://www.cardekho.com/used-car-details/used-Honda-brio-v-mt-cars-Ludhiana_24bddee9-ac94-490f-86d0-3138737464a3.htm?adId=31590&adType=41,Fair,22,22000,128466.0,282.63,200000.0
DW-001693,Volkswagen,Virtus,2022,848751.0,Manual,70156.0,Petrol,Hyderabad,5,14031.0,12.1,-28.7,https://www.cardekho.com/used-car-details/used-Volkswagen-virtus-topline-bsvi-cars-Hyderabad_307e98c5-c4a1-4842-91d1-11d50fab9d25.htm,Good,24,9000,676377.0,1488.03,848751.0
DW-002390,Skoda,Kushaq,2025,1625000.0,Automatic,15000.0,Petrol,Pune,2,7500.0,108.33,58.8,https://www.cardekho.com/used-car-details/used-Skoda-kushaq-15l-prestige-dsg-cars-Pune_a5fb682b-1dfb-4e18-8ee3-89fbd12ff8ed.htm,Excellent,72,3000,1248212.0,2746.07,1625000.0
DW-010248,Maruti Suzuki,Wagon R,2018,375000.0,Manual,81000.0,CNG,Mumbai,9,9000.0,4.63,6.8,https://www.cardekho.com/used-car-details/used-Maruti-wagon-r-lxi-cng-cars-Mumbai_44565da6-39c9-4f94-af3c-a5adb0dc1f6b.htm,Fair,55,22000,260823.0,573.81,375000.0
DW-010205,Maruti Suzuki,Swift,2011,225000.0,Manual,67000.0,Petrol,Mumbai,16,4188.0,3.36,-51.8,https://www.cardekho.com/used-car-details/used-Maruti-swift-vxi-cars-Mumbai_2e6ee78e-b858-40a0-abcd-814c07f2dbe0.htm,Fair,21,22000,164276.0,361.41,225000.0
DW-005909,Mercedes-Benz,GLA Class,2017,1120000.0,Automatic,120000.0,Diesel,Vadodara,10,12000.0,9.33,-22.5,https://www.cardekho.com/used-car-details/used-Mercedes-benz-gla-class-200-d-sport-cars-Vadodara_e2f2ff29-aa93-4e0c-938f-ea1bda12ec84.htm,Fair,47,22000,858088.0,1887.79,1120000.0
DW-010182,Audi,A4,2019,1990000.0,Automatic,38000.0,Petrol,New Delhi,8,4750.0,52.37,18.5,https://www.cardekho.com/used-car-details/used-Audi-a4-30-tfsi-premium-plus-cars-New-Delhi_e4c75cf4-ee48-4923-a1e8-f21741eea5db.htm,Good,57,9000,1447829.0,3185.22,1990000.0
DW-002985,Honda,Brio,2017,350000.0,Manual,59000.0,Petrol,Ahmedabad,10,5900.0,5.93,29.2,https://www.cardekho.com/used-car-details/used-Honda-brio-12-s-mt-cars-Ahmedabad_68b4a592-e674-424e-a0a7-c0f3b2fe7694.htm,Fair,61,22000,270255.0,594.56,350000.0
DW-006023,Toyota,Etios,2013,300000.0,Manual,180000.0,Diesel,Ludhiana,14,12857.0,1.67,6.4,https://www.cardekho.com/used-car-details/used-Toyota-etios-vd-cars-Ludhiana_a33850f5-5f26-4ffb-8b70-0c5bab15da05.htm,Fair,90,22000,203419.0,447.52,300000.0
DW-003772,MG,Hector Plus,2024,1975000.0,Automatic,26000.0,Petrol,Lucknow,3,8667.0,75.96,51.9,https://www.cardekho.com/used-car-details/used-Mg-hector-plus-savvy-pro-cvt-7-str-2023-2025-cars-Lucknow_7576ed89-43c2-4741-9a1d-933cfb6f3aa2.htm?adId=34057&adType=41,Excellent,62,3000,1391048.0,3060.31,1975000.0
DW-008890,Tata,Altroz,2025,700000.0,Manual,30000.0,Petrol,Guwahati,2,15000.0,23.33,21.7,https://www.cardekho.com/used-car-details/used-Tata-altroz-xt-cars-Guwahati_ab2c4e12-3b37-46ff-82ae-79eacaa0c550.htm,Fair,38,22000,519933.0,1143.85,700000.0
DW-001509,Jeep,Compass,2022,1850000.0,Automatic,35904.0,Petrol,Bangalore,5,7181.0,51.53,89.7,https://www.cardekho.com/used-car-details/used-Jeep-compass-14-model-s-opt-at-cars-Bangalore_15cdd3f9-b7d3-4680-85da-b6a17cb5473e.htm,Good,70,9000,1320393.0,2904.86,1850000.0
DW-008544,Hyundai,Venue,2025,1245000.0,Manual,21743.0,Diesel,Mangalore,2,10872.0,57.26,75.1,https://www.cardekho.com/used-car-details/used-Hyundai-venue-sx-opt-diesel-cars-Mangalore_f3fef60a-8d5c-430c-8834-58c9f63543db.htm,Good,66,9000,907034.0,1995.47,1245000.0
DW-005380,MG,Hector Plus,2024,1800000.0,Manual,60000.0,Petrol,Gondia,3,20000.0,30.0,38.4,https://www.cardekho.com/used-car-details/used-Mg-hector-plus-select-pro-7-str-2023-2025-cars-Gondia_a6847ed0-4cbd-43de-b208-3d8284df21e1.htm,Fair,69,22000,1439720.0,3167.38,1800000.0
DW-000533,Hyundai,Creta,2023,1210000.0,Manual,40000.0,Petrol,Gurgaon,4,10000.0,30.25,42.4,https://www.cardekho.com/used-car-details/used-Hyundai-creta-sx-cars-Gurgaon_76a0a2ba-cb85-44f8-b59a-816a362c6601.htm?adId=33782&adType=41,Good,67,9000,861731.0,1895.81,1210000.0
DW-006897,Skoda,Laura,2008,300000.0,Manual,120000.0,Petrol,Rajkot,19,6316.0,2.5,9.1,https://www.cardekho.com/used-car-details/used-Skoda-laura-18-tsi-ambition-cars-Rajkot_81e6764a-141c-4905-9a96-82e68c0fe951.htm,Fair,71,22000,224312.0,493.49,300000.0
DW-002358,Volkswagen,Taigun,2025,1960000.0,Automatic,8000.0,Petrol,Pune,2,4000.0,245.0,78.2,https://www.cardekho.com/used-car-details/used-Volkswagen-taigun-15-gt-plus-chrome-dsg-es-cars-Pune_76d295bd-60a7-44e1-8d16-4e13cd5ffd07.htm,Excellent,62,3000,1644451.0,3617.79,1960000.0
DW-006649,BMW,5 Series,2018,2550000.0,Automatic,70000.0,Diesel,Mumbai,9,7778.0,36.43,1.0,https://www.cardekho.com/used-car-details/used-Bmw-5-series-520d-luxury-line-cars-Mumbai_9168dfee-4a99-42c1-960f-4bcfe47362b5.htm,Fair,49,22000,1994999.0,4389.0,2550000.0
DW-002255,Tata,Punch,2023,650000.0,Automatic,67000.0,Petrol,Pune,4,16750.0,9.7,6.6,https://www.cardekho.com/used-car-details/used-Tata-punch-creative-amt-cars-Pune_92bfae45-7992-4a35-903f-07f8dce9fdd7.htm?adId=34213&adType=41,Fair,52,22000,502260.0,1104.97,650000.0
DW-010312,Honda,Amaze,2014,330000.0,Automatic,59000.0,Petrol,Mumbai,13,4538.0,5.59,-26.7,https://www.cardekho.com/used-car-details/used-Honda-amaze-s-at-i-vtech-cars-Mumbai_cf735ca6-f7a0-4fab-851b-98afaa02f35f.htm,Fair,16,22000,244323.0,537.51,330000.0
DW-009596,Mercedes-Benz,C-Class,2024,4300000.0,Automatic,34115.0,Petrol,Gurgaon,3,11372.0,126.04,105.7,https://www.cardekho.com/used-car-details/used-Mercedes-benz-c-class-c-200-cars-Gurgaon_8884c26e-878a-4a74-9c35-4476c0feaabf.htm?adId=34649&adType=1,Good,73,9000,3641361.0,8010.99,4300000.0
DW-000971,Kia,Carnival,2020,2575000.0,Automatic,45000.0,Diesel,Mumbai,7,6429.0,57.22,0.0,https://www.cardekho.com/used-car-details/used-Kia-carnival-prestige-cars-Mumbai_df44fa6f-22fe-4645-b264-03d32447b1a6.htm,Good,36,9000,1925419.0,4235.92,2575000.0
DW-002274,Mahindra,KUV 100 NXT,2016,246508.0,Manual,58064.0,Petrol,Pune,11,5279.0,4.25,-18.0,https://www.cardekho.com/buy-used-car-details/used-Mahindra-kuv-100-nxt-g80-k8-6str-cars-Pune_f4058bd5-63f1-4f71-a39d-8a17d68a0483.htm,Fair,25,22000,156577.0,344.47,246508.0
DW-006903,Ford,Fiesta,2012,250000.0,Manual,90000.0,Diesel,Rajkot,15,6000.0,2.78,51.5,https://www.cardekho.com/used-car-details/used-Ford-fiesta-14-duratorq-clxi-cars-Rajkot_e1a665be-b924-4126-8ff8-1bef550a1922.htm,Fair,84,22000,172469.0,379.43,250000.0
DW-003626,Honda,Amaze,2021,580330.0,Automatic,57871.0,Petrol,Lucknow,6,9645.0,10.03,29.0,https://www.cardekho.com/buy-used-car-details/used-Honda-amaze-vx-cvt-petrol-cars-Lucknow_5e55437d-9b88-4b56-b6d8-b5399abae15e.htm,Good,61,9000,443650.0,976.03,580330.0
DW-002630,Toyota,Innova Crysta,2018,1325000.0,Manual,62000.0,Diesel,Kolkata,9,6889.0,21.37,-24.9,https://www.cardekho.com/used-car-details/used-Toyota-innova-crysta-24-vx-mt-bsiv-cars-Kolkata_2903254d-479e-49ac-8d1a-e2617a16a198.htm,Fair,21,22000,940860.0,2069.89,1325000.0
DW-004093,Nissan,Magnite,2021,434000.0,Manual,50020.0,Petrol,Chandigarh,6,8337.0,8.68,-21.1,https://www.cardekho.com/used-car-details/used-Nissan-magnite-xl-cars-Chandigarh_e030271f-8057-49e9-92df-7141f4a391ac.htm,Good,13,9000,334713.0,736.37,434000.0
DW-003027,Renault,KWID,2017,275000.0,Automatic,50000.0,Petrol,Ahmedabad,10,5000.0,5.5,5.8,https://www.cardekho.com/used-car-details/used-Renault-kwid-10-rxt-optional-at-2016-2019-cars-Ahmedabad_18baab71-ef32-4410-9ec1-2b91a5807984.htm,Fair,41,22000,171083.0,376.38,275000.0
DW-005251,Toyota,Innova Crysta,2021,1840000.0,Manual,179000.0,Diesel,Nagpur,6,29833.0,10.28,4.2,https://www.cardekho.com/used-car-details/used-Toyota-innova-crysta-24-vx-7-str-cars-Nagpur_bb0a70d2-4525-4a00-b876-677a53aed8b2.htm,Poor,81,45000,1499036.0,3297.88,1840000.0
DW-010157,Mercedes-Benz,C-Class,2017,1650000.0,Automatic,65000.0,Petrol,New Delhi,10,6500.0,25.38,-21.1,https://www.cardekho.com/used-car-details/used-Mercedes-benz-c-class-c-200-cgi-cars-New-Delhi_90881963-e631-4a68-8be3-91f9ab76c04d.htm,Fair,32,22000,1198482.0,2636.66,1650000.0
DW-001579,Hyundai,Aura,2024,711579.0,Automatic,7534.0,Diesel,Hyderabad,3,2511.0,94.45,23.0,https://www.cardekho.com/used-car-details/used-Hyundai-aura-sx-plus-amt-diesel-cars-Hyderabad_01955c9d-9a95-4442-9307-621032e7e5ad.htm,Excellent,44,3000,499328.0,1098.52,711579.0
DW-008538,Mercedes-Benz,S-Class,2008,950000.0,Automatic,100000.0,Diesel,Mangalore,19,5263.0,9.5,-73.6,https://www.cardekho.com/used-car-details/used-Mercedes-benz-s-class-320-cdi-cars-Mangalore_b058af18-8b35-4583-989d-11e4c4f7b959.htm?adId=34947&adType=41,Fair,29,22000,658426.0,1448.54,950000.0
DW-005400,Jeep,Compass,2021,1690000.0,Manual,70000.0,Diesel,Chhindwara,6,11667.0,24.14,73.3,https://www.cardekho.com/used-car-details/used-Jeep-compass-20-model-s-opt-cars-Chhindwara_de30293a-5c02-4a5f-af21-bbf61a0bdaad.htm,Good,93,9000,1234903.0,2716.79,1690000.0
DW-005035,Renault,Lodgy,2015,262379.0,Manual,85488.0,Diesel,Surat,12,7124.0,3.07,-44.8,https://www.cardekho.com/buy-used-car-details/used-Renault-lodgy-85ps-rxl-cars-Surat_c2d7f8cd-0123-425d-aeb6-77edd06261b4.htm,Fair,11,22000,172445.0,379.38,262379.0
DW-007478,Volkswagen,Ameo,2018,450000.0,Manual,100000.0,Diesel,Amritsar,9,11111.0,4.5,16.3,https://www.cardekho.com/used-car-details/used-Volkswagen-ameo-15-tdi-highline-cars-Amritsar_7c3c10f0-1938-49c6-be1c-c1a58ad4c3df.htm,Fair,61,22000,295215.0,649.47,450000.0
DW-000543,Tata,Harrier,2022,1264599.0,Automatic,45585.0,Diesel,Ghaziabad,5,9117.0,27.74,-0.4,https://www.cardekho.com/used-car-details/used-Tata-harrier-xza-plus-at-cars-Ghaziabad_c2039ac3-f14e-453c-96db-443dcd6e63a7.htm,Good,31,9000,929210.0,2044.26,1264599.0
DW-008047,Mercedes-Benz,GLE,2021,4850000.0,Automatic,83000.0,Diesel,Noida,6,13833.0,58.43,-11.0,https://www.cardekho.com/used-car-details/used-Mercedes-benz-gle-300d-bsvi-cars-Noida_1a74f9bc-3e24-4a9c-8376-18e6b823d9cb.htm,Good,33,9000,3526365.0,7758.0,4850000.0
DW-003430,BMW,X5,2014,2200000.0,Automatic,150000.0,Diesel,Jaipur,13,11538.0,14.67,-31.2,https://www.cardekho.com/used-car-details/used-Bmw-x5-xdrive-30d-cars-Jaipur_342af6b2-906e-45f3-94ef-be065dc6e048.htm,Fair,55,22000,1642945.0,3614.48,2200000.0
DW-006754,Maruti Suzuki,Ciaz,2016,430000.0,Manual,150000.0,Diesel,Rajkot,11,13636.0,2.87,-19.3,https://www.cardekho.com/used-car-details/used-Maruti-ciaz-vdi-plus-shvs-cars-Rajkot_11703783-0ff9-4388-bc0d-781f5fd2c9f2.htm,Fair,72,22000,303843.0,668.45,430000.0
DW-008749,Hyundai,Creta,2017,820000.0,Manual,147000.0,Diesel,Visakhapatnam,10,14700.0,5.58,-3.5,https://www.cardekho.com/used-car-details/used-Hyundai-creta-16-crdi-sx-option-cars-Visakhapatnam_a9a0dc47-1584-42d5-ac99-e9574bb13e03.htm,Fair,64,22000,593698.0,1306.14,820000.0
DW-009277,Volkswagen,Vento,2017,545000.0,Automatic,120000.0,Diesel,Jodhpur,10,12000.0,4.54,31.3,https://www.cardekho.com/used-car-details/used-Volkswagen-vento-15-tdi-highline-at-cars-Jodhpur_0df910bc-2ba0-47c8-9cdd-ae0e78811485.htm,Fair,83,22000,386308.0,849.88,545000.0
DW-005031,Renault,KWID,2022,301113.0,Manual,17612.0,Petrol,Surat,5,3522.0,17.1,15.8,https://www.cardekho.com/used-car-details/used-Renault-kwid-10-rxt-opt-cars-Surat_88b404ba-a22b-4f70-9853-f63365b716ee.htm,Good,36,9000,205832.0,452.83,301113.0
DW-004402,MG,Gloster,2021,2050000.0,Automatic,89000.0,Diesel,Mohali,6,14833.0,23.03,-24.1,https://www.cardekho.com/used-car-details/used-Mg-gloster-sharp-6-str-cars-Mohali_8c464983-5061-4d99-98eb-0b3f773fab51.htm,Good,41,9000,1433751.0,3154.25,2050000.0
DW-003195,Volvo,XC40,2023,3600000.0,Automatic,32126.0,Petrol,Ahmedabad,4,8032.0,112.06,43.3,https://www.cardekho.com/used-car-details/used-Volvo-xc40-b4-ultimate-bsvi-cars-Ahmedabad_bef0d1bf-d0cb-489e-b696-a751847b7be4.htm,Excellent,55,3000,2626142.0,5777.51,3600000.0
DW-002710,Renault,KWID,2018,250000.0,Manual,30000.0,Petrol,Kolkata,9,3333.0,8.33,-3.8,https://www.cardekho.com/used-car-details/used-Renault-kwid-climber-10-mt-cars-Kolkata_7d35b999-7e16-4cfa-abd8-df4c594c271e.htm,Fair,25,22000,181374.0,399.02,250000.0
DW-004138,Volvo,EX40,2023,3800000.0,Automatic,38236.0,Electric,Gurgaon,4,9559.0,99.38,0.0,https://www.cardekho.com/used-car-details/used-Volvo-ex40-p8-awd-cars-Gurgaon_155f6f83-eff8-46c1-88fb-cb40a0364a7a.htm,Good,41,9000,3215762.0,7074.68,3800000.0
DW-004098,Nissan,Magnite,2022,492479.0,Manual,71617.0,Petrol,Chandigarh,5,14323.0,6.88,-10.5,https://www.cardekho.com/used-car-details/used-Nissan-magnite-turbo-xv-premium-bsvi-cars-Chandigarh_267684e8-7d00-44f6-85f6-3a881fbfeae4.htm,Good,25,9000,404327.0,889.52,492479.0
DW-006597,Skoda,Rapid,2019,725000.0,Automatic,74000.0,Diesel,Nashik,8,9250.0,9.8,48.0,https://www.cardekho.com/used-car-details/used-Skoda-rapid-15-tdi-at-style-bsiv-cars-Nashik_8301990f-3f79-4131-abc3-38ae55ab7e9e.htm?adId=34357&adType=41,Good,75,9000,553334.0,1217.33,725000.0
DW-006245,Toyota,Innova Crysta,2017,1075000.0,Manual,210000.0,Diesel,Agra,10,21000.0,5.12,-39.1,https://www.cardekho.com/used-car-details/used-Toyota-innova-crysta-24-zx-mt-bsiv-cars-Agra_0416337e-304f-4786-b8a2-928f156ffa63.htm,Fair,72,22000,816257.0,1795.77,1075000.0
DW-010013,Renault,Triber,2019,395000.0,Manual,47277.0,Petrol,New Delhi,8,5910.0,8.36,-12.7,https://www.cardekho.com/used-car-details/used-Renault-triber-rxz-bsiv-cars-New-Delhi_1d08378a-65ff-4184-bcf5-453bbd806232.htm,Good,21,9000,286139.0,629.51,395000.0
DW-001251,Tata,Harrier,2025,705276.0,Manual,6444.0,Diesel,Bangalore,2,3222.0,109.45,-44.5,https://www.cardekho.com/used-car-details/used-Tata-harrier-xz-plus-dark-edition-bsvi-cars-Bangalore_fde84070-44d1-413c-ba32-76139c6a2303.htm,Excellent,3,3000,572569.0,1259.65,705276.0
DW-009735,Tata,Altroz,2022,503579.0,Manual,90256.0,Petrol,Gurgaon,5,18051.0,5.58,-12.4,https://www.cardekho.com/used-car-details/used-Tata-altroz-pure-cars-Gurgaon_33b14039-2f80-496b-b8e0-ceae277add5e.htm,Fair,43,22000,388273.0,854.2,503579.0
DW-004418,Nissan,Kicks,2019,657000.0,Manual,111753.0,Diesel,Kochi,8,13969.0,5.88,17.5,https://www.cardekho.com/used-car-details/used-Nissan-kicks-diesel-cars-Kochi_e5bc58db-12cd-4ae4-bcef-c95e4bbd3417.htm,Good,63,9000,534103.0,1175.03,657000.0
DW-007221,Toyota,Innova,2012,650000.0,Manual,145000.0,Diesel,Mumbai,15,9667.0,4.48,30.0,https://www.cardekho.com/used-car-details/used-Toyota-innova-25-vx-8-str-bsiv-cars-Mumbai_c0e2978c-085d-4995-9863-a86902b06376.htm,Fair,100,22000,520312.0,1144.69,650000.0
DW-008702,Jeep,Compass,2018,1140000.0,Manual,25000.0,Diesel,Kannur,9,2778.0,45.6,16.9,https://www.cardekho.com/used-car-details/used-Jeep-compass-20-limited-cars-Kannur_127cdb2f-7d17-473b-9047-448db63f0b2b.htm,Fair,35,22000,850274.0,1870.6,1140000.0
DW-003022,Volkswagen,Ameo,2017,349432.0,Manual,45211.0,Petrol,Ahmedabad,10,4521.0,7.73,-9.7,https://www.cardekho.com/used-car-details/used-Volkswagen-ameo-12-mpi-trendline-cars-Ahmedabad_5eacfce8-4491-483a-bbfc-958bcca1c0a3.htm,Fair,33,22000,262798.0,578.16,349432.0
DW-007535,Jeep,Compass,2017,800000.0,Manual,120000.0,Diesel,Jalandhar,10,12000.0,6.67,-17.9,https://www.cardekho.com/used-car-details/used-Jeep-compass-20-limited-cars-Jalandhar_d0e070e9-f8e2-4a0d-9f46-2d098d01527a.htm,Fair,45,22000,634768.0,1396.49,800000.0
DW-001863,Jeep,Compass,2018,850000.0,Manual,88391.0,Diesel,Hyderabad,9,9821.0,9.62,-12.8,https://www.cardekho.com/used-car-details/used-Jeep-compass-20-longitude-option-bsiv-cars-Hyderabad_0bca149d-8714-4b89-901e-4a42f2b04396.htm,Fair,36,22000,612329.0,1347.12,850000.0
DW-009606,Maruti Suzuki,Celerio,2016,262139.0,Manual,77924.0,Petrol,New Delhi,11,7084.0,3.36,-22.9,https://www.cardekho.com/used-car-details/used-Maruti-celerio-zxi-cars-New-Delhi_cf3668ed-6603-4a80-9633-bb590560ac8a.htm,Fair,31,22000,198036.0,435.68,262139.0
DW-000296,Land Rover,Rover Defender,2026,14000000.0,Automatic,100.0,Diesel,Chandigarh,1,100.0,140000.0,0.0,https://www.cardekho.com/used-cars+in+chandigarh?pageNo=1,Excellent,20,3000,9995117.0,21989.26,14000000.0
DW-008248,Volkswagen,Polo,2012,195000.0,Manual,120000.0,Petrol,Ghaziabad,15,8000.0,1.62,-50.6,https://www.cardekho.com/used-car-details/used-Volkswagen-polo-petrol-highline-12l-cars-Ghaziabad_b7aeb596-3974-4084-95ed-1405a36c4820.htm,Fair,42,22000,143582.0,315.88,195000.0
DW-001181,Volvo,XC90,2026,9395000.0,Automatic,1194.0,Petrol,Mumbai,1,1194.0,7868.51,140.9,https://www.cardekho.com/used-car-details/used-Volvo-xc90-b5-awd-cars-Mumbai_45300dd8-db91-43f6-b3b9-65783b359aac.htm,Excellent,53,3000,7658750.0,16849.25,9395000.0
DW-008937,Honda,BR-V,2017,350000.0,Manual,69000.0,Diesel,Guwahati,10,6900.0,5.07,-32.7,https://www.cardekho.com/used-car-details/used-Honda-br-v-i-dtec-e-mt-cars-Guwahati_7b233d25-417e-4997-95f7-4e8a57b15ed3.htm,Fair,22,22000,227897.0,501.37,350000.0
DW-009003,Toyota,Glanza,2024,771000.0,Automatic,12035.0,Petrol,Ranchi,3,4012.0,64.06,20.5,https://www.cardekho.com/used-car-details/used-Toyota-glanza-v-amt-bsvi-cars-Ranchi_8d37ae60-866a-4cae-902c-3fa7315a5045.htm,Excellent,30,3000,612593.0,1347.7,771000.0
DW-003401,Ford,Endeavour,2020,2700000.0,Automatic,170000.0,Diesel,Jaipur,7,24286.0,15.88,35.0,https://www.cardekho.com/used-car-details/used-Ford-endeavour-titanium-plus-4x4-cars-Jaipur_df25d114-b39e-4104-979b-c087bb329765.htm,Poor,112,45000,1858843.0,4089.45,2700000.0
DW-000287,Hyundai,i20,2015,332000.0,Manual,80140.0,Petrol,Chandigarh,12,6678.0,4.14,-28.8,https://www.cardekho.com/used-cars+in+chandigarh?pageNo=1,Fair,15,22000,248755.0,547.26,332000.0
DW-004707,Mahindra,Thar,2021,1175000.0,Manual,46000.0,Diesel,Indore,6,7667.0,25.54,-2.7,https://www.cardekho.com/used-car-details/used-Mahindra-thar-lx-4wd-hard-top-diesel-bsvi-cars-Indore_cd3a611b-1960-46ae-b40b-78ce6cc1f806.htm,Good,34,9000,954363.0,2099.6,1175000.0
DW-005637,Mahindra,Bolero,2012,400000.0,Manual,160000.0,Diesel,Bhopal,15,10667.0,2.5,-12.1,https://www.cardekho.com/used-car-details/used-Mahindra-bolero-di-bsiii-cars-Bhopal_7a8cdd81-d6b7-403b-9a00-1d25c2d0725b.htm,Fair,64,22000,294145.0,647.12,400000.0
DW-009578,Maruti Suzuki,Ertiga,2018,707579.0,Automatic,40506.0,Petrol,Gurgaon,9,4501.0,17.47,-8.4,https://www.cardekho.com/used-car-details/used-Maruti-ertiga-zxi-at-cars-Gurgaon_638ff33b-b459-4663-8091-879c9fbd44fb.htm,Fair,17,22000,564250.0,1241.35,707579.0
DW-001352,Volkswagen,Polo,2018,745000.0,Automatic,108000.0,Petrol,Bangalore,9,12000.0,6.9,88.6,https://www.cardekho.com/used-car-details/used-Volkswagen-polo-gt-tsi-cars-Bangalore_365bc89c-2588-4ed3-8bb9-0c11ac437203.htm?adId=33297&adType=41,Fair,110,22000,510438.0,1122.96,745000.0
DW-007673,Volkswagen,Taigun,2025,1470500.0,Automatic,3851.0,Petrol,Gurgaon,2,1926.0,381.85,33.7,https://www.cardekho.com/used-car-details/used-Volkswagen-taigun-15-tsi-gt-plus-dsg-cars-Gurgaon_35967c0a-d88e-4c88-8a10-5d805677f90d.htm,Excellent,45,3000,1087212.0,2391.87,1470500.0
DW-003636,Kia,Sonet,2023,774883.0,Manual,28334.0,Petrol,Lucknow,4,7084.0,27.35,-11.2,https://www.cardekho.com/used-car-details/used-Kia-sonet-htx-turbo-imt-bsvi-cars-Lucknow_73d08afd-e45b-4277-9f06-72593b91a614.htm,Excellent,14,3000,587559.0,1292.63,774883.0
DW-008327,MG,Hector Plus,2023,1800000.0,Manual,20000.0,Petrol,Ghaziabad,4,5000.0,90.0,38.4,https://www.cardekho.com/used-car-details/used-Mg-hector-plus-15-turbo-sharp-pro-7-str-bsvi-cars-Ghaziabad_54ef52fc-2112-4109-b4fd-ca26f16e5107.htm,Excellent,62,3000,1268464.0,2790.62,1800000.0
DW-002200,Volvo,XC60,2023,4750000.0,Automatic,30000.0,Petrol,Chennai,4,7500.0,158.33,39.9,https://www.cardekho.com/used-car-details/used-Volvo-xc60-b5-ultimate-bsvi-cars-Chennai_3cf800c9-b352-46f6-b92e-80fb3a3900ef.htm,Excellent,56,3000,3641354.0,8010.98,4750000.0
DW-002192,Jeep,Compass,2019,792240.0,Manual,39860.0,Petrol,Chennai,8,4982.0,19.88,-18.7,https://www.cardekho.com/buy-used-car-details/used-Jeep-compass-14-sport-plus-bsiv-cars-Chennai_3e959f65-29cd-45b5-83df-6b5509b6982e.htm,Good,16,9000,577085.0,1269.59,792240.0
DW-006856,Kia,Seltos,2022,1000000.0,Automatic,140000.0,Diesel,Gandhidham,5,28000.0,7.14,-9.1,https://www.cardekho.com/used-car-details/used-Kia-seltos-gtx-plus-diesel-at-cars-Gandhidham_029da321-e2c1-4e64-8699-c9a850c6dfdd.htm,Poor,65,45000,713910.0,1570.6,1000000.0
DW-005810,Toyota,Camry,2006,750000.0,Manual,160000.0,Petrol,Vadodara,21,7619.0,4.69,-44.8,https://www.cardekho.com/used-car-details/used-Toyota-camry-v4-mt-cars-Vadodara_bfa91581-38d9-4467-8f53-4acd42217c96.htm?adId=31236&adType=41,Fair,51,22000,550824.0,1211.81,750000.0
DW-010170,Audi,A4,2012,600000.0,Automatic,112000.0,Petrol,New Delhi,15,7467.0,5.36,-64.3,https://www.cardekho.com/used-car-details/used-Audi-a4-18-tfsi-cars-New-Delhi_c2e6f696-b02e-429c-9d43-8098fd7a9ae3.htm?adId=29807&adType=41,Fair,39,22000,477147.0,1049.72,600000.0
DW-006799,Mahindra,Thar,2022,1250000.0,Automatic,77000.0,Diesel,Rajkot,5,15400.0,16.23,3.5,https://www.cardekho.com/used-car-details/used-Mahindra-thar-lx-4wd-hard-top-diesel-at-bsvi-cars-Rajkot_fffa89e1-6297-4eed-a01c-a681f6000c52.htm,Fair,45,22000,903689.0,1988.12,1250000.0
DW-007989,Renault,KWID,2017,244139.0,Manual,53643.0,Petrol,Noida,10,5364.0,4.55,-6.1,https://www.cardekho.com/used-car-details/used-Renault-kwid-climber-10-mt-cars-Noida_ecfea438-fcde-4b89-a065-236197dd897c.htm,Fair,29,22000,181627.0,399.58,244139.0
DW-008909,Mahindra,KUV 100 NXT,2018,315000.0,Manual,60000.0,Petrol,Guwahati,9,6667.0,5.25,4.8,https://www.cardekho.com/used-car-details/used-Mahindra-kuv-100-nxt-g80-k8-cars-Guwahati_34ebe183-00a8-4bc6-80cd-7222f7d56f6c.htm,Fair,51,22000,218627.0,480.98,315000.0
DW-003102,Mercedes-Benz,E-Class,2015,1750000.0,Automatic,40000.0,Diesel,Ahmedabad,12,3333.0,43.75,-42.6,https://www.cardekho.com/used-car-details/used-Mercedes-benz-e-class-e350-cdi-cars-Ahmedabad_b4cfae93-44b4-41bf-aedb-ab0364bc036c.htm,Fair,3,22000,1289050.0,2835.91,1750000.0
DW-008844,MG,Astor,2023,850000.0,Manual,15000.0,Petrol,Guwahati,4,3750.0,56.67,-4.9,https://www.cardekho.com/used-car-details/used-Mg-astor-style-ex-bsvi-cars-Guwahati_0140bf73-7efb-408b-abd9-b4721fc6d812.htm,Excellent,3,3000,656070.0,1443.35,850000.0
DW-010177,Audi,A4,2022,2875000.0,Automatic,20000.0,Petrol,New Delhi,5,4000.0,143.75,71.2,https://www.cardekho.com/used-car-details/used-Audi-a4-premium-plus-cars-New-Delhi_5821bfdc-052e-4d8e-927e-9a7907b1e98f.htm,Good,81,9000,2183652.0,4804.03,2875000.0
DW-002808,MG,Gloster,2021,2400000.0,Automatic,38029.0,Diesel,Kolkata,6,6338.0,63.11,-11.1,https://www.cardekho.com/used-car-details/used-Mg-gloster-savvy-6-str-cars-Kolkata_07bb0e79-9350-4233-b74b-f47832a68de8.htm,Good,37,9000,1763654.0,3880.04,2400000.0
DW-008569,Maruti Suzuki,Alto 800,2013,200139.0,Manual,78795.0,Petrol,Mangalore,14,5628.0,2.54,-19.9,https://www.cardekho.com/buy-used-car-details/used-Maruti-alto-800-lxi-cars-Mangalore_58efa552-9b4d-4e3e-8279-fd021b9a81f6.htm,Fair,28,22000,133188.0,293.01,200139.0
DW-007229,Honda,Amaze,2020,600000.0,Manual,210000.0,Diesel,Aurangabad,7,30000.0,2.86,33.3,https://www.cardekho.com/used-car-details/used-Honda-amaze-e-diesel-cars-Aurangabad_acc63775-20e0-4e74-b9d9-2f0487828eb9.htm,Poor,114,45000,388662.0,855.06,600000.0
DW-005206,Hyundai,Santro,2018,350000.0,Manual,61000.0,Petrol,Nagpur,9,6778.0,5.74,-15.5,https://www.cardekho.com/used-car-details/used-Hyundai-santro-sportz-bsiv-cars-Nagpur_4d9b9752-8407-4c5e-9b8f-3f29e2184116.htm?adId=33001&adType=41,Fair,25,22000,241476.0,531.25,350000.0
DW-002997,Kia,Sonet,2020,825000.0,Automatic,66000.0,Petrol,Ahmedabad,7,9429.0,12.5,-5.4,https://www.cardekho.com/used-car-details/used-Kia-sonet-gtx-plus-turbo-dct-bsvi-cars-Ahmedabad_596229b0-3284-482a-9482-74ead7be5425.htm,Good,35,9000,638517.0,1404.74,825000.0
DW-001767,BMW,X3,2018,3400000.0,Automatic,70564.0,Diesel,Hyderabad,9,7840.0,48.18,44.7,https://www.cardekho.com/used-car-details/used-Bmw-x3-xdrive20d-xline-cars-Hyderabad_91bfe4ff-7d59-477d-bc53-104d18dc61eb.htm,Fair,78,22000,2568838.0,5651.44,3400000.0
DW-007946,Honda,City,2017,495000.0,Manual,67000.0,Petrol,Noida,10,6700.0,7.39,-16.1,https://www.cardekho.com/used-car-details/used-Honda-city-i-vtec-v-cars-Noida_a29723d2-9969-434f-8815-53ff0b79156a.htm,Fair,22,22000,385675.0,848.48,495000.0
DW-007362,Hyundai,Verna,2017,700000.0,Manual,70000.0,Petrol,Amritsar,10,7000.0,10.0,6.3,https://www.cardekho.com/used-car-details/used-Hyundai-verna-vtvt-16-sx-option-cars-Amritsar_9e147c47-43aa-4527-ab57-50b15b18d6fe.htm,Fair,52,22000,494956.0,1088.9,700000.0
DW-000409,Kia,Sonet,2020,726000.0,Manual,120032.0,Petrol,Delhi,7,17147.0,6.05,-16.8,https://www.cardekho.com/used-cars+in+delhi?pageNo=1,Fair,53,22000,591808.0,1301.98,726000.0
DW-010245,Maruti Suzuki,Wagon R,2021,485000.0,Manual,37000.0,CNG,Mumbai,6,6167.0,13.11,38.1,https://www.cardekho.com/used-car-details/used-Maruti-wagon-r-cng-lxi-opt-cars-Mumbai_266c3659-e9e5-4755-b592-0165710fd360.htm,Good,51,9000,387589.0,852.7,485000.0
DW-000915,Mahindra,XUV 7XO,2026,3045000.0,Automatic,889.0,Diesel,Mumbai,1,889.0,3425.2,6.4,https://www.cardekho.com/used-car-details/used-Mahindra-xuv-7xo-ax7l-diesel-awd-at-cars-Mumbai_6b4638f2-4a82-450a-b967-f49d49e0f54a.htm,Excellent,25,3000,2570448.0,5654.99,3045000.0
DW-009530,Maruti Suzuki,Wagon R,2022,410175.0,Manual,31107.0,Petrol,Greater Noida,5,6221.0,13.19,16.8,https://www.cardekho.com/used-car-details/used-Maruti-wagon-r-vxi-bsvi-cars-Greater-Noida_4107d0b1-bf08-461b-add1-e0c1d071ee78.htm,Good,53,9000,329690.0,725.32,410175.0
DW-006235,Mahindra,XUV500,2015,500000.0,Manual,160000.0,Diesel,Agra,12,13333.0,3.12,-25.9,https://www.cardekho.com/used-car-details/used-Mahindra-xuv500-xclusive-edition-cars-Agra_4916228a-e7a5-4b2c-8742-ee14bd0dec0b.htm,Fair,59,22000,338658.0,745.05,500000.0
DW-007681,Renault,KWID,2017,180139.0,Manual,71273.0,Petrol,Gurgaon,10,7127.0,2.53,-30.7,https://www.cardekho.com/used-car-details/used-Renault-kwid-reloaded-08-cars-Gurgaon_904af42c-1e79-4e65-a55f-1852e2892d76.htm,Fair,17,22000,118323.0,260.31,180139.0
DW-008360,Ford,Ecosport,2016,400000.0,Manual,150000.0,Diesel,Dehradun,11,13636.0,2.67,-13.8,https://www.cardekho.com/used-car-details/used-Ford-ecosport-15-tdci-titanium-bsiv-cars-Dehradun_e4ac153b-28bf-4287-9189-283bafa998e7.htm,Fair,63,22000,268199.0,590.04,400000.0
DW-005713,Audi,Q3,2017,1600000.0,Automatic,70000.0,Diesel,Bhopal,10,7000.0,22.86,11.3,https://www.cardekho.com/used-car-details/used-Audi-q3-30-tdi-premium-fwd-cars-Bhopal_dac2b448-9603-4feb-b181-950b5dd32dcf.htm,Fair,56,22000,1294375.0,2847.62,1600000.0
DW-000867,Maruti Suzuki,Alto 800,2016,212139.0,Manual,20986.0,Petrol,Mumbai,11,1908.0,10.11,-15.1,https://www.cardekho.com/used-car-details/used-Maruti-alto-800-lxi-cars-Mumbai_14646054-4ab2-4c77-9a35-69f049e91e56.htm,Fair,3,22000,145086.0,319.19,212139.0
DW-008304,BMW,X1,2021,2525000.0,Automatic,20000.0,Petrol,New Delhi,6,3333.0,126.25,36.5,https://www.cardekho.com/used-car-details/used-Bmw-x1-sdrive20i-xline-cars-New-Delhi_78c329ee-c56b-4e26-939d-8a3bdd2e71d2.htm,Good,53,9000,1858281.0,4088.22,2525000.0
DW-006995,Tata,Tiago,2016,225000.0,Manual,150000.0,Petrol,Varanasi,11,13636.0,1.5,-43.0,https://www.cardekho.com/used-car-details/used-Tata-tiago-12-revotron-xt-cars-Varanasi_5a9fae31-98cd-4332-8bdb-4fd71bec7c4a.htm,Fair,49,22000,166874.0,367.12,225000.0
DW-002848,Jeep,Meridian,2026,2750000.0,Automatic,3000.0,Diesel,Kolkata,1,3000.0,916.67,12.4,https://www.cardekho.com/used-car-details/used-Jeep-meridian-limited-opt-4x2-at-cars-Kolkata_6bfad47c-54e3-4dec-9332-9403bdf961aa.htm,Excellent,37,3000,1969514.0,4332.93,2750000.0
DW-007732,Ford,Freestyle,2018,306633.0,Manual,110017.0,Diesel,Gurgaon,9,12224.0,2.79,-30.7,https://www.cardekho.com/used-car-details/used-Ford-freestyle-titanium-diesel-bsiv-cars-Gurgaon_abbd241c-7dff-47f1-998b-5f3e2904d936.htm,Fair,34,22000,218578.0,480.87,306633.0
DW-003234,Maruti Suzuki,Wagon R Stingray,2017,299000.0,Manual,72000.0,Petrol,Jaipur,10,7200.0,4.15,0.0,https://www.cardekho.com/used-car-details/used-Maruti-wagon-r-stingray-vxi-cars-Jaipur_410e7583-3001-4df0-b3f6-ad37798e52b2.htm,Fair,54,22000,219639.0,483.21,299000.0
DW-001748,Ford,Ecosport,2019,515576.0,Manual,78135.0,Petrol,Hyderabad,8,9767.0,6.6,11.1,https://www.cardekho.com/used-car-details/used-Ford-ecosport-15-petrol-titanium-bsiv-cars-Hyderabad_46a4523d-a65e-4136-9949-ca6e3525e913.htm,Good,49,9000,356454.0,784.2,515576.0
DW-004900,Maruti Suzuki,Ignis,2022,408219.0,Manual,29271.0,Petrol,Surat,5,5854.0,13.95,-6.2,https://www.cardekho.com/used-car-details/used-Maruti-ignis-sigma-bsvi-cars-Surat_bc679bc8-771f-4e69-a4bb-ff308506ce83.htm,Good,25,9000,313362.0,689.4,408219.0
DW-000211,Maruti Suzuki,Suzuki XL6,2022,789000.0,Manual,18000.0,Petrol,Kolkata,5,3600.0,43.83,-11.2,https://www.cardekho.com/used-cars+in+kolkata?pageNo=1,Good,15,9000,639862.0,1407.7,789000.0
DW-004535,Honda,City,2016,845000.0,Automatic,36000.0,Petrol,Coimbatore,11,3273.0,23.47,43.2,https://www.cardekho.com/used-car-details/used-Honda-city-i-vtec-cvt-vx-cars-Coimbatore_92260c38-bee4-4d6b-b2db-0eefec626826.htm,Fair,59,22000,578059.0,1271.73,845000.0
DW-001689,Volkswagen,Taigun,2023,1062688.0,Manual,26336.0,Petrol,Hyderabad,4,6584.0,40.35,-3.4,https://www.cardekho.com/used-car-details/used-Volkswagen-taigun-highline-plus-cars-Hyderabad_57ac025a-f47b-41bd-b540-d486c0326f76.htm,Excellent,24,3000,822535.0,1809.58,1062688.0
DW-000884,Hyundai,Venue,2021,865000.0,Automatic,25000.0,Petrol,Mumbai,6,4167.0,34.6,21.6,https://www.cardekho.com/used-car-details/used-Hyundai-venue-sx-plus-turbo-dct-cars-Mumbai_f6c9ffa6-b5d3-4792-ad69-ad4b6b15a3a7.htm,Good,50,9000,630048.0,1386.11,865000.0
DW-004265,Kia,Seltos,2021,996000.0,Manual,32166.0,Petrol,Kochi,6,5361.0,30.96,-9.5,https://www.cardekho.com/used-car-details/used-Kia-seltos-htk-g-cars-Kochi_db38b0bc-11b1-4cbd-b5a3-8660ae21ed74.htm,Good,18,9000,787241.0,1731.93,996000.0
DW-004792,Renault,KWID,2024,470000.0,Manual,4000.0,Petrol,Indore,3,1333.0,117.5,80.8,https://www.cardekho.com/used-car-details/used-Renault-kwid-10-rxl-opt-cars-Indore_04aac657-4869-43df-bf85-7be6cb5fb311.htm,Excellent,54,3000,334367.0,735.61,470000.0
DW-001684,Volkswagen,Taigun,2024,1295000.0,Automatic,35700.0,Petrol,Hyderabad,3,11900.0,36.27,17.7,https://www.cardekho.com/used-car-details/used-Volkswagen-taigun-10-topline-at-es-cars-Hyderabad_593ec8ac-d21c-4f8f-91e6-163ecaef12d6.htm,Good,43,9000,1079522.0,2374.95,1295000.0
DW-004668,Hyundai,Grand i10,2017,415000.0,Automatic,49000.0,Petrol,Indore,10,4900.0,8.47,14.3,https://www.cardekho.com/used-car-details/used-Hyundai-grand-i10-12-kappa-sportz-option-at-cars-Indore_cec7784e-5aa7-4af6-9538-fdab2b9f5cba.htm,Fair,41,22000,324197.0,713.23,415000.0
DW-001077,Mercedes-Benz,M-Class,2016,1750000.0,Automatic,74000.0,Petrol,Mumbai,11,6727.0,23.65,25.0,https://www.cardekho.com/used-car-details/used-Mercedes-benz-m-class-ml-63-amg-4matic-cars-Mumbai_ccbb302d-1d14-428d-8d16-e0c98fd1f9a5.htm,Fair,63,22000,1251818.0,2754.0,1750000.0
DW-007353,Jeep,Meridian,2022,2300000.0,Manual,50000.0,Diesel,Aurangabad,5,10000.0,46.0,-6.0,https://www.cardekho.com/used-car-details/used-Jeep-meridian-limited-opt-bsvi-cars-Aurangabad_5c168a63-a395-47bf-ba62-4932a3835e63.htm,Good,30,9000,1712527.0,3767.56,2300000.0
DW-008278,Skoda,Kylaq,2025,1190000.0,Automatic,8000.0,Petrol,Ghaziabad,2,4000.0,148.75,13.3,https://www.cardekho.com/used-car-details/used-Skoda-kylaq-signature-plus-at-cars-Ghaziabad_9e4ca332-fe58-4be3-a15e-4cef5ec7bd9a.htm,Excellent,19,3000,934893.0,2056.76,1190000.0
DW-005899,Ford,Ecosport,2017,349040.0,Manual,113882.0,Petrol,Vadodara,10,11388.0,3.06,-24.8,https://www.cardekho.com/used-car-details/used-Ford-ecosport-15-ti-vct-mt-ambiente-bsiv-cars-Vadodara_52465ea7-8346-4ff1-9b53-ddb26e954d89.htm,Fair,31,22000,259923.0,571.83,349040.0
DW-010073,Ford,Endeavour,2017,1275000.0,Automatic,150000.0,Diesel,New Delhi,10,15000.0,8.5,-36.2,https://www.cardekho.com/used-car-details/used-Ford-endeavour-32-titanium-at-4x4-cars-New-Delhi_629c514e-849e-45cf-9c03-e031e806275d.htm,Fair,54,22000,955158.0,2101.35,1275000.0
DW-008484,Renault,KWID,2021,350009.0,Manual,40000.0,Petrol,Dehradun,6,6667.0,8.75,34.6,https://www.cardekho.com/used-car-details/used-Renault-kwid-10-rxt-opt-cars-Dehradun_9f562cff-0313-4bc0-a28c-58f2ce86c4a2.htm,Good,56,9000,244212.0,537.27,350009.0
DW-002123,Audi,A6,2012,899999.0,Automatic,54900.0,Petrol,Chennai,15,3660.0,16.39,-42.9,https://www.cardekho.com/used-car-details/used-Audi-a6-28-fsi-cars-Chennai_b65d5609-b5b2-4f5c-8ed0-65246316c0b0.htm,Fair,3,22000,622060.0,1368.53,899999.0
DW-005015,Volkswagen,Taigun,2022,1049000.0,Automatic,55400.0,Petrol,Surat,5,11080.0,18.94,-4.6,https://www.cardekho.com/used-car-details/used-Volkswagen-taigun-10-tsi-highline-at-bsvi-cars-Surat_6be018ab-dcdc-4687-a783-dcd99f677c5e.htm,Good,38,9000,882613.0,1941.75,1049000.0
DW-009608,Maruti Suzuki,Celerio,2018,301139.0,Automatic,80625.0,Petrol,New Delhi,9,8958.0,3.74,-11.4,https://www.cardekho.com/used-car-details/used-Maruti-celerio-zxi-amt-cars-New-Delhi_e2c86f48-2555-4a9c-9c9e-e7bcbcf58da2.htm,Fair,40,22000,209366.0,460.61,301139.0
DW-003814,Jeep,Compass,2021,1380000.0,Automatic,85000.0,Diesel,Lucknow,6,14167.0,16.24,41.5,https://www.cardekho.com/used-car-details/used-Jeep-compass-20-model-s-opt-4x4-at-cars-Lucknow_7abc233c-da4d-42f7-b03b-5e9293f0f898.htm?adId=29385&adType=41,Good,78,9000,1137614.0,2502.75,1380000.0
DW-002424,BMW,X4,2019,3000000.0,Automatic,40000.0,Petrol,Pune,8,5000.0,75.0,-26.8,https://www.cardekho.com/used-car-details/used-Bmw-x4-m-sport-x-xdrive30i-cars-Pune_f4d39768-fde2-4160-8f5f-6f5730a25c48.htm?adId=35155&adType=41,Good,3,9000,2308069.0,5077.75,3000000.0
DW-009811,Mahindra,Bolero,2022,650000.0,Manual,82500.0,Diesel,New Delhi,5,16500.0,7.88,42.9,https://www.cardekho.com/used-car-details/used-Mahindra-bolero-b4-bsvi-cars-New-Delhi_fd13d8d2-6ccb-4270-87b3-4183683137bd.htm,Fair,87,22000,522930.0,1150.45,650000.0
DW-008666,Renault,Duster,2013,380000.0,Manual,160000.0,Diesel,Chikmagalur,14,11429.0,2.38,-2.6,https://www.cardekho.com/used-car-details/used-Renault-duster-rxz-awd-cars-Chikmagalur_9024ea18-7d03-4300-be34-a64aa880c95b.htm,Fair,79,22000,249002.0,547.8,380000.0
DW-005054,Skoda,Kushaq,2023,1400000.0,Automatic,35000.0,Petrol,Surat,4,8750.0,40.0,36.8,https://www.cardekho.com/used-car-details/used-Skoda-kushaq-15-tsi-style-dsg-cars-Surat_04e3e1b4-6090-4b7e-96f3-97260743b4d4.htm?adId=29163&adType=41,Excellent,73,3000,1000944.0,2202.08,1400000.0
DW-000107,Hyundai,Verna,2021,1077000.0,Automatic,30254.0,Petrol,Hyderabad,6,5042.0,35.6,63.6,https://www.cardekho.com/used-cars+in+hyderabad?pageNo=1,Good,78,9000,895082.0,1969.18,1077000.0
DW-006015,Toyota,Etios Liva,2012,290000.0,Manual,137000.0,Diesel,Ludhiana,15,9133.0,2.12,0.0,https://www.cardekho.com/used-car-details/used-Toyota-etios-liva-gd-cars-Ludhiana_79fe1671-99ec-4f86-9b33-7beed8001e71.htm,Fair,72,22000,222216.0,488.88,290000.0
DW-005255,Toyota,Innova,2012,400000.0,Manual,150000.0,Diesel,Nagpur,15,10000.0,2.67,-20.0,https://www.cardekho.com/used-car-details/used-Toyota-innova-25-g1-bsiv-cars-Nagpur_a2b75a65-ed29-4120-a560-e06a53964764.htm,Fair,58,22000,276883.0,609.14,400000.0
DW-000591,Toyota,Fortuner,2024,3800000.0,Automatic,68000.0,Diesel,New Delhi,3,22667.0,55.88,55.1,https://www.cardekho.com/used-car-details/used-Toyota-fortuner-4x2-diesel-at-cars-New-Delhi_74b3acba-a03c-4a9f-9c97-83871a922045.htm,Poor,91,45000,2817444.0,6198.38,3800000.0
DW-010433,Tata,Punch,2022,622580.0,Automatic,46030.0,Petrol,Mumbai,5,9206.0,13.53,2.1,https://www.cardekho.com/used-car-details/used-Tata-punch-accomplished-amt-bsvi-cars-Mumbai_ef15cf04-5923-4e88-9102-98f0d04f9a87.htm,Good,39,9000,469059.0,1031.93,622580.0
DW-008940,Honda,Amaze,2019,600000.0,Automatic,42000.0,Petrol,Guwahati,8,5250.0,14.29,33.3,https://www.cardekho.com/used-car-details/used-Honda-amaze-ace-edition-cvt-petrol-bsiv-cars-Guwahati_4a55b5e5-2db7-4e7d-a9e9-8c1e5e5a2bd5.htm,Good,66,9000,448455.0,986.6,600000.0
DW-001982,Honda,Jazz,2016,475000.0,Manual,85133.0,Petrol,Chennai,11,7739.0,5.58,11.8,https://www.cardekho.com/used-car-details/used-Honda-jazz-12-sv-i-vtec-cars-Chennai_42d573ec-c9aa-4783-9dca-b9c00897e8c5.htm,Fair,55,22000,324041.0,712.89,475000.0
DW-007551,Maruti Suzuki,Celerio,2021,388139.0,Manual,58552.0,Petrol,Gurgaon,6,9759.0,6.63,14.2,https://www.cardekho.com/used-car-details/used-Maruti-celerio-zxi-plus-cars-Gurgaon_b8d28265-63a3-4410-bf47-1c3745acb854.htm,Good,47,9000,315001.0,693.0,388139.0
DW-001218,Maruti Suzuki,Celerio,2015,298000.0,Manual,104874.0,Petrol,Bangalore,12,8740.0,2.84,-12.4,https://www.cardekho.com/used-car-details/used-Maruti-celerio-zxi-cars-Bangalore_68765de5-baf3-43ed-8c19-c4cf3685485e.htm,Fair,44,22000,197923.0,435.43,298000.0
DW-005958,Maruti Suzuki,Ritz,2012,215000.0,Manual,73339.0,Diesel,Ludhiana,15,4889.0,2.93,17.8,https://www.cardekho.com/used-car-details/used-Maruti-ritz-vdi-cars-Ludhiana_585de266-da0f-445b-aa70-e65cf1614532.htm,Fair,63,22000,151245.0,332.74,215000.0
DW-006532,Honda,Brio,2017,485000.0,Automatic,59000.0,Petrol,Nashik,10,5900.0,8.22,79.0,https://www.cardekho.com/used-car-details/used-Honda-brio-12-vx-at-cars-Nashik_7805ec5d-8a59-444d-9de8-b1e9ef464880.htm,Fair,96,22000,322386.0,709.25,485000.0
DW-004784,Volkswagen,Virtus,2024,1550000.0,Manual,41000.0,Petrol,Ashta,3,13667.0,37.8,30.2,https://www.cardekho.com/used-car-details/used-Volkswagen-virtus-gt-plus-cars-Ashta_41689891-418f-4c2e-8f1f-77418a2019d9.htm,Good,53,9000,1085010.0,2387.02,1550000.0
DW-005007,Kia,Seltos,2023,1051000.0,Manual,73000.0,Diesel,Surat,4,18250.0,14.4,-4.5,https://www.cardekho.com/used-car-details/used-Kia-seltos-hte-diesel-cars-Surat_73f8974c-e5fa-456d-8ab7-3913b366caed.htm,Fair,38,22000,816761.0,1796.87,1051000.0
DW-005841,Kia,Sonet,2021,652612.0,Automatic,115286.0,Diesel,Vadodara,6,19214.0,5.66,-25.2,https://www.cardekho.com/buy-used-car-details/used-Kia-sonet-15-htk-plus-diesel-at-cars-Vadodara_4647abb2-29fa-4fca-9b0e-7fe4f6eb4b16.htm,Fair,43,22000,468015.0,1029.63,652612.0
DW-001685,Volkswagen,Taigun,2022,1066544.0,Manual,33501.0,Petrol,Hyderabad,5,6700.0,31.84,-3.0,https://www.cardekho.com/used-car-details/used-Volkswagen-taigun-10-topline-cars-Hyderabad_1b844186-a49b-4795-bbb9-01ca8dd8ccff.htm,Good,25,9000,842442.0,1853.37,1066544.0
DW-003704,Skoda,Kushaq,2021,990000.0,Automatic,64000.0,Petrol,Kanpur,6,10667.0,15.47,-3.3,https://www.cardekho.com/used-car-details/used-Skoda-kushaq-10-tsi-style-4-airbags-at-cars-Kanpur_80de954f-ebb9-404d-8bcb-1bb20b4a73e4.htm?adId=30123&adType=41,Good,44,9000,697962.0,1535.52,990000.0
DW-003773,MG,Hector,2021,721870.0,Manual,71612.0,Petrol,Lucknow,6,11935.0,10.08,-36.7,https://www.cardekho.com/used-car-details/used-Mg-hector-super-mt-cars-Lucknow_d0ecd610-b3f2-482c-9e3b-347cdaa21142.htm,Good,6,9000,599159.0,1318.15,721870.0
DW-005462,Tata,Tiago,2020,418000.0,Manual,26000.0,Petrol,Patna,7,3714.0,16.08,5.8,https://www.cardekho.com/used-car-details/used-Tata-tiago-xz-plus-cars-Patna_499f2793-3deb-4f52-8bc2-168b6367eca6.htm,Good,25,9000,330532.0,727.17,418000.0
DW-000762,Audi,A4,2018,1275000.0,Automatic,58000.0,Diesel,New Delhi,9,6444.0,21.98,-24.1,https://www.cardekho.com/used-car-details/used-Audi-a4-35-tdi-technology-cars-New-Delhi_9c6e577e-80f3-412a-b4d0-d4e184c1a055.htm?adId=34878&adType=41,Fair,14,22000,1038086.0,2283.79,1275000.0
DW-010362,Hyundai,i20,2015,399000.0,Manual,49800.0,Petrol,Mumbai,12,4150.0,8.01,-14.4,https://www.cardekho.com/used-car-details/used-Hyundai-i20-magna-12-cars-Mumbai_a0ba49dd-efbb-4fee-8261-505908e43347.htm,Fair,9,22000,265468.0,584.03,399000.0
DW-004837,Mercedes-Benz,S-Class,2016,4500000.0,Automatic,46725.0,Petrol,Chandigarh,11,4248.0,96.31,25.0,https://www.cardekho.com/used-car-details/used-Mercedes-benz-s-class-s-500-l-cars-Chandigarh_2f686f0d-f4b8-4bf9-a17a-29aaa7d8be9f.htm,Fair,48,22000,3344109.0,7357.04,4500000.0
DW-005246,Mahindra,XUV500,2020,1300000.0,Manual,40000.0,Diesel,Nagpur,7,5714.0,32.5,92.6,https://www.cardekho.com/used-car-details/used-Mahindra-xuv500-w11-fwd-diesel-cars-Nagpur_d7543375-5c78-4b6d-b4cb-c47337dccaf7.htm,Good,74,9000,972827.0,2140.22,1300000.0
DW-008143,Hyundai,Grand i10,2016,260754.0,Manual,29647.0,Petrol,Ghaziabad,11,2695.0,8.8,-28.2,https://www.cardekho.com/used-car-details/used-Hyundai-grand-i10-12-kappa-magna-bsiv-cars-Ghaziabad_09a36ffd-4945-4c79-8397-a92c853915c6.htm,Fair,3,22000,181538.0,399.38,260754.0
DW-008150,Tata,Punch,2023,525980.0,Automatic,80893.0,Petrol,Ghaziabad,4,20223.0,6.5,-13.8,https://www.cardekho.com/used-car-details/used-Tata-punch-adventure-rhythm-amt-cars-Ghaziabad_9549a91d-9ed2-4d64-846c-b6633de657a9.htm,Fair,43,22000,369608.0,813.14,525980.0
DW-004519,Mahindra,XUV300,2023,1065000.0,Automatic,75930.0,Diesel,Coimbatore,4,18982.0,14.03,42.0,https://www.cardekho.com/used-car-details/used-Mahindra-xuv300-w8-opt-amt-diesel-cars-Coimbatore_8a2dfe53-ba5d-4a33-a7f1-73e446af7006.htm,Fair,78,22000,733186.0,1613.01,1065000.0
DW-008141,Hyundai,Grand i10,2016,283579.0,Manual,72513.0,Petrol,Ghaziabad,11,6592.0,3.91,-21.9,https://www.cardekho.com/used-car-details/used-Hyundai-grand-i10-12-kappa-sportz-bsiv-cars-Ghaziabad_156c097a-3bb7-4353-a453-1c6370cf02cc.htm,Fair,20,22000,192196.0,422.83,283579.0
DW-007285,Renault,Duster,2014,250000.0,Manual,161000.0,Diesel,Jalna,13,12385.0,1.55,-35.9,https://www.cardekho.com/used-car-details/used-Renault-duster-85ps-diesel-rxl-cars-Jalna_2aac7b23-0b75-4004-bf8b-a3413d25f725.htm?adId=33186&adType=41,Fair,55,22000,162546.0,357.6,250000.0
DW-002465,Audi,A3,2018,1490000.0,Automatic,64249.0,Petrol,Pune,9,7139.0,23.19,36.7,https://www.cardekho.com/buy-used-car-details/used-Audi-a3-35-tfsi-technology-cars-Pune_c2bc1e23-f724-4cb7-90a2-993fc007f5d0.htm,Fair,76,22000,1107253.0,2435.96,1490000.0
DW-000030,Hyundai,Grand i10 Nios,2024,664000.0,Manual,21164.0,CNG,Delhi,3,7055.0,31.37,15.8,https://www.cardekho.com/used-cars+in+delhi?pageNo=11,Excellent,30,3000,481417.0,1059.12,664000.0
DW-007383,Maruti Suzuki,Vitara Brezza,2016,490000.0,Manual,100000.0,Diesel,Amritsar,11,9091.0,4.9,-25.4,https://www.cardekho.com/used-car-details/used-Maruti-vitara-brezza-zdi-plus-dual-tone-cars-Amritsar_ff6bce3e-dedb-447c-b9df-8e9e8f583a50.htm,Fair,29,22000,340249.0,748.55,490000.0
DW-008464,Kia,Seltos,2020,1200000.0,Automatic,90000.0,Diesel,Dehradun,7,12857.0,13.33,9.1,https://www.cardekho.com/used-car-details/used-Kia-seltos-gtx-plus-diesel-at-cars-Dehradun_1258944f-1819-4133-8500-4f68fa53307a.htm?adId=31181&adType=41,Good,62,9000,943851.0,2076.47,1200000.0
DW-001502,Nissan,Micra,2013,270579.0,Automatic,113128.0,Petrol,Bangalore,14,8081.0,2.39,-5.1,https://www.cardekho.com/used-car-details/used-Nissan-micra-xv-cvt-cars-Bangalore_68aea6ec-736d-48d3-b232-11ffeb6e246d.htm,Fair,55,22000,183159.0,402.95,270579.0
DW-005696,Skoda,Rapid,2012,230000.0,Manual,87000.0,Diesel,Bhopal,15,5800.0,2.64,-53.1,https://www.cardekho.com/used-car-details/used-Skoda-rapid-16-tdi-elegance-cars-Bhopal_5ee042fe-8958-4f8c-b862-1b44ce6b8bc4.htm,Fair,30,22000,150916.0,332.02,230000.0
DW-008892,Tata,Tigor,2023,400000.0,Manual,40000.0,Petrol,Guwahati,4,10000.0,10.0,-9.1,https://www.cardekho.com/used-car-details/used-Tata-tigor-xz-plus-cars-Guwahati_b58513c5-0b7a-4cdd-b2a9-31d0707edc76.htm,Good,24,9000,303034.0,666.67,400000.0
DW-005485,Toyota,Innova Crysta,2022,1650000.0,Manual,40000.0,Diesel,Patna,5,8000.0,41.25,-6.5,https://www.cardekho.com/used-car-details/used-Toyota-innova-crysta-24-g-7-str-cars-Patna_f8a2fc28-e3b9-4553-9e07-0476650d66d0.htm,Good,30,9000,1337035.0,2941.48,1650000.0
DW-007279,Renault,Kiger,2023,550000.0,Manual,27000.0,Petrol,Aurangabad,4,6750.0,20.37,3.4,https://www.cardekho.com/used-car-details/used-Renault-kiger-rxe-cars-Aurangabad_46f6435c-b5e9-4933-8d10-d0e640c846c4.htm,Excellent,22,3000,413257.0,909.17,550000.0
DW-001255,Tata,Nexon,2018,650000.0,Automatic,62000.0,Diesel,Bangalore,9,6889.0,10.48,-8.0,https://www.cardekho.com/used-car-details/used-Tata-nexon-15-revotorq-xma-cars-Bangalore_6bfa2095-35e0-4113-abdc-98cae7ce866b.htm,Fair,33,22000,490283.0,1078.62,650000.0
DW-002211,Tata,Punch,2019,382283.0,Manual,48139.0,Petrol,Pune,8,6017.0,7.94,-37.3,https://www.cardekho.com/used-car-details/used-Tata-punch-adventure-plus-cars-Pune_610326ab-a80e-453b-bdae-d12e82f5bd64.htm,Good,9,9000,314003.0,690.81,382283.0
DW-009855,Toyota,Urban cruiser,2020,650000.0,Automatic,80000.0,Petrol,New Delhi,7,11429.0,8.12,-9.3,https://www.cardekho.com/used-car-details/used-Toyota-urban-cruiser-high-at-cars-New-Delhi_23af93cd-f17e-4b6f-a317-eadaea18c11d.htm,Good,32,9000,496893.0,1093.16,650000.0
DW-010146,BMW,5 Series,2026,7200000.0,Automatic,8050.0,Petrol,Gurgaon,1,8050.0,894.41,185.1,https://www.cardekho.com/used-car-details/used-Bmw-5-series-530li-cars-Gurgaon_43fbfc21-89b3-47d9-8ea3-6303182c0f8f.htm?adId=34789&adType=41,Excellent,57,3000,6019581.0,13243.08,7200000.0
DW-010058,Ford,Ecosport,2016,392000.0,Manual,52000.0,Petrol,New Delhi,11,4727.0,7.54,-15.5,https://www.cardekho.com/used-car-details/used-Ford-ecosport-15-petrol-titanium-plus-bsiv-cars-New-Delhi_a1e1a39f-6f6e-4454-b702-7967e62f0320.htm,Fair,28,22000,299068.0,657.95,392000.0
DW-001286,Toyota,Fortuner,2023,4100000.0,Automatic,30864.0,Diesel,Bangalore,4,7716.0,132.84,67.3,https://www.cardekho.com/used-car-details/used-Toyota-fortuner-4x4-diesel-at-cars-Bangalore_639ac526-66ae-4b6e-9f10-ed4f31935ea1.htm,Excellent,73,3000,2903112.0,6386.85,4100000.0
DW-001088,Mercedes-Benz,GL-Class,2015,1475000.0,Automatic,103000.0,Diesel,Mumbai,12,8583.0,14.32,-44.9,https://www.cardekho.com/used-car-details/used-Mercedes-benz-gl-class-350-cdi-blue-efficiency-cars-Mumbai_7105a916-57ec-4ca9-8c41-ac750dd061cf.htm,Fair,26,22000,1105438.0,2431.96,1475000.0
DW-000109,Tata,Nexon,2019,750000.0,Manual,64000.0,Diesel,Hyderabad,8,8000.0,11.72,6.2,https://www.cardekho.com/used-cars+in+hyderabad?pageNo=1,Good,45,9000,594561.0,1308.03,750000.0
DW-008673,Skoda,Slavia,2023,1550000.0,Automatic,20000.0,Petrol,Mangalore,4,5000.0,77.5,46.7,https://www.cardekho.com/used-car-details/used-Skoda-slavia-10-tsi-style-at-cars-Mangalore_a5187abd-48b5-4725-902c-1bba67d05d94.htm,Excellent,67,3000,1311411.0,2885.1,1550000.0
DW-001510,Jeep,Compass,2021,1625000.0,Automatic,47000.0,Petrol,Bangalore,6,7833.0,34.57,66.7,https://www.cardekho.com/used-car-details/used-Jeep-compass-model-s-dct-bsvi-cars-Bangalore_22394529-aee0-4d32-bbf7-260a9342f323.htm,Good,68,9000,1240229.0,2728.5,1625000.0
DW-005649,Toyota,Yaris,2018,503536.0,Manual,118073.0,Petrol,Bhopal,9,13119.0,4.26,-13.7,https://www.cardekho.com/used-car-details/used-Toyota-yaris-v-bsiv-cars-Bhopal_264177a7-2242-4466-a68d-e4f062a35027.htm,Fair,42,22000,337483.0,742.46,503536.0
DW-008590,Tata,Nexon,2021,650000.0,Manual,150000.0,Diesel,Kannur,6,25000.0,4.33,-8.0,https://www.cardekho.com/used-car-details/used-Tata-nexon-xz-plus-diesel-bsvi-cars-Kannur_902cc22f-ddfe-4451-9144-3528657f8700.htm,Poor,63,45000,464796.0,1022.55,650000.0
DW-005280,Honda,City,2015,500000.0,Automatic,95498.0,Petrol,Nagpur,12,7958.0,5.24,-15.3,https://www.cardekho.com/buy-used-car-details/used-Honda-city-i-vtec-cvt-sv-cars-Nagpur_df7c76f7-1d8b-46ab-a72e-b48cec31f544.htm,Fair,50,22000,337492.0,742.48,500000.0
DW-007380,Maruti Suzuki,Swift Dzire,2017,485000.0,Manual,70000.0,Petrol,Amritsar,10,7000.0,6.93,23.4,https://www.cardekho.com/used-car-details/used-Maruti-swift-dzire-lxi-cars-Amritsar_29379398-45d0-4ef5-9247-76f7666af938.htm,Fair,63,22000,372173.0,818.78,485000.0
DW-002109,Mercedes-Benz,GLC,2021,4150000.0,Automatic,35000.0,Petrol,Chandigarh,6,5833.0,118.57,-5.7,https://www.cardekho.com/used-car-details/used-Mercedes-benz-glc-200-cars-Chandigarh_f57f8d69-6c99-46d7-a990-226683498a3a.htm?adId=32818&adType=41,Good,29,9000,3212029.0,7066.46,4150000.0
DW-002406,Ford,Aspire,2019,399000.0,Manual,69000.0,Petrol,Pune,8,8625.0,5.78,10.8,https://www.cardekho.com/used-car-details/used-Ford-aspire-trend-plus-cars-Pune_690d3cc7-86ba-4873-a1d4-67f3be1bf217.htm,Good,44,9000,313597.0,689.91,399000.0
DW-005283,Honda,Jazz,2015,449000.0,Manual,77000.0,Diesel,Nagpur,12,6417.0,5.83,5.6,https://www.cardekho.com/used-car-details/used-Honda-jazz-15-vx-i-dtec-cars-Nagpur_9514b639-9dc4-4a22-b898-ec2d0ea2c8a7.htm,Fair,44,22000,350852.0,771.87,449000.0
DW-007423,Mahindra,XUV500,2012,300000.0,Manual,90000.0,Diesel,Amritsar,15,6000.0,3.33,-55.6,https://www.cardekho.com/used-car-details/used-Mahindra-xuv500-w8-fwd-cars-Amritsar_48187a3b-3af2-434e-87e6-373675e3b01a.htm,Fair,30,22000,216303.0,475.87,300000.0
DW-010134,BMW,3 Series,2020,3090000.0,Automatic,65000.0,Petrol,New Delhi,7,9286.0,47.54,105.9,https://www.cardekho.com/used-car-details/used-Bmw-3-series-330i-m-sport-cars-New-Delhi_ee96b682-467b-4782-bc40-7e38bd94dfb0.htm,Good,89,9000,2437866.0,5363.31,3090000.0
DW-004614,Mercedes-Benz,C-Class,2011,875000.0,Automatic,127628.0,Diesel,Coimbatore,16,7977.0,6.86,-58.1,https://www.cardekho.com/used-car-details/used-Mercedes-benz-c-class-c-250-cdi-elegance-cars-Coimbatore_7c2de267-16f1-42a3-bccf-edff7b78cbf9.htm,Fair,45,22000,689537.0,1516.98,875000.0
DW-002770,Mercedes-Benz,GLE,2016,2350000.0,Automatic,46000.0,Diesel,Kolkata,11,4182.0,51.09,-56.9,https://www.cardekho.com/used-car-details/used-Mercedes-benz-gle-350d-cars-Kolkata_64d7b22d-f091-4093-9266-73ca02a7d3a8.htm,Fair,8,22000,1919965.0,4223.92,2350000.0
DW-003064,Ford,Endeavour,2009,350000.0,Manual,230000.0,Diesel,Ahmedabad,18,12778.0,1.52,-82.5,https://www.cardekho.com/used-car-details/used-Ford-endeavour-25l-4x2-mt-cars-Ahmedabad_6483c65e-e5bc-4dbe-8cd0-908049511b54.htm?adId=33572&adType=41,Fair,85,22000,268625.0,590.98,350000.0
DW-001108,Audi,Q7,2013,950000.0,Automatic,89300.0,Diesel,Mumbai,14,6379.0,10.64,-66.6,https://www.cardekho.com/used-car-details/used-Audi-q7-30-tdi-quattro-premium-plus-cars-Mumbai_eb968278-2545-4b13-bec6-39357faf02bb.htm,Fair,28,22000,648191.0,1426.02,950000.0
DW-002129,Audi,Q5,2024,6800000.0,Automatic,700.0,Petrol,Chennai,3,233.0,9714.29,127.4,https://www.cardekho.com/used-car-details/used-Audi-q5-technology-cars-Chennai_c3c9b207-d267-4f5e-bd8d-9ba0bad1390a.htm,Excellent,68,3000,5324314.0,11713.49,6800000.0
DW-009454,Renault,Kiger,2022,732139.0,Automatic,59269.0,Petrol,Bangalore,5,11854.0,12.35,37.6,https://www.cardekho.com/used-car-details/used-Renault-kiger-rxz-turbo-cvt-cars-Bangalore_9b523d04-e1aa-4f2b-be08-047ae8555049.htm,Good,74,9000,527248.0,1159.95,732139.0
DW-009467,Skoda,Kylaq,2025,1061500.0,Manual,5177.0,Petrol,Bangalore,2,2588.0,205.04,1.1,https://www.cardekho.com/used-car-details/used-Skoda-kylaq-signature-plus-cars-Bangalore_e7c61863-5bfc-448b-8f98-6f07ae504d8c.htm,Excellent,8,3000,877039.0,1929.49,1061500.0
DW-003299,Toyota,Etios,2013,300000.0,Manual,113000.0,Diesel,Jaipur,14,8071.0,2.65,6.4,https://www.cardekho.com/used-car-details/used-Toyota-etios-gd-cars-Jaipur_18624485-45ff-414b-bc4c-604753e677ac.htm,Fair,52,22000,217178.0,477.79,300000.0
DW-000266,Maruti Suzuki,Suzuki Grand Vitara,2025,1043000.0,Manual,24856.0,Petrol,Lucknow,2,12428.0,41.96,-14.6,https://www.cardekho.com/used-cars+in+lucknow?pageNo=1,Good,19,9000,786844.0,1731.06,1043000.0
DW-002321,Honda,Amaze 2nd Gen,2022,625000.0,Manual,25000.0,Petrol,Pune,5,5000.0,25.0,7.1,https://www.cardekho.com/used-car-details/used-Honda-amaze-2nd-gen-vx-bsvi-cars-Pune_943c9013-af8b-4051-b93d-7d3007c1d736.htm,Good,38,9000,446135.0,981.5,625000.0
DW-009582,Maruti Suzuki,Ertiga,2026,1150000.0,Manual,11000.0,CNG,New Delhi,1,11000.0,104.55,48.8,https://www.cardekho.com/used-car-details/used-Maruti-ertiga-vxi-cng-cars-New-Delhi_6cef6079-fa6d-4884-bbd1-b5b1d328cbe2.htm,Good,52,9000,854482.0,1879.86,1150000.0
DW-003657,Volkswagen,Virtus,2023,1090522.0,Automatic,36121.0,Petrol,Lucknow,4,9030.0,30.19,-8.4,https://www.cardekho.com/used-car-details/used-Volkswagen-virtus-highline-plus-at-cars-Lucknow_0673e82f-5b0d-4671-b938-6c31c01590f4.htm,Good,12,9000,869488.0,1912.87,1090522.0
DW-003446,Mercedes-Benz,GLA Class,2015,1550000.0,Automatic,36000.0,Diesel,Jaipur,12,3000.0,43.06,7.3,https://www.cardekho.com/used-car-details/used-Mercedes-benz-gla-class-200-cdi-sport-cars-Jaipur_8e885c2d-1520-4da4-ab54-975ed8724110.htm,Fair,36,22000,1110514.0,2443.13,1550000.0
DW-002010,Kia,Seltos,2022,1350000.0,Automatic,15000.0,Diesel,Chennai,5,3000.0,90.0,22.7,https://www.cardekho.com/used-car-details/used-Kia-seltos-htk-plus-at-d-cars-Chennai_55cd80ef-ac37-4101-95aa-64cec299ecb2.htm,Good,45,9000,954951.0,2100.89,1350000.0
DW-003533,Honda,Amaze 2nd Gen,2021,513580.0,Manual,118091.0,Petrol,Lucknow,6,19682.0,4.35,-12.0,https://www.cardekho.com/used-car-details/used-Honda-amaze-2nd-gen-vx-cars-Lucknow_c23db49b-10fa-423d-b4a4-68857552f1b2.htm,Fair,63,22000,405917.0,893.02,513580.0
DW-010320,Maruti Suzuki,Celerio,2015,340000.0,Automatic,40000.0,Petrol,Mumbai,12,3333.0,8.5,0.0,https://www.cardekho.com/used-car-details/used-Maruti-celerio-zxi-at-cars-Mumbai_f7dc2cde-cfe2-4a52-8017-0732e9dad262.htm?adId=34193&adType=41,Fair,34,22000,254975.0,560.95,340000.0
DW-005741,Skoda,Kushaq,2021,852201.0,Automatic,82167.0,Petrol,Vadodara,6,13694.0,10.37,-16.7,https://www.cardekho.com/used-car-details/used-Skoda-kushaq-10-tsi-style-at-bsvi-cars-Vadodara_08834a26-cb43-4eb2-8f93-9af02ab312d1.htm,Good,32,9000,613081.0,1348.78,852201.0
DW-002949,Mahindra,XUV300,2023,694501.0,Manual,62552.0,Petrol,Ahmedabad,4,15638.0,11.1,-7.4,https://www.cardekho.com/used-car-details/used-Mahindra-xuv300-w6-cars-Ahmedabad_16454ad9-830c-478f-bd3c-b0ed5c71cc41.htm,Fair,29,22000,494602.0,1088.12,694501.0
DW-001609,Mahindra,XUV500,2013,575000.0,Manual,68000.0,Diesel,Hyderabad,14,4857.0,8.46,-14.8,https://www.cardekho.com/used-car-details/used-Mahindra-xuv500-w8-awd-cars-Hyderabad_209ccb9e-8a7b-48c7-b967-5bb3d3e87d19.htm,Fair,30,22000,464341.0,1021.55,575000.0
DW-009654,Hyundai,Verna,2023,1304177.0,Automatic,39840.0,Petrol,Noida,4,9960.0,32.74,98.1,https://www.cardekho.com/used-car-details/used-Hyundai-verna-sx-turbo-dct-cars-Noida_b8e71fb3-dbc0-40de-966d-3de43e16929b.htm,Good,77,9000,1042464.0,2293.42,1304177.0
DW-004415,Nissan,Terrano,2015,536300.0,Manual,56114.0,Petrol,Kochi,12,4676.0,9.56,45.9,https://www.cardekho.com/used-car-details/used-Nissan-terrano-xl-p-cars-Kochi_c9e339be-4149-417c-9e49-90a4eec18748.htm,Fair,68,22000,402523.0,885.55,536300.0
DW-009504,Maruti Suzuki,Swift,2018,415000.0,Manual,63000.0,Petrol,New Delhi,9,7000.0,6.59,-11.0,https://www.cardekho.com/used-car-details/used-Maruti-swift-vxi-cars-New-Delhi_9a777940-3135-4655-bc28-28fac42f3e94.htm,Fair,44,22000,287650.0,632.83,415000.0
DW-007739,BMW,XM,2024,13900000.0,Automatic,14000.0,Petrol,Gurgaon,3,4667.0,992.86,-15.5,https://www.cardekho.com/used-car-details/used-Bmw-xm-xdrive-cars-Gurgaon_2b7b2e93-2440-4256-bf73-6149f12c9830.htm,Excellent,19,3000,10350676.0,22771.49,13900000.0
DW-000294,Land Rover,Rover Discovery Sport,2018,2650000.0,Automatic,99000.0,Diesel,Chandigarh,9,11000.0,26.77,10.4,https://www.cardekho.com/used-cars+in+chandigarh?pageNo=1,Fair,70,22000,1848711.0,4067.16,2650000.0
DW-006558,Kia,Seltos,2020,800000.0,Manual,80000.0,Petrol,Nashik,7,11429.0,10.0,-27.3,https://www.cardekho.com/used-car-details/used-Kia-seltos-htk-plus-g-cars-Nashik_121dc25e-26e3-4e03-8825-408a982e918a.htm,Good,20,9000,638418.0,1404.52,800000.0
DW-003161,Nissan,Micra,2016,290000.0,Automatic,60000.0,Petrol,Ahmedabad,11,5455.0,4.83,1.8,https://www.cardekho.com/used-car-details/used-Nissan-micra-xv-cvt-cars-Ahmedabad_b0bac7b5-e88f-44cb-a094-2a99544593f6.htm,Fair,46,22000,182878.0,402.33,290000.0
DW-006647,BMW,3 Series GT,2020,2795000.0,Automatic,31000.0,Petrol,Mumbai,7,4429.0,90.16,41.5,https://www.cardekho.com/used-car-details/used-Bmw-3-series-gt-m-sport-petrol-cars-Mumbai_8e0e1261-6d0c-4157-9f8b-49302745b390.htm,Good,64,9000,1949536.0,4288.98,2795000.0
DW-008521,MG,Gloster,2023,2975000.0,Automatic,45000.0,Diesel,New Delhi,4,11250.0,66.11,10.2,https://www.cardekho.com/used-car-details/used-Mg-gloster-savvy-4x4-7str-cars-New-Delhi_4a02e4ec-d5f1-44cf-906b-8cb65f6bd85f.htm,Good,44,9000,2399037.0,5277.88,2975000.0
DW-000428,Maruti Suzuki,Suzuki Alto 800,2016,282000.0,Manual,77999.0,Petrol,Bangalore,11,7091.0,3.62,3.3,https://www.cardekho.com/used-cars+in+bangalore?pageNo=1,Fair,56,22000,215537.0,474.18,282000.0
DW-002361,Volkswagen,Polo,2018,695000.0,Automatic,61000.0,Petrol,Pune,9,6778.0,11.39,75.9,https://www.cardekho.com/used-car-details/used-Volkswagen-polo-gt-tsi-cars-Pune_d05fc6dd-8af0-4c7b-a7a2-a09f57e42a59.htm,Fair,91,22000,543365.0,1195.4,695000.0
DW-006014,Toyota,Etios Liva,2016,460000.0,Manual,102000.0,Diesel,Ludhiana,11,9273.0,4.51,58.6,https://www.cardekho.com/used-car-details/used-Toyota-etios-liva-vd-cars-Ludhiana_febb3e0d-9356-4818-9601-75f2446ac1b2.htm,Fair,107,22000,332543.0,731.59,460000.0
DW-000577,Mahindra,KUV 100,2016,225000.0,Manual,58000.0,Petrol,New Delhi,11,5273.0,3.88,-21.2,https://www.cardekho.com/used-car-details/used-Mahindra-kuv-100-mfalcon-g80-k4-plus-cars-New-Delhi_0ffc76a2-1516-47e2-b3bd-97ba6ba61291.htm?adId=34867&adType=41,Fair,25,22000,151904.0,334.19,225000.0
DW-006736,Maruti Suzuki,Dzire,2022,582520.0,Automatic,59835.0,Petrol,Rajkot,5,11967.0,9.74,-5.1,https://www.cardekho.com/used-car-details/used-Maruti-dzire-vxi-at-bsvi-cars-Rajkot_5fb4cef5-7200-4dc9-8225-95803f531cd0.htm,Good,37,9000,436873.0,961.12,582520.0
DW-001651,Honda,City,2015,425000.0,Manual,138000.0,Petrol,Hyderabad,12,11500.0,3.08,-28.0,https://www.cardekho.com/used-car-details/used-Honda-city-i-vtec-v-cars-Hyderabad_300eabb7-20de-4441-aa8e-cb5c6d335a7f.htm,Fair,37,22000,296196.0,651.63,425000.0
DW-004636,Tata,Curvv,2022,744840.0,Manual,56940.0,Diesel,Indore,5,11388.0,13.08,-38.8,https://www.cardekho.com/used-car-details/used-Tata-curvv-creative-plus-s-diesel-cars-Indore_5c941ff2-ef55-4314-bbac-1ad429be3946.htm,Good,14,9000,570677.0,1255.49,744840.0
DW-005633,Mahindra,Quanto,2013,290000.0,Manual,70000.0,Diesel,Bhopal,14,5000.0,4.14,23.4,https://www.cardekho.com/used-car-details/used-Mahindra-quanto-c6-cars-Bhopal_f8edd313-0c54-4de1-bcf1-b3f44f60d8e1.htm,Fair,58,22000,199755.0,439.46,290000.0
DW-006195,Hyundai,Santro,2021,319796.0,Manual,38906.0,Petrol,Agra,6,6484.0,8.22,-22.8,https://www.cardekho.com/used-car-details/used-Hyundai-santro-era-executive-cars-Agra_adec08a3-8570-4ecd-941c-e26602956697.htm,Good,5,9000,243551.0,535.81,319796.0
DW-006988,Tata,Hexa,2017,435000.0,Manual,147412.0,Diesel,Varanasi,10,14741.0,2.95,-37.9,https://www.cardekho.com/used-car-details/used-Tata-hexa-xt-cars-Varanasi_1fa99560-4450-45a0-bf68-4b102f61019f.htm,Fair,60,22000,341102.0,750.42,435000.0
DW-000015,Mahindra,KUV 100,2017,281000.0,Manual,14140.0,Petrol,Delhi,10,1414.0,19.87,-1.6,https://www.cardekho.com/used-cars+in+delhi?pageNo=1,Fair,30,22000,216640.0,476.61,281000.0
DW-009575,Maruti Suzuki,Brezza,2022,925000.0,Automatic,65200.0,Petrol,New Delhi,5,13040.0,14.19,3.1,https://www.cardekho.com/used-car-details/used-Maruti-brezza-zxi-plus-at-bsvi-cars-New-Delhi_822975c0-c7f3-45af-acc2-fb2f04968bc7.htm,Good,52,9000,649426.0,1428.74,925000.0
DW-008258,Renault,KWID,2016,152179.0,Manual,57739.0,Petrol,Ghaziabad,11,5249.0,2.64,-41.5,https://www.cardekho.com/buy-used-car-details/used-Renault-kwid-rxt-cars-Ghaziabad_4719efc3-b8c4-421a-9ab7-0a7b7648f16e.htm,Fair,16,22000,93306.0,205.27,152179.0
DW-008507,BMW,5 Series,2018,2075000.0,Automatic,70000.0,Diesel,Ambala,9,7778.0,29.64,-17.8,https://www.cardekho.com/used-car-details/used-Bmw-5-series-520d-luxury-line-cars-Ambala_db672cad-4a88-45de-a410-0e02e425de63.htm,Fair,37,22000,1486745.0,3270.84,2075000.0
DW-006197,Hyundai,i20,2015,306579.0,Manual,105628.0,Petrol,Agra,12,8802.0,2.9,-34.2,https://www.cardekho.com/used-car-details/used-Hyundai-i20-asta-12-cars-Agra_56c6ad24-a621-4f7f-bd79-e9c503bc4fff.htm,Fair,33,22000,208798.0,459.36,306579.0
DW-010458,Tata,Harrier,2021,1421000.0,Automatic,34212.0,Diesel,Thane,6,5702.0,41.54,11.9,https://www.cardekho.com/used-car-details/used-Tata-harrier-xza-plus-at-bsvi-cars-Thane_8b0c2002-7417-411c-a8e4-7def47816e0d.htm,Good,39,9000,1046975.0,2303.35,1421000.0
DW-001409,Ford,Ecosport,2018,585140.0,Manual,39993.0,Petrol,Bangalore,9,4444.0,14.63,26.1,https://www.cardekho.com/used-car-details/used-Ford-ecosport-15-petrol-titanium-bsiv-cars-Bangalore_f0534b80-0101-4679-8c90-b5db9a7baa4c.htm,Fair,45,22000,402917.0,886.42,585140.0
DW-003935,Kia,Seltos,2024,1225000.0,Manual,40000.0,Diesel,Ambala,3,13333.0,30.62,11.4,https://www.cardekho.com/used-car-details/used-Kia-seltos-htk-diesel-cars-Ambala_ad487712-2d2a-487d-a709-9d8138ec9e68.htm?adId=34766&adType=41,Good,43,9000,988899.0,2175.58,1225000.0
DW-007991,Renault,Kiger,2022,516000.0,Automatic,100071.0,Petrol,Noida,5,20014.0,5.16,-3.0,https://www.cardekho.com/used-car-details/used-Renault-kiger-rxz-turbo-cvt-cars-Noida_8d4a59fa-bcbd-4332-9de5-f61a8c52d70a.htm,Fair,53,22000,377613.0,830.75,516000.0
DW-003571,Tata,Nexon,2022,616840.0,Manual,17536.0,Petrol,Lucknow,5,3507.0,35.18,-12.7,https://www.cardekho.com/used-car-details/used-Tata-nexon-xm-s-bsvi-cars-Lucknow_3ce694d6-b401-4353-8641-c05f36bedb92.htm,Good,4,9000,507842.0,1117.25,616840.0
DW-004122,Jeep,Compass,2017,745000.0,Manual,80000.0,Diesel,Mohali,10,8000.0,9.31,-23.6,https://www.cardekho.com/used-car-details/used-Jeep-compass-20-limited-cars-Mohali_da85693e-20ec-4598-ab0f-7ca3a357f5ee.htm,Fair,28,22000,503142.0,1106.91,745000.0
DW-001878,Volvo,XC60,2014,850000.0,Automatic,135000.0,Diesel,Hyderabad,13,10385.0,6.3,-75.0,https://www.cardekho.com/used-car-details/used-Volvo-xc60-d4-kinetic-cars-Hyderabad_fc9c5b50-8f3b-4848-bc0f-53433e682946.htm,Fair,45,22000,581540.0,1279.39,850000.0
DW-008200,Honda,Brio,2012,185000.0,Manual,80000.0,Petrol,Ghaziabad,15,5333.0,2.31,-31.7,https://www.cardekho.com/used-car-details/used-Honda-brio-s-mt-cars-Ghaziabad_18c6d133-8022-40c7-8c03-280afbd3d361.htm?adId=33317&adType=41,Fair,34,22000,118691.0,261.12,185000.0
DW-002166,Nissan,Magnite,2023,555000.0,Manual,30000.0,Petrol,Chennai,4,7500.0,18.5,0.9,https://www.cardekho.com/used-car-details/used-Nissan-magnite-xl-cars-Chennai_9d6b9d39-74d4-4bcc-8914-e03de4a32073.htm,Excellent,33,3000,392183.0,862.8,555000.0
DW-003400,Ford,Ecosport,2019,545000.0,Automatic,108000.0,Petrol,Jaipur,8,13500.0,5.05,17.5,https://www.cardekho.com/used-car-details/used-Ford-ecosport-15-petrol-titanium-plus-at-bsiv-cars-Jaipur_cb7339b4-3346-4a6c-b719-f2f1e66f5a61.htm?adId=30356&adType=41,Good,72,9000,393978.0,866.75,545000.0
DW-008710,Maruti Suzuki,Dzire,2019,590000.0,Manual,88769.0,Petrol,Visakhapatnam,8,11096.0,6.65,-3.8,https://www.cardekho.com/used-car-details/used-Maruti-dzire-zxi-plus-cars-Visakhapatnam_2c2eb6ff-ed2b-45af-8467-06c7f8b8e94a.htm,Good,49,9000,491264.0,1080.78,590000.0
DW-007987,Renault,KWID,2018,290000.0,Automatic,55000.0,Petrol,Noida,9,6111.0,5.27,11.5,https://www.cardekho.com/used-car-details/used-Renault-kwid-10-amt-rxt-cars-Noida_5f7a9091-77e9-4edf-a48a-5e8c9a2839b8.htm?adId=31191&adType=41,Fair,46,22000,190090.0,418.2,290000.0
DW-009299,Renault,Duster,2017,280000.0,Manual,350000.0,Diesel,Sumerpur,10,35000.0,0.8,-28.2,https://www.cardekho.com/used-car-details/used-Renault-duster-85ps-diesel-rxz-cars-Sumerpur_92a9eae2-28a8-4164-9bef-0c50eedb8e1f.htm,Poor,131,45000,159321.0,350.51,280000.0
DW-000736,Mercedes-Benz,E-Class,2022,4975000.0,Automatic,51000.0,Petrol,New Delhi,5,10200.0,97.55,63.1,https://www.cardekho.com/used-car-details/used-Mercedes-benz-e-class-exclusive-e-200-bsvi-cars-New-Delhi_9e6ad692-e76b-4d6c-a1e5-3e975ca95f25.htm,Good,77,9000,3901579.0,8583.47,4975000.0
DW-007885,Hyundai,Grand i10,2016,283579.0,Manual,70692.0,Petrol,Noida,11,6427.0,4.01,-21.9,https://www.cardekho.com/used-car-details/used-Hyundai-grand-i10-12-kappa-sportz-bsiv-cars-Noida_3956d529-29f3-45d6-9c43-7c65aeb18c11.htm,Fair,25,22000,197689.0,434.92,283579.0
DW-010367,Hyundai,Verna,2016,500000.0,Manual,40300.0,Petrol,Mumbai,11,3664.0,12.41,-24.1,https://www.cardekho.com/used-car-details/used-Hyundai-verna-16-vtvt-s-option-cars-Mumbai_f42c231d-6542-4d57-82a9-61f64263386a.htm?adId=34241&adType=41,Fair,7,22000,371533.0,817.37,500000.0
DW-004825,Ford,Endeavour,2016,1525000.0,Automatic,123000.0,Diesel,Indore,11,11182.0,12.4,-23.8,https://www.cardekho.com/used-car-details/used-Ford-endeavour-22-trend-at-4x2-cars-Indore_d7384c1f-714a-432b-83b6-bc02fc64bf1e.htm,Fair,38,22000,1131678.0,2489.69,1525000.0
DW-003947,Kia,Sonet,2024,840000.0,Manual,39000.0,Petrol,Chandigarh,3,13000.0,21.54,-3.7,https://www.cardekho.com/used-car-details/used-Kia-sonet-htk-o-cars-Chandigarh_f3004a9a-050a-4a9c-8afe-35e8208930b8.htm,Good,31,9000,683172.0,1502.98,840000.0
DW-000093,Hyundai,i20,2024,902000.0,Manual,27000.0,Petrol,Chennai,3,9000.0,33.41,93.5,https://www.cardekho.com/used-cars+in+chennai?pageNo=1,Good,76,9000,641150.0,1410.53,902000.0
DW-003911,Toyota,Innova Crysta,2021,1595000.0,Manual,142000.0,Diesel,Chandigarh,6,23667.0,11.23,-9.6,https://www.cardekho.com/used-car-details/used-Toyota-innova-crysta-24-g-7-str-cars-Chandigarh_2e3eb752-4b7d-4b98-8c4d-affaf061e463.htm,Poor,53,45000,1173993.0,2582.78,1595000.0
DW-003541,Maruti Suzuki,Alto 800,2020,271139.0,Manual,65501.0,Petrol,Lucknow,7,9357.0,4.14,8.5,https://www.cardekho.com/used-car-details/used-Maruti-alto-800-vxi-cars-Lucknow_409aedf6-dc52-4016-8a0b-d47e4037cc7f.htm,Good,47,9000,208851.0,459.47,271139.0
DW-004871,Jeep,Compass,2021,1300000.0,Manual,90000.0,Diesel,Ratlam,6,15000.0,14.44,33.3,https://www.cardekho.com/used-car-details/used-Jeep-compass-model-s-diesel-bsvi-cars-Ratlam_e70fca57-e23b-454d-a1cb-ee4d08bcc6c2.htm,Fair,84,22000,1057306.0,2326.07,1300000.0
DW-010468,Tata,Harrier,2019,1000000.0,Manual,136000.0,Diesel,Mumbai,8,17000.0,7.35,-21.3,https://www.cardekho.com/used-car-details/used-Tata-harrier-xz-bsiv-cars-Mumbai_98a506ee-a7b5-4827-8a0c-3713d0f93753.htm,Fair,59,22000,733436.0,1613.56,1000000.0
DW-003754,Mercedes-Benz,E-Class,2023,5750000.0,Automatic,20000.0,Petrol,New Delhi,4,5000.0,287.5,88.5,https://www.cardekho.com/used-car-details/used-Mercedes-benz-e-class-exclusive-e-200-bsvi-cars-New-Delhi_c8992547-9bfc-4d5f-9398-aa54f2a5058a.htm,Excellent,77,3000,4511681.0,9925.7,5750000.0
DW-002466,Audi,A4,2023,3100000.0,Automatic,50000.0,Petrol,Pune,4,12500.0,62.0,84.6,https://www.cardekho.com/used-car-details/used-Audi-a4-premium-cars-Pune_0ada0048-f9fb-4387-889d-4f4329979b90.htm?adId=29666&adType=41,Good,83,9000,2193150.0,4824.93,3100000.0
DW-000497,MG,Hector,2019,870000.0,Automatic,70000.0,Petrol,New Delhi,8,8750.0,12.43,-23.8,https://www.cardekho.com/used-car-details/used-Mg-hector-sharp-dct-cars-New-Delhi_40310a03-7561-4cb6-947a-8f2019c4a4e6.htm,Good,19,9000,622227.0,1368.9,870000.0
DW-009255,Toyota,Fortuner,2017,2200000.0,Manual,160000.0,Diesel,Pali,10,16000.0,13.75,-10.2,https://www.cardekho.com/used-car-details/used-Toyota-fortuner-28-2wd-mt-bsiv-cars-Pali_cb90bf39-74bb-4ad0-af2e-b6d526dfcdb4.htm,Fair,64,22000,1540816.0,3389.8,2200000.0
DW-006149,Nissan,Magnite,2021,419000.0,Manual,87404.0,Petrol,Chandigarh,6,14567.0,4.79,-23.8,https://www.cardekho.com/used-car-details/used-Nissan-magnite-turbo-xv-cars-Chandigarh_3d921138-081d-49d9-a05d-14a9844139a6.htm,Good,33,9000,330047.0,726.1,419000.0
DW-006148,Nissan,Magnite,2024,500000.0,Manual,20000.0,Petrol,Ludhiana,3,6667.0,25.0,-9.1,https://www.cardekho.com/used-car-details/used-Nissan-magnite-xl-cars-Ludhiana_c6d0659b-41e6-4d61-a9cd-3caa41f1bc0e.htm,Excellent,18,3000,368604.0,810.93,500000.0
DW-008160,Tata,Nexon,2024,1023535.0,Automatic,25610.0,Petrol,Ghaziabad,3,8537.0,39.97,44.9,https://www.cardekho.com/buy-used-car-details/used-Tata-nexon-fearless-plus-a-ps-red-dark-dca-cars-Ghaziabad_3824f3c1-8ef5-47f0-a070-b13fbf63db43.htm,Excellent,69,3000,824591.0,1814.1,1023535.0
DW-001079,Mercedes-Benz,CLA,2019,1500000.0,Automatic,75000.0,Diesel,Mumbai,8,9375.0,20.0,0.0,https://www.cardekho.com/used-car-details/used-Mercedes-benz-cla-200-cdi-sport-cars-Mumbai_bcc807f9-587e-4f16-9762-0002cac4160a.htm?adId=34184&adType=41,Good,52,9000,1055940.0,2323.07,1500000.0
DW-008589,Tata,Safari,2024,2550000.0,Manual,30000.0,Diesel,Chikmagalur,3,10000.0,85.0,70.0,https://www.cardekho.com/used-car-details/used-Tata-safari-accomplished-plus-cars-Chikmagalur_17cfa305-fd90-4b9c-bb66-89ed506bc758.htm,Good,74,9000,2105925.0,4633.04,2550000.0
DW-000399,Honda,Mobilio,2014,350000.0,Manual,65000.0,Diesel,Bhopal,13,5000.0,5.38,-10.3,https://www.cardekho.com/used-cars+in+bhopal?pageNo=1,Fair,25,22000,266865.0,587.1,350000.0
DW-001965,Toyota,Yaris,2021,854048.0,Automatic,82361.0,Petrol,Chennai,6,13727.0,10.37,46.3,https://www.cardekho.com/used-car-details/used-Toyota-yaris-g-cvt-cars-Chennai_a2a56aca-cb1f-44d7-ae06-78aa0967685b.htm,Good,83,9000,600226.0,1320.5,854048.0
DW-008557,Maruti Suzuki,Celerio,2020,471139.0,Automatic,7803.0,Petrol,Mangalore,7,1115.0,60.38,38.6,https://www.cardekho.com/used-car-details/used-Maruti-celerio-vxi-amt-cars-Mangalore_9ffcb5f1-66e0-4276-81de-d6ba86d6f2cb.htm,Good,50,9000,322476.0,709.45,471139.0
DW-001027,Skoda,Kushaq,2022,3420626.0,Manual,76142.0,Petrol,Mumbai,5,15228.0,44.92,234.2,https://www.cardekho.com/used-car-details/used-Skoda-kushaq-15-tsi-monte-carlo-cars-Mumbai_2b7da4f8-c330-4474-9d24-941082e2033e.htm,Fair,92,22000,2401320.0,5282.9,3420626.0
DW-005933,Tata,Harrier,2019,1050000.0,Manual,87000.0,Diesel,Ludhiana,8,10875.0,12.07,-17.3,https://www.cardekho.com/used-car-details/used-Tata-harrier-xz-bsiv-cars-Ludhiana_682bfbda-84a3-4f3a-a840-2e58f28a6f67.htm,Good,32,9000,860447.0,1892.98,1050000.0
DW-003874,Tata,Nexon,2023,802840.0,Manual,27020.0,Petrol,Chandigarh,4,6755.0,29.71,13.6,https://www.cardekho.com/used-car-details/used-Tata-nexon-xz-plus-lux-dark-edition-cars-Chandigarh_6c1c8025-3fb9-4678-ae19-463e811ad8a9.htm,Excellent,38,3000,587252.0,1291.95,802840.0
DW-003449,Mercedes-Benz,S-Class,2014,2900000.0,Automatic,70000.0,Diesel,Jaipur,13,5385.0,41.43,-19.4,https://www.cardekho.com/used-car-details/used-Mercedes-benz-s-class-s-350-cdil-cars-Jaipur_b659f4b6-3a66-4a1f-b64e-1b105913fa3b.htm,Fair,24,22000,2246499.0,4942.3,2900000.0
DW-002518,Jeep,Compass,2021,1419377.0,Automatic,66369.0,Diesel,Pune,6,11062.0,21.39,45.6,https://www.cardekho.com/used-car-details/used-Jeep-compass-20-model-s-opt-4x4-at-cars-Pune_a0cfcd81-c18a-48fc-92af-20cb370fdba2.htm,Good,74,9000,1075314.0,2365.69,1419377.0
DW-003316,Honda,City,2016,470000.0,Manual,75000.0,Petrol,Jaipur,11,6818.0,6.27,-20.3,https://www.cardekho.com/used-car-details/used-Honda-city-i-vtec-v-cars-Jaipur_0c69c8f6-0403-4792-8e1a-16e1edf3e264.htm?adId=34284&adType=41,Fair,31,22000,363085.0,798.79,470000.0
DW-007927,Toyota,Etios Liva,2017,349317.0,Manual,55771.0,Petrol,Noida,10,5577.0,6.26,20.5,https://www.cardekho.com/buy-used-car-details/used-Toyota-etios-liva-12-v-cars-Noida_82d6bd78-0658-4635-9da2-d78d52ef0371.htm,Fair,51,22000,248139.0,545.91,349317.0
DW-005093,Mercedes-Benz,V-Class,2019,4400000.0,Automatic,91000.0,Diesel,Surat,8,11375.0,48.35,-10.7,https://www.cardekho.com/used-car-details/used-Mercedes-benz-v-class-exclusive-cars-Surat_1700a98f-da2b-40c6-9572-40cef7f1eebb.htm,Good,44,9000,3401436.0,7483.16,4400000.0
DW-008298,Ford,Freestyle,2020,450000.0,Manual,80000.0,Diesel,Ghaziabad,7,11429.0,5.62,1.7,https://www.cardekho.com/used-car-details/used-Ford-freestyle-titanium-plus-diesel-cars-Ghaziabad_1689827d-7879-4d7a-84c6-ea521a68f276.htm,Good,50,9000,372764.0,820.08,450000.0
DW-009477,Ford,Ecosport,2015,464000.0,Manual,43384.0,Petrol,Bangalore,12,3615.0,10.7,0.0,https://www.cardekho.com/used-car-details/used-Ford-ecosport-10-ecoboost-titanium-cars-Bangalore_0c72755f-309b-42a3-a1c7-8cdafa6d5da5.htm,Fair,26,22000,313249.0,689.15,464000.0
DW-001618,Toyota,Fortuner,2022,3800000.0,Automatic,120121.0,Diesel,Hyderabad,5,24024.0,31.63,55.1,https://www.cardekho.com/used-car-details/used-Toyota-fortuner-4x2-diesel-at-bsvi-cars-Hyderabad_ca16cd13-43ef-4982-95a7-ea737414b59e.htm,Poor,104,45000,3088501.0,6794.7,3800000.0
DW-007158,Maruti Suzuki,Vitara Brezza,2016,550000.0,Manual,227000.0,Diesel,Aurangabad,11,20636.0,2.42,-16.3,https://www.cardekho.com/used-car-details/used-Maruti-vitara-brezza-zdi-plus-cars-Aurangabad_2c80847b-2c38-4383-93a1-aed3a7b7042a.htm,Fair,101,22000,367269.0,807.99,550000.0
DW-005358,Ford,Aspire,2016,295000.0,Manual,52000.0,Petrol,Nagpur,11,4727.0,5.67,-18.1,https://www.cardekho.com/used-car-details/used-Ford-aspire-12-ti-vct-trend-cars-Nagpur_311ad592-1db2-4dd1-95a3-762a7ef8ce0b.htm,Fair,14,22000,205636.0,452.4,295000.0
DW-005014,Volkswagen,Polo,2017,333436.0,Manual,79035.0,Petrol,Surat,10,7904.0,4.22,-15.6,https://www.cardekho.com/used-car-details/used-Volkswagen-polo-12-mpi-comfortline-cars-Surat_92b6b0b5-4ef7-415e-bcbb-00ea34567c2c.htm,Fair,21,22000,255736.0,562.62,333436.0
DW-009012,Maruti Suzuki,Celerio,2016,279000.0,Manual,45952.0,Petrol,Ranchi,11,4177.0,6.07,-17.9,https://www.cardekho.com/used-car-details/used-Maruti-celerio-vxi-cars-Ranchi_0349e466-fe03-46b8-9af0-8e9cac524eb3.htm,Fair,8,22000,201139.0,442.51,279000.0
DW-005720,Nissan,Magnite,2021,500000.0,Manual,10000.0,Petrol,Rajgarh,6,1667.0,50.0,-9.1,https://www.cardekho.com/used-car-details/used-Nissan-magnite-xl-bsvi-cars-Rajgarh_1fc59762-fa21-4a6f-ad25-5a1b29ce63d6.htm,Good,12,9000,392391.0,863.26,500000.0
DW-003860,Hyundai,Creta,2016,610000.0,Manual,37000.0,Petrol,Chandigarh,11,3364.0,16.49,-28.2,https://www.cardekho.com/used-car-details/used-Hyundai-creta-16-vtvt-sx-plus-cars-Chandigarh_6d30fa47-51a7-4fb5-bfd5-0d852597451b.htm,Fair,7,22000,429094.0,944.01,610000.0
DW-009542,Maruti Suzuki,Dzire,2017,354000.0,Manual,114383.0,Petrol,Gurgaon,10,11438.0,3.09,-42.3,https://www.cardekho.com/used-car-details/used-Maruti-dzire-vxi-cars-Gurgaon_d9bce738-5026-4f69-b5e8-c668cda4e237.htm,Fair,36,22000,248026.0,545.66,354000.0
DW-004619,Mercedes-Benz,GLS,2024,11500000.0,Automatic,9653.0,Diesel,Coimbatore,3,3218.0,1191.34,51.3,https://www.cardekho.com/used-car-details/used-Mercedes-benz-gls-450d-4matic-cars-Coimbatore_08d1e2e7-b0fa-4ad3-bb9d-bb83785590f1.htm,Excellent,67,3000,8679352.0,19094.57,11500000.0
DW-007929,Toyota,Fortuner,2018,2100000.0,Manual,150000.0,Diesel,Noida,9,16667.0,14.0,-14.3,https://www.cardekho.com/used-car-details/used-Toyota-fortuner-28-2wd-mt-bsiv-cars-Noida_936fa231-13be-49f4-9924-957c90ced746.htm?adId=30264&adType=41,Fair,48,22000,1612255.0,3546.96,2100000.0
DW-008342,Nissan,Kicks,2022,745000.0,Manual,46990.0,Petrol,Ghaziabad,5,9398.0,15.85,33.3,https://www.cardekho.com/buy-used-car-details/used-Nissan-kicks-13-turbo-xv-cars-Ghaziabad_03803bfb-8507-401f-848f-157ec07c85f7.htm,Good,63,9000,564154.0,1241.14,745000.0
DW-010324,Maruti Suzuki,Celerio,2014,295000.0,Automatic,34000.0,Petrol,Mumbai,13,2615.0,8.68,-13.2,https://www.cardekho.com/used-car-details/used-Maruti-celerio-vxi-at-cars-Mumbai_f8673e00-cc80-4d76-81cf-4814d3b6f39f.htm,Fair,27,22000,198965.0,437.72,295000.0
DW-001361,Renault,Captur,2019,544096.0,Manual,55599.0,Petrol,Bangalore,8,6950.0,9.79,8.7,https://www.cardekho.com/used-car-details/used-Renault-captur-platine-dual-tone-petrol-cars-Bangalore_ebb5e237-3cda-4810-8d86-472ac096be9d.htm,Good,37,9000,396799.0,872.96,544096.0
DW-000389,Mahindra,Scorpio,2021,1150000.0,Manual,80000.0,Diesel,Patna,6,13333.0,14.38,18.6,https://www.cardekho.com/used-cars+in+patna?pageNo=1,Good,60,9000,839272.0,1846.4,1150000.0
DW-001624,Toyota,Innova Crysta,2020,2335365.0,Manual,98000.0,Diesel,Hyderabad,7,14000.0,23.83,32.3,https://www.cardekho.com/used-car-details/used-Toyota-innova-crysta-24-zx-mt-cars-Hyderabad_c876b3cc-45d3-462d-a13b-1d37a0b0d8e4.htm,Good,76,9000,1753633.0,3857.99,2335365.0
DW-008768,Tata,Nexon,2023,900000.0,Automatic,50000.0,Petrol,Samalkota,4,12500.0,18.0,27.4,https://www.cardekho.com/used-car-details/used-Tata-nexon-xza-plus-amt-cars-Samalkota_b4bfccd9-b55a-4b93-9c65-54e1326af298.htm,Good,52,9000,641242.0,1410.73,900000.0
DW-002626,Toyota,Urban cruiser,2022,789580.0,Automatic,39871.0,Petrol,Kolkata,5,7974.0,19.8,10.1,https://www.cardekho.com/used-car-details/used-Toyota-urban-cruiser-premium-at-cars-Kolkata_ae7fb76f-fbf7-42f3-8708-624fc1b8de71.htm,Good,37,9000,646995.0,1423.39,789580.0
DW-009592,Maruti Suzuki,Ertiga,2026,1075000.0,Manual,4000.0,CNG,Faridabad,1,4000.0,268.75,39.1,https://www.cardekho.com/used-car-details/used-Maruti-ertiga-vxi-cng-cars-Faridabad_7966beb7-6a4b-41cb-82ef-704ed9cb90e9.htm,Excellent,56,3000,846592.0,1862.5,1075000.0
DW-006544,Kia,Seltos,2023,1100000.0,Manual,22886.0,Petrol,Nashik,4,5722.0,48.06,0.0,https://www.cardekho.com/used-car-details/used-Kia-seltos-htk-g-cars-Nashik_5e474523-c7db-460b-bba9-78d90525b98d.htm,Excellent,35,3000,789075.0,1735.96,1100000.0
DW-003689,Skoda,Rapid,2015,390000.0,Automatic,182000.0,Diesel,Lucknow,12,15167.0,2.14,-20.4,https://www.cardekho.com/used-car-details/used-Skoda-rapid-15-tdi-at-ambition-cars-Lucknow_43a69eec-45ee-4490-8277-382b5f4fe029.htm?adId=34300&adType=41,Fair,69,22000,291591.0,641.5,390000.0
DW-010404,Hyundai,Grand i10,2018,328748.0,Manual,91748.0,Petrol,Thane,9,10194.0,3.58,-9.4,https://www.cardekho.com/used-car-details/used-Hyundai-grand-i10-12-kappa-magna-bsiv-cars-Thane_b616b440-bd37-4dab-a877-051bfd266ca8.htm,Fair,56,22000,249924.0,549.83,328748.0
DW-003828,Maruti Suzuki,Baleno,2019,432580.0,Manual,92738.0,Diesel,Chandigarh,8,11592.0,4.66,-12.9,https://www.cardekho.com/used-car-details/used-Maruti-baleno-alpha-diesel-cars-Chandigarh_ea1a00ba-7432-44fa-8249-6b011cc4a7aa.htm,Good,42,9000,309219.0,680.28,432580.0
DW-002992,Kia,Seltos,2023,1435000.0,Automatic,65000.0,Diesel,Ahmedabad,4,16250.0,22.08,30.5,https://www.cardekho.com/used-car-details/used-Kia-seltos-gtx-plus-diesel-at-cars-Ahmedabad_0bfc605b-1de6-496d-8f36-a6e13cf35810.htm,Fair,76,22000,1014917.0,2232.82,1435000.0
DW-000089,Tata,Nexon,2022,759000.0,Manual,82334.0,Petrol,Chennai,5,16467.0,9.22,7.4,https://www.cardekho.com/used-cars+in+chennai?pageNo=1,Fair,53,22000,510281.0,1122.62,759000.0
DW-000511,Maruti Suzuki,Grand Vitara,2023,1800000.0,Automatic,60000.0,Petrol,Faridabad,4,15000.0,30.0,50.0,https://www.cardekho.com/used-car-details/used-Maruti-grand-vitara-alpha-plus-hybrid-cvt-bsvi-cars-Faridabad_fd44a92d-daa9-4289-840f-21b00b0a0899.htm?adId=34325&adType=41,Fair,80,22000,1250758.0,2751.67,1800000.0
DW-009316,MG,Hector,2020,1100000.0,Manual,105000.0,Diesel,Jodhpur,7,15000.0,10.48,-3.6,https://www.cardekho.com/used-car-details/used-Mg-hector-sharp-diesel-mt-cars-Jodhpur_1c9d8a60-d059-4788-8151-f2407770b1be.htm,Fair,56,22000,873771.0,1922.3,1100000.0
DW-004563,Volkswagen,Polo,2021,569640.0,Manual,46731.0,Petrol,Coimbatore,6,7788.0,12.19,44.2,https://www.cardekho.com/used-car-details/used-Volkswagen-polo-10-mpi-trendline-cars-Coimbatore_641323c0-1a51-44fe-86d6-d830e3de022a.htm,Good,88,9000,474099.0,1043.02,569640.0
DW-005968,Hyundai,Grand i10,2014,265000.0,Manual,95976.0,Diesel,Ludhiana,13,7383.0,2.76,-27.0,https://www.cardekho.com/used-car-details/used-Hyundai-grand-i10-crdi-sportz-cars-Ludhiana_aa1e61c4-a9cf-4484-9f5e-370a5b25604a.htm,Fair,37,22000,165284.0,363.62,265000.0
DW-003066,Ford,Ecosport,2015,380000.0,Manual,109000.0,Diesel,Ahmedabad,12,9083.0,3.49,-18.1,https://www.cardekho.com/used-car-details/used-Ford-ecosport-15-tdci-trend-bsiv-cars-Ahmedabad_440d0a92-8d12-4ba0-8ac2-fcc53f61f295.htm?adId=32894&adType=41,Fair,40,22000,286640.0,630.61,380000.0
DW-005552,Renault,Triber,2021,450000.0,Automatic,62000.0,Petrol,Patna,6,10333.0,7.26,-0.6,https://www.cardekho.com/used-car-details/used-Renault-triber-rxl-easy-r-amt-cars-Patna_f0ff06ae-1387-4531-9dfc-0c108ac360bf.htm,Good,45,9000,310851.0,683.87,450000.0
DW-001567,Hyundai,Alcazar,2023,1819000.0,Automatic,90000.0,Diesel,Hyderabad,4,22500.0,20.21,20.9,https://www.cardekho.com/used-car-details/used-Hyundai-alcazar-15-signature-o-7-seater-diesel-at-cars-Hyderabad_55bca123-f31c-4ba3-be8e-1440fb74e203.htm?adId=34228&adType=41,Poor,66,45000,1389863.0,3057.7,1819000.0
DW-007076,Volkswagen,Ameo,2018,460000.0,Manual,130000.0,Diesel,Varanasi,9,14444.0,3.54,18.9,https://www.cardekho.com/used-car-details/used-Volkswagen-ameo-15-tdi-highline-plus-cars-Varanasi_72744d41-e3c5-4614-8876-56cdf7936e7b.htm,Fair,79,22000,352169.0,774.77,460000.0
DW-001886,Tata,Zest,2015,295000.0,Manual,68000.0,Petrol,Chennai,12,5667.0,4.34,0.0,https://www.cardekho.com/used-car-details/used-Tata-zest-revotron-12t-xms-cars-Chennai_19a5fc0a-3146-49af-84f6-e942048fc60b.htm,Fair,48,22000,200395.0,440.87,295000.0
DW-007412,Tata,Nexon,2023,925000.0,Manual,8500.0,Diesel,Amritsar,4,2125.0,108.82,30.9,https://www.cardekho.com/buy-used-car-details/used-Tata-nexon-15-revotorq-xz-cars-Amritsar_497434e9-0ea9-477e-af0a-fe27c86afd27.htm,Excellent,43,3000,646017.0,1421.24,925000.0
DW-001577,Hyundai,Aura,2020,492139.0,Automatic,98224.0,Diesel,Hyderabad,7,14032.0,5.01,-14.9,https://www.cardekho.com/buy-used-car-details/used-Hyundai-aura-sx-plus-amt-diesel-cars-Hyderabad_00c77964-b5e2-4a3c-a3ac-7709cb322ce1.htm,Good,44,9000,379435.0,834.76,492139.0
DW-001209,Maruti Suzuki,Brezza,2023,835000.0,Manual,10000.0,Petrol,Bangalore,4,2500.0,83.5,-7.0,https://www.cardekho.com/used-car-details/used-Maruti-brezza-lxi-bsvi-cars-Bangalore_9fe59f4d-ca88-46d6-8df4-599582990a36.htm?adId=33153&adType=41,Excellent,13,3000,705653.0,1552.44,835000.0
DW-004300,Volkswagen,Polo,2017,725000.0,Automatic,107333.0,Petrol,Coimbatore,10,10733.0,6.75,83.5,https://www.cardekho.com/used-car-details/used-Volkswagen-polo-gt-tsi-cars-Coimbatore_4e7b1a91-4369-41d2-b052-d2e82739d9bc.htm,Fair,108,22000,513516.0,1129.74,725000.0
DW-010243,Maruti Suzuki,Wagon R,2021,525000.0,Manual,66394.0,Petrol,Mumbai,6,11066.0,7.91,49.5,https://www.cardekho.com/used-car-details/used-Maruti-wagon-r-zxi-12-cars-Mumbai_6b5f13eb-fe39-4380-af5d-313323b2fa35.htm,Good,84,9000,373422.0,821.53,525000.0
DW-007363,Honda,City,2017,650000.0,Manual,90000.0,Diesel,Amritsar,10,9000.0,7.22,10.2,https://www.cardekho.com/used-car-details/used-Honda-city-i-dtec-zx-cars-Amritsar_74ba0458-6791-45c3-862a-67c3a2633ae4.htm,Fair,48,22000,445083.0,979.18,650000.0
DW-002426,BMW,3 Series GT,2019,2999000.0,Automatic,35000.0,Diesel,Pune,8,4375.0,85.69,51.8,https://www.cardekho.com/used-car-details/used-Bmw-3-series-gt-luxury-line-cars-Pune_c7c67295-3b37-4fbf-9534-5e5fda21cd45.htm,Good,74,9000,2340082.0,5148.18,2999000.0
DW-010430,Tata,Nexon,2023,975000.0,Automatic,10050.0,Petrol,Mumbai,4,2512.0,97.01,38.0,https://www.cardekho.com/used-car-details/used-Tata-nexon-xza-plus-luxs-jet-edition-amt-cars-Mumbai_7fc3eeca-fda4-4f5c-aaf9-f45a7f17e7cc.htm,Excellent,44,3000,766730.0,1686.81,975000.0
DW-004514,Mahindra,XUV700,2024,2350000.0,Manual,35521.0,Diesel,Coimbatore,3,11840.0,66.16,34.3,https://www.cardekho.com/used-car-details/used-Mahindra-xuv700-ax7l-7str-diesel-cars-Coimbatore_3f104768-6b30-47be-9be8-5b1d2d417053.htm,Good,48,9000,1915275.0,4213.61,2350000.0
DW-000652,Volkswagen,Tiguan,2017,925000.0,Automatic,125000.0,Diesel,New Delhi,10,12500.0,7.4,-53.6,https://www.cardekho.com/used-car-details/used-Volkswagen-tiguan-20-tdi-highline-cars-New-Delhi_0e6527a9-208d-4862-857a-522ea8354cf8.htm,Fair,41,22000,729989.0,1605.98,925000.0
DW-005827,Honda,Brio,2013,174300.0,Manual,38197.0,Petrol,Vadodara,14,2728.0,4.56,-35.7,https://www.cardekho.com/buy-used-car-details/used-Honda-brio-v-mt-cars-Vadodara_f05f1cb6-27f7-46f4-a135-358eec29906c.htm,Fair,7,22000,123345.0,271.36,174300.0
DW-005647,Mahindra,Bolero,2016,500000.0,Manual,99000.0,Diesel,Bhopal,11,9000.0,5.05,9.9,https://www.cardekho.com/used-car-details/used-Mahindra-bolero-zlx-cars-Bhopal_0d676990-28c8-4255-a820-686afada48f0.htm,Fair,58,22000,388433.0,854.55,500000.0
DW-005769,Hyundai,Grand i10,2017,356835.0,Manual,60795.0,Petrol,Vadodara,10,6080.0,5.87,-1.7,https://www.cardekho.com/used-car-details/used-Hyundai-grand-i10-12-kappa-magna-bsiv-cars-Vadodara_9c352997-faf7-4493-9c02-692b04c75b72.htm,Fair,43,22000,241020.0,530.24,356835.0
DW-007952,Kia,Seltos,2021,896579.0,Manual,28737.0,Petrol,Noida,6,4790.0,31.2,-18.5,https://www.cardekho.com/used-car-details/used-Kia-seltos-htx-a-cars-Noida_2d2f145f-39b0-40ac-8fa9-488b9bd79d75.htm,Good,4,9000,693364.0,1525.4,896579.0
DW-006924,MG,Astor,2022,782914.0,Automatic,80682.0,Petrol,Rajkot,5,16136.0,9.7,-12.4,https://www.cardekho.com/buy-used-car-details/used-Mg-astor-sharp-cvt-bsvi-cars-Rajkot_f562d240-93db-4225-a8ad-6220ff1bbbcd.htm,Fair,35,22000,560967.0,1234.13,782914.0
DW-005577,MG,Hector,2021,1013716.0,Automatic,61025.0,Petrol,Bhopal,6,10171.0,16.61,-11.2,https://www.cardekho.com/used-car-details/used-Mg-hector-sharp-cvt-cars-Bhopal_17dd2e41-0dab-4110-97b2-b86790fd35ed.htm,Good,27,9000,750748.0,1651.65,1013716.0
DW-009288,Renault,Duster,2014,309899.0,Manual,160000.0,Diesel,Jodhpur,13,12308.0,1.94,-20.5,https://www.cardekho.com/used-car-details/used-Renault-duster-85ps-diesel-rxl-cars-Jodhpur_b6723a24-b891-4eda-b7a4-a79383301c84.htm,Fair,62,22000,238251.0,524.15,309899.0
DW-004327,Skoda,Octavia,2018,1190000.0,Automatic,197000.0,Diesel,Coimbatore,9,21889.0,6.04,19.0,https://www.cardekho.com/used-car-details/used-Skoda-octavia-20-tdi-at-style-cars-Coimbatore_b6c6da3c-b5c0-4674-a28e-e8d73bd8eb6a.htm,Fair,111,22000,932718.0,2051.98,1190000.0
DW-005033,Renault,Pulse,2014,192420.0,Manual,118525.0,Diesel,Surat,13,9117.0,1.62,-8.4,https://www.cardekho.com/used-car-details/used-Renault-pulse-rxl-cars-Surat_0a3b243f-4fdc-4cee-b28f-a2171989aee0.htm,Fair,50,22000,140824.0,309.81,192420.0
DW-008338,Nissan,Sunny,2018,350000.0,Automatic,90000.0,Petrol,Ghaziabad,9,10000.0,3.89,27.3,https://www.cardekho.com/used-car-details/used-Nissan-sunny-xv-cvt-cars-Ghaziabad_962adf02-5963-45ab-8627-549d87738ca9.htm,Fair,77,22000,244888.0,538.75,350000.0
DW-000417,Tata,Altroz,2022,611000.0,Automatic,31083.0,Petrol,Mumbai,5,6217.0,19.66,6.3,https://www.cardekho.com/used-cars+in+mumbai?pageNo=1,Good,33,9000,467956.0,1029.5,611000.0
DW-003028,Renault,Triber,2019,414610.0,Manual,47824.0,Petrol,Ahmedabad,8,5978.0,8.67,-8.4,https://www.cardekho.com/used-car-details/used-Renault-triber-rxz-cars-Ahmedabad_a0277663-07ba-40bc-9be3-73ee5c57778f.htm,Good,16,9000,311521.0,685.35,414610.0
DW-000622,Kia,Seltos,2025,1445000.0,Automatic,27000.0,Petrol,Faridabad,2,13500.0,53.52,31.4,https://www.cardekho.com/used-car-details/used-Kia-seltos-htk-plus-o-ivt-cars-Faridabad_173bf957-7346-4ef0-be8b-f1e3d47e3a04.htm,Good,39,9000,1025754.0,2256.66,1445000.0
DW-007388,Hyundai,Creta,2020,900000.0,Manual,80000.0,Petrol,Amritsar,7,11429.0,11.25,5.9,https://www.cardekho.com/used-car-details/used-Hyundai-creta-16-sx-cars-Amritsar_6ef64500-6e83-436a-a611-3ec417b527ee.htm,Good,52,9000,652955.0,1436.5,900000.0
DW-000719,BMW,X1,2024,4250000.0,Automatic,1800.0,Petrol,New Delhi,3,600.0,2361.11,129.7,https://www.cardekho.com/used-car-details/used-Bmw-x1-sdrive18i-m-sport-cars-New-Delhi_320800ee-4557-4fa8-a940-51cb029db36b.htm,Excellent,62,3000,3308368.0,7278.41,4250000.0
DW-002883,Maruti Suzuki,Celerio,2021,332978.0,Manual,71631.0,Petrol,Ahmedabad,6,11938.0,4.65,-2.1,https://www.cardekho.com/used-car-details/used-Maruti-celerio-vxi-cars-Ahmedabad_8a264ce6-e144-49e0-832f-80e19718ae6a.htm,Good,41,9000,227450.0,500.39,332978.0
DW-004274,Kia,Seltos,2020,1030000.0,Manual,76184.0,Diesel,Coimbatore,7,10883.0,13.52,-6.4,https://www.cardekho.com/used-car-details/used-Kia-seltos-htk-plus-d-cars-Coimbatore_70ff5db5-f606-4ba2-9327-263cd7b11482.htm,Good,40,9000,855911.0,1883.0,1030000.0
DW-003129,Audi,A4,2021,2800000.0,Automatic,40000.0,Petrol,Ahmedabad,6,6667.0,70.0,66.8,https://www.cardekho.com/used-car-details/used-Audi-a4-premium-plus-cars-Ahmedabad_73467192-8b6d-4fd5-a583-1f468a6d66c0.htm?adId=29329&adType=41,Good,80,9000,2003014.0,4406.63,2800000.0
DW-002725,Skoda,Slavia,2023,999000.0,Manual,83452.0,Petrol,Kolkata,4,20863.0,11.97,-5.4,https://www.cardekho.com/used-car-details/used-Skoda-slavia-10-tsi-style-cars-Kolkata_5b2dcef0-ebf1-4b11-9b24-b2ff128b3c3a.htm,Fair,50,22000,706967.0,1555.33,999000.0
DW-004206,Tata,Nexon,2020,497736.0,Manual,111295.0,Petrol,Kochi,7,15899.0,4.47,-29.5,https://www.cardekho.com/used-car-details/used-Tata-nexon-12-revotron-xm-cars-Kochi_d6dfb109-c9d0-4d75-8ac3-cc63614093b0.htm,Fair,29,22000,383554.0,843.82,497736.0
DW-001733,Skoda,Rapid,2021,662359.0,Automatic,71786.0,Petrol,Hyderabad,6,11964.0,9.23,35.2,https://www.cardekho.com/used-car-details/used-Skoda-rapid-10-tsi-ambition-at-cars-Hyderabad_935154b9-f538-4362-8db0-e58a05b4acde.htm,Good,65,9000,464282.0,1021.42,662359.0
DW-004295,Volkswagen,Vento,2016,425000.0,Automatic,90000.0,Petrol,Mohali,11,8182.0,4.72,2.4,https://www.cardekho.com/used-car-details/used-Volkswagen-vento-12-tsi-highline-at-cars-Mohali_bede8c72-1cfe-4cad-a195-1675ad32f9e9.htm,Fair,46,22000,332893.0,732.36,425000.0
DW-006973,Hyundai,Grand i10,2017,290000.0,Manual,82123.0,Diesel,Varanasi,10,8212.0,3.53,-20.1,https://www.cardekho.com/used-car-details/used-Hyundai-grand-i10-crdi-sportz-cars-Varanasi_f1039d8f-bc14-4dc6-9064-85f6b62beafa.htm,Fair,34,22000,212568.0,467.65,290000.0
DW-005895,Ford,Figo,2017,281296.0,Manual,47234.0,Petrol,Vadodara,10,4723.0,5.96,12.5,https://www.cardekho.com/used-car-details/used-Ford-figo-trend-cars-Vadodara_c08cff62-6fef-43de-92ca-ca6cb346ea59.htm,Fair,51,22000,177803.0,391.17,281296.0
DW-001714,Skoda,Kushaq,2022,1325000.0,Automatic,46500.0,Petrol,Hyderabad,5,9300.0,28.49,29.5,https://www.cardekho.com/used-car-details/used-Skoda-kushaq-10-tsi-style-at-bsvi-cars-Hyderabad_b2567747-4fba-4b1b-a05d-3ab2cda361a8.htm?adId=33503&adType=41,Good,55,9000,1056005.0,2323.21,1325000.0
DW-000550,Tata,Aria,2022,619572.0,Manual,64708.0,Diesel,Faridabad,5,12942.0,9.57,54.9,https://www.cardekho.com/used-car-details/used-Tata-aria-pride-4x4-cars-Faridabad_e3f303f2-563c-4399-9f2d-0cfb510d094f.htm,Good,70,9000,483401.0,1063.48,619572.0
DW-003149,MG,Astor,2023,990000.0,Automatic,39000.0,Petrol,Ahmedabad,4,9750.0,25.38,10.7,https://www.cardekho.com/used-car-details/used-Mg-astor-savvy-turbo-at-bsvi-cars-Ahmedabad_bd168191-7fd5-48cb-b0f5-34af1a0e7ab6.htm,Good,29,9000,796466.0,1752.23,990000.0
DW-006482,Tata,Harrier,2022,1495000.0,Manual,69000.0,Diesel,Nashik,5,13800.0,21.67,17.7,https://www.cardekho.com/used-car-details/used-Tata-harrier-xt-plus-bsvi-cars-Nashik_9519de30-f901-49b9-a2d5-f1ad19dc7aac.htm,Good,52,9000,1223223.0,2691.09,1495000.0
DW-002909,Hyundai,i10,2011,133000.0,Manual,69714.0,Petrol,Ahmedabad,16,4357.0,1.91,-40.9,https://www.cardekho.com/used-car-details/used-Hyundai-i10-magna-cars-Ahmedabad_059a932a-3f02-4ff4-8d69-20025161762e.htm,Fair,16,22000,85431.0,187.95,133000.0
DW-002168,Nissan,Magnite,2023,694139.0,Manual,31427.0,Petrol,Chennai,4,7857.0,22.09,26.2,https://www.cardekho.com/used-car-details/used-Nissan-magnite-turbo-xv-cars-Chennai_9c932841-32b2-492b-b248-3b891f1d66ea.htm,Excellent,46,3000,543930.0,1196.65,694139.0
DW-003510,Jeep,Compass,2020,1000000.0,Manual,90000.0,Diesel,Jaipur,7,12857.0,11.11,2.6,https://www.cardekho.com/used-car-details/used-Jeep-compass-20-limited-plus-cars-Jaipur_e97503a1-fb4f-49a5-ae7b-39b831fa6c06.htm,Good,53,9000,739369.0,1626.61,1000000.0
DW-000009,Kia,Sonet,2021,625000.0,Manual,60000.0,Petrol,Delhi,6,10000.0,10.42,-28.4,https://www.cardekho.com/used-cars+in+delhi?pageNo=1,Good,14,9000,493869.0,1086.51,625000.0
DW-000400,Volkswagen,Polo,2014,290000.0,Manual,80000.0,Diesel,Bhopal,13,6154.0,3.62,-26.6,https://www.cardekho.com/used-cars+in+bhopal?pageNo=3,Fair,32,22000,222628.0,489.78,290000.0
DW-003679,Renault,KWID,2018,211140.0,Manual,60466.0,Petrol,Lucknow,9,6718.0,3.49,-18.8,https://www.cardekho.com/buy-used-car-details/used-Renault-kwid-reloaded-08-cars-Lucknow_a73f93e6-0c42-4e5b-b4e0-2f72ead7ef40.htm,Fair,20,22000,144405.0,317.69,211140.0
DW-008157,Tata,Punch,2021,533579.0,Manual,19971.0,Petrol,Ghaziabad,6,3328.0,26.72,-12.5,https://www.cardekho.com/used-car-details/used-Tata-punch-accomplished-cars-Ghaziabad_dfca0f69-7f2b-41a6-9a90-6e2e086d2877.htm,Good,8,9000,417677.0,918.89,533579.0
DW-006621,Ford,Ecosport,2021,895000.0,Manual,70000.0,Diesel,Nashik,6,11667.0,12.79,92.9,https://www.cardekho.com/used-car-details/used-Ford-ecosport-titanium-diesel-cars-Nashik_4111ad7c-5c98-48bf-9a3f-7890e7290a27.htm,Good,94,9000,676184.0,1487.6,895000.0
DW-001113,Audi,Q3,2018,1700000.0,Automatic,85000.0,Diesel,Mumbai,9,9444.0,20.0,18.3,https://www.cardekho.com/used-car-details/used-Audi-q3-35-tdi-quattro-technology-cars-Mumbai_873b08ea-c244-41e3-a982-a9534a569329.htm,Fair,54,22000,1360811.0,2993.78,1700000.0
DW-006035,Honda,Elevate,2025,1300000.0,Manual,30000.0,Petrol,Ludhiana,2,15000.0,43.33,2.8,https://www.cardekho.com/used-car-details/used-Honda-elevate-vx-non-rf-cars-Ludhiana_255a4ec7-5de8-47bf-b6b8-770eb3cae60b.htm,Fair,32,22000,1082545.0,2381.6,1300000.0
DW-002458,Audi,e-tron GT,2022,6000000.0,Automatic,70000.0,Electric,Pune,5,14000.0,85.71,0.0,https://www.cardekho.com/used-car-details/used-Audi-e-tron-gt-quattro-cars-Pune_15feac7d-e104-4f8c-bc22-688dfc4e4acc.htm?adId=33241&adType=41,Good,44,9000,4335350.0,9537.77,6000000.0
DW-009713,Tata,Harrier,2021,1190000.0,Automatic,65000.0,Diesel,New Delhi,6,10833.0,18.31,-6.3,https://www.cardekho.com/used-car-details/used-Tata-harrier-xza-plus-at-bsvi-cars-New-Delhi_50d9d9a6-a356-4c19-a000-a77eceedd097.htm,Good,35,9000,860129.0,1892.28,1190000.0
DW-006948,Maruti Suzuki,Ciaz,2018,400000.0,Manual,30600.0,Petrol,Varanasi,9,3400.0,13.07,-25.0,https://www.cardekho.com/used-car-details/used-Maruti-ciaz-alpha-bsiv-cars-Varanasi_ffd547ea-0471-4932-b0d0-486b6e51fe56.htm,Fair,17,22000,290366.0,638.81,400000.0
DW-004162,Maruti Suzuki,Swift,2023,468660.0,Manual,107664.0,Petrol,Kochi,4,26916.0,4.35,0.5,https://www.cardekho.com/used-car-details/used-Maruti-swift-lxi-cars-Kochi_994771d6-fc4a-4b49-91ae-d118f1f09478.htm,Poor,55,45000,316902.0,697.18,468660.0
DW-003890,Mahindra,Alturas G4,2018,1165000.0,Automatic,128000.0,Diesel,Chandigarh,9,14222.0,9.1,-31.7,https://www.cardekho.com/used-car-details/used-Mahindra-alturas-g4-4x2-at-bsiv-cars-Chandigarh_8534533e-bbf7-48c7-b500-e15cee0bb005.htm,Fair,55,22000,893382.0,1965.44,1165000.0
DW-005984,Tata,Altroz,2020,425000.0,Manual,80000.0,Diesel,Ludhiana,7,11429.0,5.31,-26.1,https://www.cardekho.com/used-car-details/used-Tata-altroz-xm-diesel-cars-Ludhiana_52f42557-8751-47b0-8d7c-32808cd99a41.htm,Good,25,9000,291628.0,641.58,425000.0
DW-001704,Renault,KWID,2021,380000.0,Manual,28267.0,Petrol,Hyderabad,6,4711.0,13.44,46.2,https://www.cardekho.com/used-car-details/used-Renault-kwid-10-rxt-opt-cars-Hyderabad_20aa5bda-82be-44c7-9265-9b3f852171b8.htm,Good,56,9000,280044.0,616.1,380000.0
DW-002326,Kia,Sonet,2022,714550.0,Manual,75097.0,Petrol,Pune,5,15019.0,9.52,-18.1,https://www.cardekho.com/used-car-details/used-Kia-sonet-htk-plus-bsvi-cars-Pune_adafc008-d98d-4cff-99bc-bd1abcca484e.htm,Fair,31,22000,540670.0,1189.47,714550.0
DW-003502,Jeep,Meridian,2022,2190000.0,Automatic,63898.0,Diesel,Jaipur,5,12780.0,34.27,-10.5,https://www.cardekho.com/used-car-details/used-Jeep-meridian-limited-opt-at-bsvi-cars-Jaipur_d8bd9069-0a4f-49cf-9497-c955d98aecb9.htm,Good,26,9000,1716235.0,3775.72,2190000.0
DW-005455,Tata,Nexon,2021,800000.0,Manual,49000.0,Petrol,Patna,6,8167.0,16.33,13.2,https://www.cardekho.com/used-car-details/used-Tata-nexon-xz-plus-bsvi-cars-Patna_1485212e-c572-4238-8ef7-d8b68008113a.htm,Good,41,9000,629880.0,1385.74,800000.0
DW-009609,Maruti Suzuki,Celerio,2020,299999.0,Manual,111000.0,CNG,New Delhi,7,15857.0,2.7,-11.8,https://www.cardekho.com/used-car-details/used-Maruti-celerio-vxi-cng-cars-New-Delhi_eabb8ad1-f414-4d72-bf65-858dfb9cf36c.htm?adId=34347&adType=41,Fair,52,22000,220409.0,484.9,299999.0
DW-008632,Honda,City,2023,1300000.0,Manual,33202.0,Petrol,Kasaragod,4,8300.0,39.15,120.3,https://www.cardekho.com/used-car-details/used-Honda-city-i-vtec-zx-cars-Kasaragod_0eb0fea6-af9a-479d-b7d2-9551064d3638.htm,Excellent,80,3000,1032102.0,2270.62,1300000.0
DW-003468,Audi,Q3,2012,950000.0,Automatic,100000.0,Diesel,Jaipur,15,6667.0,9.5,-33.9,https://www.cardekho.com/used-car-details/used-Audi-q3-20-tdi-cars-Jaipur_8f33b987-7f11-4449-b2ce-bff3ed2bf0e6.htm,Fair,27,22000,755610.0,1662.34,950000.0
DW-009775,Mahindra,Scorpio,2019,1150000.0,Manual,70000.0,Diesel,New Delhi,8,8750.0,16.43,18.6,https://www.cardekho.com/used-car-details/used-Mahindra-scorpio-s11-bsiv-cars-New-Delhi_8a0b07b4-b257-417b-adab-6452a847224f.htm,Good,64,9000,903771.0,1988.3,1150000.0
DW-004772,Volkswagen,Polo,2018,525000.0,Automatic,50000.0,Petrol,Indore,9,5556.0,10.5,32.9,https://www.cardekho.com/used-car-details/used-Volkswagen-polo-gt-tsi-cars-Indore_631fe437-76b1-4a39-b995-0353510e5e23.htm,Fair,68,22000,387829.0,853.22,525000.0
DW-004373,Mercedes-Benz,C-Class,2016,3490000.0,Automatic,58000.0,Petrol,New Delhi,11,5273.0,60.17,67.0,https://www.cardekho.com/used-car-details/used-Mercedes-benz-c-class-c-200-cgi-cars-New-Delhi_2ef0c4e0-d492-4522-9734-5b2054afcc2b.htm,Fair,95,22000,2738344.0,6024.36,3490000.0
DW-003025,Volkswagen,Passat,2010,425000.0,Manual,27000.0,Petrol,Ahmedabad,17,1588.0,15.74,-44.3,https://www.cardekho.com/used-car-details/used-Volkswagen-passat-18-tsi-mt-cars-Ahmedabad_8511c92a-0903-4d81-bc4e-0d7900028400.htm,Fair,5,22000,281951.0,620.29,425000.0
DW-000583,Toyota,Glanza,2024,740000.0,Manual,48000.0,CNG,New Delhi,3,16000.0,15.42,15.6,https://www.cardekho.com/used-car-details/used-Toyota-glanza-s-cng-cars-New-Delhi_0c357c62-b593-403e-8b3e-f27c37a3743c.htm,Fair,55,22000,526320.0,1157.9,740000.0
DW-008979,Ford,Figo,2013,165000.0,Manual,64000.0,Petrol,Guwahati,14,4571.0,2.58,-34.0,https://www.cardekho.com/used-car-details/used-Ford-figo-petrol-exi-cars-Guwahati_377e8919-e560-4b15-89db-d260be56d884.htm,Fair,5,22000,106553.0,234.42,165000.0
DW-000625,Kia,Carnival,2024,5800000.0,Automatic,24960.0,Diesel,New Delhi,3,8320.0,232.37,125.2,https://www.cardekho.com/used-car-details/used-Kia-carnival-limousine-plus-cars-New-Delhi_954f8baf-57eb-4f42-9dc8-4dd929d24867.htm?adId=34535&adType=41,Excellent,71,3000,4816499.0,10596.3,5800000.0
DW-000795,Nissan,Magnite,2021,505000.0,Manual,60915.0,Petrol,Ghaziabad,6,10152.0,8.29,-8.2,https://www.cardekho.com/used-car-details/used-Nissan-magnite-turbo-xv-premium-cars-Ghaziabad_3837bef2-f0fd-414c-af3f-95f15c972fbb.htm,Good,28,9000,395938.0,871.06,505000.0
DW-000569,Mahindra,XUV700,2022,1675000.0,Automatic,74000.0,Petrol,Noida,5,14800.0,22.64,-4.3,https://www.cardekho.com/used-car-details/used-Mahindra-xuv700-ax7-at-bsvi-cars-Noida_3881b34f-09ea-4e89-b741-db78bdd3ea0c.htm?adId=33406&adType=41,Good,42,9000,1186215.0,2609.67,1675000.0
DW-000731,BMW,5 Series,2015,795000.0,Automatic,75000.0,Diesel,New Delhi,12,6250.0,10.6,-68.5,https://www.cardekho.com/used-car-details/used-Bmw-5-series-520d-prestige-plus-cars-New-Delhi_a3227af8-b555-43ac-bfae-100fd95badd3.htm,Fair,18,22000,605129.0,1331.28,795000.0
DW-009890,Honda,Civic,2011,295000.0,Automatic,42000.0,Petrol,New Delhi,16,2625.0,7.02,-64.3,https://www.cardekho.com/used-car-details/used-Honda-civic-18-v-at-cars-New-Delhi_928b467d-bacb-45c6-acf9-3f10eafff0dc.htm,Fair,7,22000,194312.0,427.49,295000.0
DW-008145,Hyundai,i20,2017,417000.0,Manual,71710.0,Petrol,Ghaziabad,10,7171.0,5.82,-10.5,https://www.cardekho.com/used-car-details/used-Hyundai-i20-12-asta-option-cars-Ghaziabad_eba4675a-d1f4-4f97-8392-f3bf7505fb6a.htm,Fair,47,22000,315813.0,694.79,417000.0
DW-002993,Kia,Sonet,2021,875000.0,Manual,74000.0,Diesel,Ahmedabad,6,12333.0,11.82,0.3,https://www.cardekho.com/used-car-details/used-Kia-sonet-15-htx-plus-diesel-dt-cars-Ahmedabad_339e53d6-dfc7-4b62-ab80-e9343a83e3d7.htm,Good,44,9000,712102.0,1566.62,875000.0
DW-007786,MG,Hector,2022,790000.0,Manual,70000.0,Petrol,Gurgaon,5,14000.0,11.29,-30.8,https://www.cardekho.com/used-car-details/used-Mg-hector-shine-mt-cars-Gurgaon_ed56b179-d50c-4118-aa7d-27944e809214.htm?adId=34741&adType=41,Good,21,9000,614325.0,1351.52,790000.0
DW-008649,Kia,Seltos,2024,2100000.0,Automatic,15000.0,Petrol,Surathkal,3,5000.0,140.0,90.9,https://www.cardekho.com/used-car-details/used-Kia-seltos-gtx-plus-s-turbo-dct-cars-Surathkal_84c84808-1fdb-4905-b6a9-0c0753c36efa.htm,Excellent,68,3000,1653279.0,3637.21,2100000.0
DW-002886,Maruti Suzuki,Swift Dzire,2011,150000.0,Manual,50000.0,Petrol,Ahmedabad,16,3125.0,3.0,-61.8,https://www.cardekho.com/used-car-details/used-Maruti-swift-dzire-12-vxi-bsiv-cars-Ahmedabad_9f83376e-5f05-4c4e-8ca0-79a1ffa0dff1.htm?adId=34076&adType=41,Fair,11,22000,90618.0,199.36,150000.0
DW-005303,Volkswagen,Polo,2017,430000.0,Manual,110000.0,Diesel,Nagpur,10,11000.0,3.91,8.9,https://www.cardekho.com/used-car-details/used-Volkswagen-polo-15-tdi-highline-cars-Nagpur_c0b6ddc2-4607-455c-865e-1f155f8b9ea9.htm,Fair,66,22000,307783.0,677.12,430000.0
DW-000361,Maruti Suzuki,Suzuki Swift Dzire,2009,120000.0,Manual,160000.0,Petrol,Surat,18,8889.0,0.75,-62.5,https://www.cardekho.com/used-cars+in+surat?pageNo=1,Fair,58,22000,77554.0,170.62,120000.0
DW-004722,Toyota,Innova Crysta,2025,2100000.0,Manual,10000.0,Diesel,Indore,2,5000.0,210.0,19.0,https://www.cardekho.com/used-car-details/used-Toyota-innova-crysta-24-gx-8str-cars-Indore_979e6d7e-85c0-429c-9dd4-1e75c609f29b.htm?adId=32105&adType=41,Excellent,41,3000,1694846.0,3728.66,2100000.0
DW-006033,Honda,WR-V,2018,520000.0,Manual,100000.0,Diesel,Ludhiana,9,11111.0,5.2,-8.2,https://www.cardekho.com/used-car-details/used-Honda-wr-v-i-dtec-vx-cars-Ludhiana_aad1e93b-3551-4198-b86b-605350c2bb01.htm,Fair,58,22000,382541.0,841.59,520000.0
DW-000292,Maruti Suzuki,Suzuki Baleno,2019,433000.0,Manual,92738.0,Diesel,Chandigarh,8,11592.0,4.67,-15.4,https://www.cardekho.com/used-cars+in+chandigarh?pageNo=1,Good,42,9000,318017.0,699.64,433000.0
DW-008093,Nissan,Magnite,2016,652812.0,Automatic,97198.0,Petrol,Noida,11,8836.0,6.72,18.7,https://www.cardekho.com/used-car-details/used-Nissan-magnite-xl-amt-cars-Noida_4adf2744-8b5b-4f89-b115-aaaa1d1514e6.htm,Fair,72,22000,439902.0,967.78,652812.0
DW-003007,Volkswagen,Vento,2015,375000.0,Automatic,141000.0,Diesel,Ahmedabad,12,11750.0,2.66,-9.6,https://www.cardekho.com/used-car-details/used-Volkswagen-vento-15-tdi-comfortline-at-cars-Ahmedabad_86690bdd-5587-4983-8a56-0c0b9a5666eb.htm,Fair,57,22000,248544.0,546.8,375000.0
DW-000102,Kia,Sonet,2022,795000.0,Manual,21411.0,Petrol,Hyderabad,5,4282.0,37.13,-8.9,https://www.cardekho.com/used-cars+in+hyderabad?pageNo=1,Good,16,9000,570518.0,1255.14,795000.0
DW-009176,Tata,Punch,2024,601675.0,Manual,26373.0,Petrol,Jodhpur,3,8791.0,22.81,-1.4,https://www.cardekho.com/used-car-details/used-Tata-punch-adventure-bsvi-cars-Jodhpur_752e78a0-3acd-4652-8d12-3fc5364636f5.htm,Excellent,30,3000,451871.0,994.12,601675.0
DW-001531,Volvo,XC40,2020,2523340.0,Automatic,28140.0,Petrol,Bangalore,7,4020.0,89.67,0.5,https://www.cardekho.com/used-car-details/used-Volvo-xc40-t4-r-design-cars-Bangalore_667c2931-fe74-4385-a7b4-b3b06add6cd4.htm,Good,32,9000,2114697.0,4652.33,2523340.0
DW-000705,Ford,Ecosport,2021,650000.0,Manual,65000.0,Diesel,New Delhi,6,10833.0,10.0,40.1,https://www.cardekho.com/used-car-details/used-Ford-ecosport-15-diesel-titanium-cars-New-Delhi_7ac57323-2a6a-4656-8f4b-4fc07d2cfc1a.htm,Good,74,9000,495252.0,1089.55,650000.0
DW-007449,Toyota,Innova Hycross,2023,2375000.0,Automatic,100800.0,Petrol,New Delhi,4,25200.0,23.56,-24.5,https://www.cardekho.com/used-car-details/used-Toyota-innova-hycross-vx-7str-hybrid-cars-New-Delhi_b975f9d4-0894-4922-9b7c-66860113164b.htm,Poor,41,45000,1701162.0,3742.56,2375000.0
DW-005332,Renault,KWID,2021,350000.0,Manual,25000.0,Petrol,Nagpur,6,4167.0,14.0,34.6,https://www.cardekho.com/used-car-details/used-Renault-kwid-rxt-cars-Nagpur_3fa1cbb4-bcc9-4e29-ba51-52722dcc0389.htm,Good,56,9000,241552.0,531.41,350000.0
DW-004642,Skoda,Kushaq,2022,774840.0,Manual,72258.0,Petrol,Indore,5,14452.0,10.72,-24.3,https://www.cardekho.com/used-car-details/used-Skoda-kushaq-10-tsi-style-bsvi-cars-Indore_5fcef144-c41e-46bd-bee7-a30312855e79.htm,Good,32,9000,572708.0,1259.96,774840.0
DW-005690,Renault,KWID,2023,373320.0,Manual,40731.0,Petrol,Bhopal,4,10183.0,9.17,43.6,https://www.cardekho.com/used-car-details/used-Renault-kwid-10-rxl-cars-Bhopal_617cec8a-3fd0-4b89-9d98-8a07faeed6b6.htm,Good,68,9000,298003.0,655.61,373320.0
DW-007183,Tata,Tiago,2017,375000.0,Manual,150000.0,Diesel,Aurangabad,10,15000.0,2.5,-5.1,https://www.cardekho.com/used-car-details/used-Tata-tiago-105-revotorq-xz-plus-cars-Aurangabad_396ea851-db33-4241-a062-1f9ea2d25b82.htm,Fair,69,22000,262063.0,576.54,375000.0
DW-010396,Hyundai,Venue,2019,675000.0,Automatic,48880.0,Petrol,Mumbai,8,6110.0,13.81,-5.1,https://www.cardekho.com/used-car-details/used-Hyundai-venue-sx-plus-turbo-dct-bsiv-cars-Mumbai_0c2f5280-05ec-4a32-8054-de7c5901470e.htm,Good,32,9000,541716.0,1191.78,675000.0
DW-009623,Hyundai,Creta,2024,1595000.0,Automatic,23000.0,Petrol,New Delhi,3,7667.0,69.35,87.6,https://www.cardekho.com/used-car-details/used-Hyundai-creta-sx-o-ivt-dt-cars-New-Delhi_4b8e7edf-7ac0-45d1-afcd-ba329fe52564.htm,Excellent,55,3000,1305547.0,2872.2,1595000.0
DW-000857,Honda,City,2016,460000.0,Manual,55000.0,Petrol,Thane,11,5000.0,8.36,-22.0,https://www.cardekho.com/used-car-details/used-Honda-city-i-vtec-v-cars-Thane_7bb7b55c-daa1-4e47-86d2-d34eaf518482.htm,Fair,22,22000,307647.0,676.82,460000.0
DW-004124,Jeep,Compass,2018,650000.0,Manual,69000.0,Diesel,Jalandhar,9,7667.0,9.42,-33.3,https://www.cardekho.com/used-car-details/used-Jeep-compass-20-limited-cars-Jalandhar_9623601c-79d3-4978-8067-22c498b9f626.htm,Fair,3,22000,492344.0,1083.16,650000.0
DW-004314,Renault,KWID,2016,190140.0,Automatic,102147.0,Petrol,Kochi,11,9286.0,1.86,-26.9,https://www.cardekho.com/used-car-details/used-Renault-kwid-10-amt-rxt-cars-Kochi_a8a2145a-befa-46cb-9210-f39dea0473bb.htm,Fair,24,22000,138452.0,304.59,190140.0
DW-001351,Volkswagen,Taigun,2022,1345000.0,Manual,18000.0,Petrol,Bangalore,5,3600.0,74.72,22.3,https://www.cardekho.com/used-car-details/used-Volkswagen-taigun-10-tsi-highline-bsvi-cars-Bangalore_f10abf66-5e30-454f-a2e2-52072f86bc5f.htm,Good,43,9000,1013631.0,2229.99,1345000.0
DW-009321,MG,Hector,2020,1000000.0,Manual,30000.0,Petrol,Nagaur,7,4286.0,33.33,-12.4,https://www.cardekho.com/used-car-details/used-Mg-hector-hybrid-sharp-mt-cars-Nagaur_9e9a848d-5ee0-4ac9-be70-827fa3cea091.htm,Good,20,9000,698642.0,1537.01,1000000.0
DW-004504,Tata,Altroz,2022,748000.0,Manual,65641.0,Diesel,Coimbatore,5,13128.0,11.4,30.1,https://www.cardekho.com/used-car-details/used-Tata-altroz-xz-diesel-cars-Coimbatore_44ad650c-eee1-42e1-8fe1-27167fe903a0.htm,Good,58,9000,618195.0,1360.03,748000.0
DW-003376,Renault,Triber,2024,500000.0,Manual,68000.0,Petrol,Jaipur,3,22667.0,7.35,10.5,https://www.cardekho.com/used-car-details/used-Renault-triber-rxl-cars-Jaipur_63e2ed8c-c931-4fd9-b496-e55599733008.htm,Poor,46,45000,371275.0,816.8,500000.0
DW-004813,Ford,Ecosport,2020,765000.0,Manual,80000.0,Diesel,Indore,7,11429.0,9.56,64.9,https://www.cardekho.com/used-car-details/used-Ford-ecosport-15-diesel-titanium-bsiv-cars-Indore_abd8f0a0-231f-4f09-9785-979193f2d8e9.htm?adId=34322&adType=41,Good,103,9000,586416.0,1290.12,765000.0
DW-006718,Renault,KWID,2016,161974.0,Manual,46054.0,Petrol,Rajkot,11,4187.0,3.52,-37.7,https://www.cardekho.com/used-car-details/used-Renault-kwid-rxt-cars-Rajkot_1bb85595-7ffa-41f1-bac3-66a844e2a11e.htm,Fair,7,22000,104799.0,230.56,161974.0
DW-005023,Volkswagen,Vento,2019,413800.0,Automatic,98151.0,Petrol,Surat,8,12269.0,4.22,-0.3,https://www.cardekho.com/buy-used-car-details/used-Volkswagen-vento-12-tsi-highline-plus-at-cars-Surat_ee36c6ca-70ba-4331-a550-f56fb46cf2bd.htm,Good,67,9000,293803.0,646.37,413800.0
DW-007857,Maruti Suzuki,Vitara Brezza,2021,663579.0,Manual,58916.0,Petrol,Noida,6,9819.0,11.26,1.0,https://www.cardekho.com/used-car-details/used-Maruti-vitara-brezza-zxi-plus-cars-Noida_035108be-612f-41a4-b518-946d991a5d15.htm,Good,39,9000,537071.0,1181.56,663579.0
DW-006947,Hyundai,Aura,2020,470000.0,Manual,72532.0,Diesel,Varanasi,7,10362.0,6.48,-18.8,https://www.cardekho.com/used-car-details/used-Hyundai-aura-s-diesel-cars-Varanasi_c673c797-65e6-4ca0-a02b-0306eb2ef1dc.htm,Good,31,9000,355151.0,781.33,470000.0
DW-001471,MG,Gloster,2021,2890000.0,Automatic,55000.0,Diesel,Bangalore,6,9167.0,52.55,7.0,https://www.cardekho.com/used-car-details/used-Mg-gloster-savvy-6-str-cars-Bangalore_be808ad7-43b9-487d-9e84-d63fd0279513.htm?adId=34127&adType=41,Good,52,9000,2028686.0,4463.11,2890000.0
DW-009682,Hyundai,Grand i10,2017,260000.0,Manual,79000.0,Petrol,Greater Noida,10,7900.0,3.29,-28.4,https://www.cardekho.com/used-car-details/used-Hyundai-grand-i10-asta-option-cars-Greater-Noida_012ecaee-941f-4c90-bfab-3fd74a7f6f49.htm?adId=33834&adType=41,Fair,25,22000,186638.0,410.6,260000.0
DW-006712,Jeep,Compass,2019,940000.0,Automatic,50125.0,Petrol,Mumbai,8,6266.0,18.75,-3.6,https://www.cardekho.com/used-car-details/used-Jeep-compass-14-limited-opt-dct-bsvi-cars-Mumbai_aa9bd012-5b52-4a1b-a5cb-8e482af7417d.htm,Good,26,9000,783020.0,1722.64,940000.0
DW-000851,Hyundai,i20,2016,384000.0,Manual,48503.0,Petrol,Thane,11,4409.0,7.92,-17.6,https://www.cardekho.com/used-car-details/used-Hyundai-i20-sportz-12-cars-Thane_d05f3c11-6570-437f-8baa-f199e790ccbd.htm,Fair,20,22000,294559.0,648.03,384000.0
DW-007586,Tata,Sierra,2026,1550000.0,Manual,10000.0,Petrol,Gurgaon,1,10000.0,155.0,-20.5,https://www.cardekho.com/used-car-details/used-Tata-sierra-adventure-cars-Gurgaon_bea8f07d-96d5-4ab5-9051-77c7726ccc0a.htm?adId=32429&adType=41,Good,3,9000,1140449.0,2508.99,1550000.0
DW-004681,Tata,Nexon,2023,1100000.0,Automatic,22500.0,Petrol,Indore,4,5625.0,48.89,55.7,https://www.cardekho.com/used-car-details/used-Tata-nexon-xza-plus-luxs-dark-edition-amt-bsvi-cars-Indore_3dfae93b-af5f-4e36-9ae3-94acae1426bb.htm?adId=34321&adType=41,Excellent,60,3000,775799.0,1706.76,1100000.0
DW-008367,Hyundai,i10,2011,125000.0,Manual,136000.0,Petrol,Dehradun,16,8500.0,0.92,-44.4,https://www.cardekho.com/used-car-details/used-Hyundai-i10-sportz-option-cars-Dehradun_675cc722-64c4-48b9-b224-6e31b3165b79.htm?adId=33603&adType=41,Fair,44,22000,83132.0,182.89,125000.0
DW-000564,Mahindra,XUV700,2021,1645000.0,Automatic,53881.0,Petrol,New Delhi,6,8980.0,30.53,-6.0,https://www.cardekho.com/used-car-details/used-Mahindra-xuv700-ax7-at-bsvi-cars-New-Delhi_9516fd1b-8aff-4683-abe9-538987b136da.htm,Good,27,9000,1373720.0,3022.18,1645000.0
DW-004576,Renault,Triber,2024,780000.0,Automatic,4276.0,Petrol,Coimbatore,3,1425.0,182.41,72.3,https://www.cardekho.com/used-car-details/used-Renault-triber-rxt-easy-r-amt-cars-Coimbatore_787515d5-20e5-4c5a-aa6d-0384bea175b8.htm,Excellent,70,3000,605293.0,1331.64,780000.0
DW-001489,Nissan,Terrano,2013,308140.0,Manual,137777.0,Diesel,Bangalore,14,9841.0,2.24,-16.2,https://www.cardekho.com/used-car-details/used-Nissan-terrano-xl-plus-85-ps-cars-Bangalore_182c7529-78b6-4e6b-bdb1-cd18a1d16989.htm,Fair,57,22000,223387.0,491.45,308140.0
DW-003932,Honda,City,2013,320000.0,Automatic,91000.0,Petrol,Chandigarh,14,6500.0,3.52,-45.8,https://www.cardekho.com/used-car-details/used-Honda-city-15-s-at-cars-Chandigarh_ae6a0202-9f09-4e53-8bdb-379b335db776.htm,Fair,26,22000,224205.0,493.25,320000.0
DW-003674,Renault,KWID,2021,271139.0,Manual,61858.0,Petrol,Lucknow,6,10310.0,4.38,4.3,https://www.cardekho.com/used-car-details/used-Renault-kwid-10-rxt-opt-cars-Lucknow_ca0d96cf-cc0d-4df6-b738-54190d71e237.htm,Good,43,9000,197870.0,435.31,271139.0
DW-007291,Skoda,Rapid,2014,330000.0,Automatic,96068.0,Petrol,Pune,13,7390.0,3.44,-32.7,https://www.cardekho.com/used-car-details/used-Skoda-rapid-16-mpi-at-ambition-plus-cars-Pune_cf718451-82c4-4acf-90c3-d4804334b0d9.htm,Fair,31,22000,214913.0,472.81,330000.0
DW-003678,Renault,KWID,2023,375140.0,Manual,17474.0,Petrol,Lucknow,4,4368.0,21.47,44.3,https://www.cardekho.com/used-car-details/used-Renault-kwid-10-rxt-cars-Lucknow_1de5ee0e-ef70-40e1-a607-1fa670c2e392.htm,Excellent,61,3000,265042.0,583.09,375140.0
DW-004618,Mercedes-Benz,C-Class,2020,2975000.0,Automatic,65000.0,Diesel,Coimbatore,7,9286.0,45.77,42.3,https://www.cardekho.com/used-car-details/used-Mercedes-benz-c-class-amg-line-c-300d-cars-Coimbatore_f7e5df6d-9f23-4aab-b488-da8947a28e4f.htm,Good,69,9000,2177357.0,4790.19,2975000.0
DW-009451,Renault,Pulse,2014,375000.0,Manual,80660.0,Petrol,Bangalore,13,6205.0,4.65,78.6,https://www.cardekho.com/used-car-details/used-Renault-pulse-petrol-rxz-cars-Bangalore_dde30bbc-7b21-4779-88ac-9a74ed337e0e.htm,Fair,89,22000,287561.0,632.63,375000.0
DW-006860,Kia,Syros,2025,1100000.0,Manual,14000.0,Diesel,Botad,2,7000.0,78.57,2.3,https://www.cardekho.com/used-car-details/used-Kia-syros-htk-opt-diesel-cars-Botad_505a1a37-6de4-406e-b3d1-e8f920b0a81b.htm,Excellent,29,3000,791062.0,1740.34,1100000.0
DW-001692,Volkswagen,Taigun,2021,1125000.0,Automatic,40000.0,Petrol,Hyderabad,6,6667.0,28.12,2.3,https://www.cardekho.com/used-car-details/used-Volkswagen-taigun-10-tsi-highline-at-bsvi-cars-Hyderabad_a7e3e11e-d7c6-4d57-9b1c-aeed893fbcac.htm,Good,30,9000,816755.0,1796.86,1125000.0
DW-000064,Maruti Suzuki,Suzuki Baleno,2017,399000.0,Manual,57000.0,Petrol,Mumbai,10,5700.0,7.0,-22.1,https://www.cardekho.com/used-cars+in+mumbai?pageNo=35,Fair,12,22000,290135.0,638.3,399000.0
DW-007343,MG,Astor,2022,850000.0,Manual,56000.0,Petrol,Aurangabad,5,11200.0,15.18,-4.9,https://www.cardekho.com/used-car-details/used-Mg-astor-sharp-ex-bsvi-cars-Aurangabad_47a9a8d4-1e79-4d2d-a1fa-a4c2f73046ea.htm,Good,36,9000,613429.0,1349.54,850000.0
DW-008856,Maruti Suzuki,Zen Estilo,2013,210000.0,Manual,54000.0,Petrol,Guwahati,14,3857.0,3.89,55.6,https://www.cardekho.com/used-car-details/used-Maruti-zen-estilo-lxi-cars-Guwahati_51ec8629-4cb4-4e18-a645-a3ba3f9f4742.htm,Fair,84,22000,130141.0,286.31,210000.0
DW-007310,Ford,Ecosport,2017,600000.0,Manual,132000.0,Diesel,Sinnar,10,13200.0,4.55,29.3,https://www.cardekho.com/used-car-details/used-Ford-ecosport-15-diesel-titanium-bsiv-cars-Sinnar_94637770-a6f5-4a0c-8a97-4a0991b98f78.htm?adId=33147&adType=41,Fair,82,22000,448698.0,987.14,600000.0
DW-005182,Hyundai,i10,2013,290000.0,Manual,55000.0,Petrol,Nagpur,14,3929.0,5.27,28.9,https://www.cardekho.com/used-car-details/used-Hyundai-i10-asta-cars-Nagpur_f538cbf7-5885-432f-90a9-f191b14e0d0a.htm,Fair,61,22000,197012.0,433.43,290000.0
DW-007355,Kia,Seltos,2022,940000.0,Manual,29000.0,Petrol,Amritsar,5,5800.0,32.41,-14.5,https://www.cardekho.com/used-car-details/used-Kia-seltos-hte-g-cars-Amritsar_ee578ccb-2141-48ac-9f2b-b97e97e7f97e.htm,Good,19,9000,737288.0,1622.03,940000.0
DW-005013,Volkswagen,Vento,2017,691000.0,Automatic,65000.0,Petrol,Surat,10,6500.0,10.63,66.5,https://www.cardekho.com/used-car-details/used-Volkswagen-vento-12-tsi-highline-at-cars-Surat_66118bbd-f054-460b-9fa6-388144b42eb2.htm,Fair,91,22000,556250.0,1223.75,691000.0
DW-002587,Tata,Curvv,2024,1375000.0,Manual,5600.0,Petrol,Kolkata,3,1867.0,245.54,12.9,https://www.cardekho.com/used-car-details/used-Tata-curvv-accomplished-plus-a-hyperion-cars-Kolkata_c1113c36-a11c-4c87-9730-381c5db0b7a4.htm,Excellent,31,3000,990642.0,2179.41,1375000.0
DW-000737,Mercedes-Benz,GLS,2022,7890000.0,Automatic,46800.0,Diesel,New Delhi,5,9360.0,168.59,3.8,https://www.cardekho.com/used-car-details/used-Mercedes-benz-gls-400d-4matic-bsvi-cars-New-Delhi_6ae940db-9d26-436e-8c79-c902051d839a.htm,Good,28,9000,6595049.0,14509.11,7890000.0
DW-004177,Hyundai,Grand i10,2014,294579.0,Manual,89698.0,Petrol,Kochi,13,6900.0,3.28,-18.8,https://www.cardekho.com/used-car-details/used-Hyundai-grand-i10-12-kappa-sportz-bsiv-cars-Kochi_57d68b66-cee0-43f9-b29a-66ca8577e44c.htm,Fair,38,22000,224083.0,492.98,294579.0
DW-008116,Maruti Suzuki,Baleno,2016,343000.0,Manual,90461.0,Diesel,Ghaziabad,11,8224.0,3.79,-30.9,https://www.cardekho.com/used-car-details/used-Maruti-baleno-delta-diesel-cars-Ghaziabad_6625dec9-4241-4a73-b26e-3039e9144d64.htm,Fair,25,22000,260757.0,573.67,343000.0
DW-001672,Kia,Seltos,2023,1423580.0,Automatic,40512.0,Diesel,Hyderabad,4,10128.0,35.14,29.4,https://www.cardekho.com/used-car-details/used-Kia-seltos-htx-diesel-at-cars-Hyderabad_fa45e43b-c5c9-490b-8d18-b42766dfbea6.htm,Good,52,9000,1122309.0,2469.08,1423580.0
DW-007324,Mercedes-Benz,CLA,2019,2090000.0,Automatic,48400.0,Diesel,Mumbai,8,6050.0,43.18,39.3,https://www.cardekho.com/used-car-details/used-Mercedes-benz-cla-200-cdi-sport-cars-Mumbai_1f29058b-5845-4f09-a797-6711075f4c81.htm,Good,71,9000,1648416.0,3626.52,2090000.0
DW-009319,MG,Hector Plus,2020,1500000.0,Automatic,40000.0,Petrol,Pali,7,5714.0,37.5,15.3,https://www.cardekho.com/used-car-details/used-Mg-hector-plus-sharp-dct-cars-Pali_32e4b3ab-3a6a-4b56-9216-63087650c4b7.htm,Good,52,9000,1184823.0,2606.61,1500000.0
DW-004422,Nissan,Micra Active,2013,189579.0,Manual,77407.0,Petrol,Kochi,14,5529.0,2.45,-19.9,https://www.cardekho.com/buy-used-car-details/used-Nissan-micra-active-xl-petrol-cars-Kochi_2679dd92-f7ca-4d83-a8f8-8e6b5d7ecdc4.htm,Fair,41,22000,130341.0,286.75,189579.0
DW-003119,Mercedes-Benz,GLS,2019,4790000.0,Automatic,47000.0,Diesel,Ahmedabad,8,5875.0,101.91,-37.0,https://www.cardekho.com/used-car-details/used-Mercedes-benz-gls-350d-4matic-cars-Ahmedabad_a166933c-9d81-4ef8-abf5-efba7e451886.htm,Good,18,9000,3355842.0,7382.85,4790000.0
DW-009455,Renault,Triber,2022,620139.0,Automatic,52364.0,Petrol,Bangalore,5,10473.0,11.84,37.0,https://www.cardekho.com/used-car-details/used-Renault-triber-rxz-easy-r-amt-cars-Bangalore_23ac01b8-0c39-4d3b-8da4-2218aa8a0c91.htm,Good,65,9000,514220.0,1131.28,620139.0
DW-003245,Maruti Suzuki,Ciaz,2016,400000.0,Manual,74000.0,Petrol,Jaipur,11,6727.0,5.41,-25.0,https://www.cardekho.com/used-car-details/used-Maruti-ciaz-vxi-cars-Jaipur_5d7b322e-1f57-4d19-9038-a8a26238b337.htm,Fair,27,22000,293136.0,644.9,400000.0
DW-008014,Skoda,Fabia,2011,300000.0,Manual,30000.0,Petrol,Noida,16,1875.0,10.0,62.2,https://www.cardekho.com/used-car-details/used-Skoda-fabia-16-mpi-elegance-cars-Noida_68cc0552-d9b7-4c68-bb9f-c5c0e74e4518.htm,Fair,80,22000,223166.0,490.97,300000.0
DW-007181,Tata,Hexa,2017,700000.0,Manual,189000.0,Diesel,Aurangabad,10,18900.0,3.7,0.0,https://www.cardekho.com/used-car-details/used-Tata-hexa-xt-cars-Aurangabad_f1504bac-72b5-4611-860d-3172680dcd2f.htm,Fair,91,22000,507615.0,1116.75,700000.0
DW-007646,Honda,City,2016,350000.0,Manual,40000.0,Petrol,Gurgaon,11,3636.0,8.75,-40.7,https://www.cardekho.com/used-car-details/used-Honda-city-i-vtec-v-cars-Gurgaon_86dad9a1-a982-43db-af8f-0d85b5afbd70.htm?adId=29104&adType=41,Fair,8,22000,223651.0,492.03,350000.0
DW-000246,Hyundai,Grand i10,2014,250000.0,Manual,119200.0,Petrol,Jaipur,13,9169.0,2.1,-31.1,https://www.cardekho.com/used-cars+in+jaipur?pageNo=1,Fair,44,22000,172115.0,378.65,250000.0
DW-004666,Hyundai,Creta,2016,554640.0,Manual,89794.0,Petrol,Indore,11,8163.0,6.18,-34.7,https://www.cardekho.com/used-car-details/used-Hyundai-creta-16-vtvt-sx-plus-cars-Indore_b6ab1d92-7164-487e-9772-d8f801fec873.htm,Fair,27,22000,408444.0,898.58,554640.0
DW-008958,Volkswagen,Taigun,2024,900000.0,Manual,50000.0,Petrol,Kamrup,3,16667.0,18.0,-18.2,https://www.cardekho.com/used-car-details/used-Volkswagen-taigun-10-comfortline-cars-Kamrup_f5ee853e-c55c-4ade-a8d5-f5a23ebc795f.htm,Fair,16,22000,666994.0,1467.39,900000.0
DW-001003,Renault,Duster,2018,445000.0,Automatic,100000.0,Petrol,Vasai,9,11111.0,4.45,14.1,https://www.cardekho.com/used-car-details/used-Renault-duster-petrol-rxs-cvt-cars-Vasai_8569879f-68eb-4bd9-8929-4c536e567eb5.htm?adId=34463&adType=41,Fair,64,22000,312176.0,686.79,445000.0
DW-007620,Toyota,Innova Crysta,2020,1395000.0,Manual,136274.0,Diesel,Gurgaon,7,19468.0,10.24,-21.0,https://www.cardekho.com/used-car-details/used-Toyota-innova-crysta-24-g-mt-cars-Gurgaon_31d2bcf5-1f01-4545-9b14-9bc3509b9d31.htm,Fair,57,22000,1006776.0,2214.91,1395000.0
DW-006196,Hyundai,EON,2015,164403.0,Manual,98787.0,Petrol,Agra,12,8232.0,1.66,-21.2,https://www.cardekho.com/used-car-details/used-Hyundai-eon-era-plus-cars-Agra_8f175baf-896c-41ed-a83d-63820ad6841b.htm,Fair,38,22000,106092.0,233.4,164403.0
DW-007204,Mahindra,Bolero Power Plus,2018,700000.0,Manual,80000.0,Diesel,Aurangabad,9,8889.0,8.75,10.7,https://www.cardekho.com/used-car-details/used-Mahindra-bolero-power-plus-sle-cars-Aurangabad_cc412c09-496c-4a76-856c-6a5394aaacd0.htm,Fair,58,22000,507404.0,1116.29,700000.0
DW-008524,MG,Gloster,2020,2090000.0,Automatic,90000.0,Diesel,Mohali,7,12857.0,23.22,-22.6,https://www.cardekho.com/used-car-details/used-Mg-gloster-savvy-6-str-cars-Mohali_e87f8c16-4708-4fd2-801e-6420e6d3137b.htm,Good,37,9000,1758074.0,3867.76,2090000.0
DW-001083,Mercedes-Benz,S-Class,2007,785000.0,Automatic,56000.0,Petrol,Mumbai,20,2800.0,14.02,-78.2,https://www.cardekho.com/used-car-details/used-Mercedes-benz-s-class-s-350-l-cars-Mumbai_292aea9b-0766-4798-92fa-ff9c94c4ebaf.htm?adId=34942&adType=41,Fair,11,22000,547862.0,1205.3,785000.0
DW-000334,Audi,Q3,2018,1950000.0,Automatic,85841.0,Diesel,Coimbatore,9,9538.0,22.72,35.7,https://www.cardekho.com/used-cars+in+coimbatore?pageNo=2,Fair,82,22000,1436502.0,3160.3,1950000.0
DW-002499,Nissan,Micra Active,2014,269326.0,Manual,65991.0,Petrol,Pune,13,5076.0,4.08,13.8,https://www.cardekho.com/used-car-details/used-Nissan-micra-active-xv-cars-Pune_7e592198-a49b-42fd-9537-a0ea598c22d5.htm,Fair,55,22000,178404.0,392.49,269326.0
DW-004318,Renault,KWID,2018,239841.0,Manual,49665.0,Petrol,Kochi,9,5518.0,4.83,-7.8,https://www.cardekho.com/buy-used-car-details/used-Renault-kwid-10-rxt-cars-Kochi_0e6ebc43-82d5-4db5-8815-c1753cce0d4f.htm,Fair,21,22000,165435.0,363.96,239841.0
DW-008894,Tata,Safari,2023,1700000.0,Automatic,54000.0,Diesel,Guwahati,4,13500.0,31.48,13.3,https://www.cardekho.com/used-car-details/used-Tata-safari-accomplished-plus-at-cars-Guwahati_145b3b12-3953-4cdb-855a-0c28d2995744.htm,Good,56,9000,1308316.0,2878.3,1700000.0
DW-003211,Honda,Amaze,2021,625000.0,Manual,50000.0,Petrol,Jaipur,6,8333.0,12.5,38.9,https://www.cardekho.com/used-car-details/used-Honda-amaze-vx-petrol-cars-Jaipur_fded965e-50c5-49b7-b3bb-d3e312c19681.htm,Good,63,9000,488851.0,1075.47,625000.0
DW-003530,Tata,Curvv,2024,1159500.0,Manual,27608.0,Petrol,Lucknow,3,9203.0,42.0,-4.8,https://www.cardekho.com/used-car-details/used-Tata-curvv-accomplished-s-cars-Lucknow_9840a93a-df36-46b3-a942-19899bb9caf9.htm,Good,12,9000,967879.0,2129.33,1159500.0
DW-008985,Ford,Figo,2017,350000.0,Manual,90000.0,Petrol,Nagaon,10,9000.0,3.89,40.0,https://www.cardekho.com/used-car-details/used-Ford-figo-12p-ambiente-mt-cars-Nagaon_5ba648c2-22ad-4e17-b425-b9732cc1214a.htm,Fair,77,22000,237974.0,523.54,350000.0
DW-000264,Honda,Amaze 2nd Gen,2022,550000.0,Manual,50000.0,Petrol,Lucknow,5,10000.0,11.0,-5.8,https://www.cardekho.com/used-cars+in+lucknow?pageNo=1,Good,24,9000,433154.0,952.94,550000.0
DW-001148,Nissan,Magnite,2022,575139.0,Manual,16559.0,Petrol,Mumbai,5,3312.0,34.73,4.6,https://www.cardekho.com/buy-used-car-details/used-Nissan-magnite-xv-premium-cars-Mumbai_b8658d7a-6617-47cd-b6cd-cb5082c71087.htm,Good,26,9000,395758.0,870.67,575139.0
DW-002639,Honda,Brio,2017,265000.0,Manual,47498.0,Petrol,Kolkata,10,4750.0,5.58,-2.2,https://www.cardekho.com/used-car-details/used-Honda-brio-s-mt-cars-Kolkata_596db644-c533-4712-9464-d7ada6da0f25.htm,Fair,31,22000,173930.0,382.65,265000.0
DW-006101,Ford,Endeavour,2020,2590000.0,Automatic,135000.0,Diesel,Zirakpur,7,19286.0,19.19,29.5,https://www.cardekho.com/used-car-details/used-Ford-endeavour-titanium-plus-4x2-cars-Zirakpur_89ba27dc-c74c-4384-b6d7-521113584959.htm,Fair,91,22000,1971155.0,4336.54,2590000.0
DW-004192,Tata,Altroz,2020,530916.0,Manual,45358.0,Diesel,Kochi,7,6480.0,11.71,-7.7,https://www.cardekho.com/used-car-details/used-Tata-altroz-xz-diesel-bsvi-cars-Kochi_01623f25-24ff-48b7-9cbd-9e153984f37f.htm,Good,31,9000,365110.0,803.24,530916.0
DW-000656,Volkswagen,Tiguan,2022,2000000.0,Automatic,46000.0,Petrol,New Delhi,5,9200.0,43.48,0.3,https://www.cardekho.com/used-car-details/used-Volkswagen-tiguan-20-tsi-elegance-bsvi-cars-New-Delhi_87c6c313-d760-46b9-91d0-a7463b6610df.htm,Good,36,9000,1576301.0,3467.86,2000000.0
DW-000624,Kia,Carens Clavis,2024,664421.0,Manual,38447.0,Diesel,Gurgaon,3,12816.0,17.28,-62.4,https://www.cardekho.com/used-car-details/used-Kia-carens-clavis-hte-o-diesel-cars-Gurgaon_486380b4-d73c-44cb-bd0e-885cc710e388.htm,Good,8,9000,523697.0,1152.13,664421.0
DW-001731,Skoda,Slavia,2022,1200000.0,Automatic,23000.0,Petrol,Hyderabad,5,4600.0,52.17,13.6,https://www.cardekho.com/used-car-details/used-Skoda-slavia-10-tsi-style-at-bsvi-cars-Hyderabad_b09c86ee-709c-4487-a353-abcc85fd0d5b.htm,Good,38,9000,965412.0,2123.91,1200000.0
DW-006459,Hyundai,i20,2013,325000.0,Manual,71000.0,Petrol,Nashik,14,5071.0,4.58,-30.3,https://www.cardekho.com/used-car-details/used-Hyundai-i20-magna-cars-Nashik_dcf49dcf-6967-4f95-a42e-dab8b1c93b0a.htm,Fair,23,22000,230683.0,507.5,325000.0
DW-003126,Audi,A4,2019,2251000.0,Automatic,58000.0,Diesel,Ahmedabad,8,7250.0,38.81,34.1,https://www.cardekho.com/used-car-details/used-Audi-a4-35-tdi-premium-plus-cars-Ahmedabad_7a09f892-054b-4c57-9c28-942558e36557.htm,Good,53,9000,1770622.0,3895.37,2251000.0
DW-001559,Maruti Suzuki,Grand Vitara,2023,1200000.0,Automatic,64000.0,Petrol,Hyderabad,4,16000.0,18.75,0.0,https://www.cardekho.com/used-car-details/used-Maruti-grand-vitara-delta-at-cars-Hyderabad_4f3ea5c0-185d-481c-9d22-ec99523bb482.htm?adId=33473&adType=41,Fair,38,22000,889292.0,1956.44,1200000.0
DW-002459,Audi,A6,2012,1100000.0,Automatic,90000.0,Diesel,Pune,15,6000.0,12.22,-30.2,https://www.cardekho.com/used-car-details/used-Audi-a6-30-tdi-quattro-technology-cars-Pune_ec85abe3-fc66-49b5-b199-40c485936060.htm,Fair,14,22000,754807.0,1660.58,1100000.0
DW-001069,BMW,7 Series,2017,3300000.0,Automatic,54000.0,Diesel,Mumbai,10,5400.0,61.11,-22.3,https://www.cardekho.com/used-car-details/used-Bmw-7-series-730ld-m-sport-plus-cars-Mumbai_c8c2b3cd-a581-4a6d-aede-0e9287ed7c6a.htm,Fair,19,22000,2337476.0,5142.45,3300000.0
DW-003618,Toyota,Corolla Altis,2016,550000.0,Manual,100000.0,Petrol,Lucknow,11,9091.0,5.5,-9.8,https://www.cardekho.com/used-car-details/used-Toyota-corolla-altis-18-j-cars-Lucknow_71170bcd-dbb3-47ae-9f89-c45d86dedb7e.htm,Fair,47,22000,417037.0,917.48,550000.0
DW-004257,Honda,Amaze,2014,350000.0,Manual,29265.0,Diesel,Kochi,13,2251.0,11.96,-22.2,https://www.cardekho.com/used-car-details/used-Honda-amaze-e-diesel-cars-Kochi_ecfa0d09-e886-4ac4-b19e-614b533fa127.htm,Fair,15,22000,275267.0,605.59,350000.0
DW-005072,Ford,Ecosport,2017,490000.0,Manual,75000.0,Diesel,Surat,10,7500.0,6.53,5.6,https://www.cardekho.com/used-car-details/used-Ford-ecosport-15-diesel-titanium-bsiv-cars-Surat_d3d56bc6-236a-4bf9-be09-aa4671d20e75.htm,Fair,57,22000,322162.0,708.76,490000.0
DW-007686,Renault,Triber,2020,378139.0,Manual,61355.0,Petrol,Gurgaon,7,8765.0,6.16,-16.4,https://www.cardekho.com/used-car-details/used-Renault-triber-rxz-cars-Gurgaon_01e2a3f9-1120-4c41-8f34-e8c945204b09.htm,Good,28,9000,287324.0,632.11,378139.0
DW-007624,Toyota,Rumion,2023,975000.0,Automatic,18412.0,Petrol,Gurgaon,4,4603.0,52.95,-13.3,https://www.cardekho.com/used-car-details/used-Toyota-rumion-v-at-cars-Gurgaon_91439e31-6d7a-4cc6-bfc2-024e0611a8ec.htm,Excellent,9,3000,789335.0,1736.54,975000.0
DW-001150,Nissan,Magnite,2022,534300.0,Manual,56111.0,Petrol,Mumbai,5,11222.0,9.52,-2.9,https://www.cardekho.com/used-car-details/used-Nissan-magnite-xv-premium-bsvi-cars-Mumbai_1e3067a3-9416-401b-bc93-f2c67685de06.htm,Good,38,9000,431272.0,948.8,534300.0
DW-000578,Mahindra,Thar,2024,1250000.0,Automatic,51000.0,Petrol,New Delhi,3,17000.0,24.51,3.5,https://www.cardekho.com/used-car-details/used-Mahindra-thar-lx-hard-top-at-cars-New-Delhi_a6a755fa-3826-4a90-9c53-062d5224fed9.htm,Fair,35,22000,955226.0,2101.5,1250000.0
DW-009571,Maruti Suzuki,Brezza,2023,850000.0,Manual,51000.0,CNG,New Delhi,4,12750.0,16.67,-5.3,https://www.cardekho.com/used-car-details/used-Maruti-brezza-lxi-cng-cars-New-Delhi_2e6ee57a-128e-4d9c-8303-d10b8d17f831.htm,Good,31,9000,665039.0,1463.09,850000.0
DW-005050,Skoda,Slavia,2023,1600000.0,Automatic,54000.0,Petrol,Surat,4,13500.0,29.63,51.4,https://www.cardekho.com/used-car-details/used-Skoda-slavia-10-tsi-style-at-cars-Surat_b057b534-4019-42aa-83cc-ba5c90269388.htm?adId=34606&adType=41,Good,84,9000,1278214.0,2812.07,1600000.0
DW-001732,Skoda,Slavia,2024,1330000.0,Automatic,20000.0,Petrol,Hyderabad,3,6667.0,66.5,25.9,https://www.cardekho.com/used-car-details/used-Skoda-slavia-10-tsi-style-at-cars-Hyderabad_458ee932-2f60-48ba-aa60-767ca269f1b0.htm,Excellent,40,3000,1099364.0,2418.6,1330000.0
DW-006264,Honda,Amaze,2019,493000.0,Manual,45359.0,Petrol,Agra,8,5670.0,10.87,9.6,https://www.cardekho.com/used-car-details/used-Honda-amaze-v-petrol-bsiv-cars-Agra_b5def984-691a-469b-a910-55ff479908d1.htm,Good,46,9000,345143.0,759.31,493000.0
DW-006607,Skoda,Rapid,2017,485000.0,Manual,72000.0,Petrol,Nashik,10,7200.0,6.74,-1.0,https://www.cardekho.com/used-car-details/used-Skoda-rapid-16-mpi-ambition-bsiv-cars-Nashik_edce53cb-1293-4911-98e3-5ec3d91917ca.htm,Fair,47,22000,384880.0,846.74,485000.0
DW-002733,Ford,Ecosport,2017,389579.0,Automatic,85779.0,Petrol,Kolkata,10,8578.0,4.54,-16.0,https://www.cardekho.com/used-car-details/used-Ford-ecosport-15-ti-vct-at-titanium-cars-Kolkata_13aa3d07-1e88-404f-8d2f-db8950e040c8.htm,Fair,31,22000,252226.0,554.9,389579.0
DW-008653,Volkswagen,Tiguan,2022,2490000.0,Automatic,56000.0,Petrol,Bangalore,5,11200.0,44.46,24.8,https://www.cardekho.com/used-car-details/used-Volkswagen-tiguan-20-tsi-elegance-bsvi-cars-Bangalore_3eddccdc-aa69-4cf1-a657-0b5cda5f50d5.htm?adId=34030&adType=41,Good,63,9000,2046321.0,4501.91,2490000.0
DW-004197,Tata,Nexon,2019,564480.0,Manual,52377.0,Petrol,Kochi,8,6547.0,10.78,-20.1,https://www.cardekho.com/used-car-details/used-Tata-nexon-12-revotron-xz-plus-cars-Kochi_5d14c8eb-095b-4ac9-9f93-b7799f9c26cf.htm,Good,24,9000,392634.0,863.79,564480.0
DW-003838,Maruti Suzuki,Baleno,2020,535000.0,Manual,42000.0,Petrol,Chandigarh,7,6000.0,12.74,7.8,https://www.cardekho.com/used-car-details/used-Maruti-baleno-delta-cars-Chandigarh_15329d47-b2c7-45fc-b7e0-ebcbaef0bfaa.htm,Good,39,9000,381119.0,838.46,535000.0
DW-002021,Volkswagen,Vento,2010,299000.0,Manual,39600.0,Petrol,Chennai,17,2329.0,7.55,-28.0,https://www.cardekho.com/used-car-details/used-Volkswagen-vento-petrol-highline-cars-Chennai_ed4d49c7-fb20-4a73-9496-f32e8ea7af84.htm,Fair,4,22000,187475.0,412.45,299000.0
DW-000077,Volkswagen,Taigun,2022,1139000.0,Manual,37961.0,Petrol,Bangalore,5,7592.0,30.0,3.5,https://www.cardekho.com/used-cars+in+bangalore?pageNo=2,Good,28,9000,864372.0,1901.62,1139000.0
DW-003596,Mahindra,XUV300,2024,700000.0,Manual,110000.0,Diesel,Lucknow,3,36667.0,6.36,-6.7,https://www.cardekho.com/used-car-details/used-Mahindra-xuv300-w8-diesel-cars-Lucknow_9b25b428-6ba8-419a-b8d7-91f6fd63011f.htm,Poor,50,45000,480108.0,1056.24,700000.0
DW-009339,Maruti Suzuki,Dzire,2017,576000.0,Manual,59807.0,Petrol,Mysore,10,5981.0,9.63,-6.1,https://www.cardekho.com/used-car-details/used-Maruti-dzire-vxi-cars-Mysore_a4306d55-14e5-469e-b41d-a0339f53fea5.htm,Fair,37,22000,395542.0,870.19,576000.0
DW-005787,Tata,Nexon,2020,625000.0,Manual,72000.0,Diesel,Vadodara,7,10286.0,8.68,-11.5,https://www.cardekho.com/used-car-details/used-Tata-nexon-15-revotorq-xz-cars-Vadodara_14774aaa-7bf3-466a-8e9d-19c545cac795.htm,Good,29,9000,470790.0,1035.74,625000.0
DW-009004,Hyundai,Xcent,2018,425579.0,Manual,36256.0,Petrol,Ranchi,9,4028.0,11.74,21.6,https://www.cardekho.com/used-car-details/used-Hyundai-xcent-petrol-cars-Ranchi_1b6d27dc-e828-48d4-af63-45c86f15a058.htm,Fair,49,22000,301591.0,663.5,425579.0
DW-007795,MG,Hector,2023,1340854.0,Manual,7049.0,Petrol,Gurgaon,4,1762.0,190.22,17.5,https://www.cardekho.com/used-car-details/used-Mg-hector-15-turbo-sharp-pro-bsvi-cars-Gurgaon_5bf2701e-9ec9-41b3-998e-6705786b31bf.htm,Excellent,24,3000,1089996.0,2397.99,1340854.0
DW-003892,Mahindra,Thar,2023,1150000.0,Manual,40000.0,Petrol,Ambala,4,10000.0,28.75,-4.8,https://www.cardekho.com/used-car-details/used-Mahindra-thar-lx-hard-top-cars-Ambala_a5983c34-8cc1-407e-a278-946ace830ab9.htm?adId=34765&adType=41,Good,26,9000,950065.0,2090.14,1150000.0
DW-003574,Tata,Tiago,2016,250000.0,Manual,82000.0,Diesel,Lucknow,11,7455.0,3.05,-36.7,https://www.cardekho.com/used-car-details/used-Tata-tiago-105-revotorq-xm-cars-Lucknow_339cd560-933d-44ff-b8d3-19d9576bebb0.htm,Fair,24,22000,177471.0,390.44,250000.0
DW-003725,Ford,Ecosport,2019,525579.0,Automatic,60404.0,Petrol,Lucknow,8,7550.0,8.7,13.3,https://www.cardekho.com/used-car-details/used-Ford-ecosport-titanium-plus-at-cars-Lucknow_7556fcc0-5b0b-4759-9c13-83fbc93d5f4d.htm,Good,64,9000,368713.0,811.17,525579.0
DW-006183,Maruti Suzuki,Vitara Brezza,2020,578660.0,Manual,45217.0,Petrol,Agra,7,6460.0,12.8,-11.9,https://www.cardekho.com/used-car-details/used-Maruti-vitara-brezza-vxi-cars-Agra_3327d431-8c77-44cf-b2ed-49917e4ba907.htm,Good,15,9000,421702.0,927.74,578660.0
DW-008288,Ford,Aspire,2019,358579.0,Manual,63486.0,Petrol,Ghaziabad,8,7936.0,5.65,-0.4,https://www.cardekho.com/used-car-details/used-Ford-aspire-12-ti-vct-titanium-cars-Ghaziabad_b8623511-12dd-4403-9f90-4353e4dbf5ef.htm,Good,49,9000,291130.0,640.49,358579.0
DW-006144,MG,Gloster,2021,2299000.0,Automatic,90000.0,Diesel,New Delhi,6,15000.0,25.54,-14.9,https://www.cardekho.com/used-car-details/used-Mg-gloster-savvy-6-str-cars-New-Delhi_64b8d76d-6e51-41d4-bd70-aec3f6b9919f.htm,Fair,40,22000,1617900.0,3559.38,2299000.0
DW-001617,Mahindra,XUV500,2017,890000.0,Automatic,113045.0,Diesel,Hyderabad,10,11304.0,7.87,31.9,https://www.cardekho.com/used-car-details/used-Mahindra-xuv500-at-w10-fwd-cars-Hyderabad_89b23e5e-c9ff-4b13-bce2-f2bb4a73e00a.htm,Fair,88,22000,655315.0,1441.69,890000.0
DW-000684,Skoda,Slavia,2023,1400000.0,Manual,14500.0,Petrol,New Delhi,4,3625.0,96.55,32.5,https://www.cardekho.com/used-car-details/used-Skoda-slavia-10-tsi-style-cars-New-Delhi_3fe9a816-e8c1-4b0f-9854-ad13ed659339.htm?adId=34769&adType=41,Excellent,48,3000,1174926.0,2584.84,1400000.0
DW-005267,Toyota,Glanza,2024,600000.0,Manual,45000.0,Petrol,Seoni,3,15000.0,13.33,-6.2,https://www.cardekho.com/used-car-details/used-Toyota-glanza-e-cars-Seoni_d405267c-6993-43bf-a214-1df9d847fa4f.htm,Fair,31,22000,483560.0,1063.83,600000.0
DW-000648,Volkswagen,Tiguan,2023,2450000.0,Automatic,48000.0,Petrol,New Delhi,4,12000.0,51.04,22.8,https://www.cardekho.com/used-car-details/used-Volkswagen-tiguan-20-tsi-elegance-cars-New-Delhi_e8ee0d55-e66f-47f7-ba4b-305c6012dfd0.htm,Good,52,9000,1857117.0,4085.66,2450000.0
DW-006004,Mahindra,Scorpio,2020,1325000.0,Manual,18500.0,Diesel,Ludhiana,7,2643.0,71.62,36.6,https://www.cardekho.com/used-car-details/used-Mahindra-scorpio-s7-cars-Ludhiana_6456308b-3127-479c-b731-374818c217c2.htm,Good,60,9000,1051145.0,2312.52,1325000.0
DW-010432,Tata,Nexon,2021,700000.0,Automatic,44000.0,Petrol,Mumbai,6,7333.0,15.91,-0.9,https://www.cardekho.com/used-car-details/used-Tata-nexon-xma-amt-s-bsvi-cars-Mumbai_e95171be-ad54-4af8-9b47-3cfce481223f.htm,Good,29,9000,528958.0,1163.71,700000.0
DW-000291,Hyundai,i20,2015,408000.0,Manual,96707.0,Diesel,Chandigarh,12,8059.0,4.22,-12.5,https://www.cardekho.com/used-cars+in+chandigarh?pageNo=1,Fair,50,22000,309712.0,681.37,408000.0
DW-004794,Renault,Triber,2022,400000.0,Automatic,48000.0,Petrol,Indore,5,9600.0,8.33,-11.6,https://www.cardekho.com/used-car-details/used-Renault-triber-limited-edition-at-cars-Indore_416911bf-d490-4f7f-a96e-6adc08efd763.htm,Good,21,9000,272895.0,600.37,400000.0
DW-003370,Renault,KWID,2016,207350.0,Manual,106921.0,Petrol,Jaipur,11,9720.0,1.94,-20.2,https://www.cardekho.com/used-car-details/used-Renault-kwid-rxt-cars-Jaipur_f051e787-5316-4785-af63-7ed1bae478eb.htm,Fair,41,22000,127629.0,280.78,207350.0
DW-002026,Volkswagen,Vento,2011,260000.0,Manual,148040.0,Petrol,Chennai,16,9252.0,1.76,-37.3,https://www.cardekho.com/used-car-details/used-Volkswagen-vento-16-highline-bsiv-cars-Chennai_e50dd7bf-ed21-45f9-8c2b-ae76c6a07b74.htm,Fair,44,22000,183954.0,404.7,260000.0
DW-003777,MG,Hector,2024,1395100.0,Automatic,29042.0,Petrol,Lucknow,3,9681.0,48.04,22.3,https://www.cardekho.com/used-car-details/used-Mg-hector-sharp-pro-cvt-2023-2025-cars-Lucknow_2c220274-6e82-4b96-9067-97b463d08717.htm,Good,47,9000,1016235.0,2235.72,1395100.0
DW-005240,Mahindra,Scorpio,2011,380000.0,Manual,150000.0,Diesel,Nagpur,16,9375.0,2.53,-60.8,https://www.cardekho.com/used-car-details/used-Mahindra-scorpio-ex-cars-Nagpur_a07a2221-8c5b-4dcf-8869-c6d9f862349e.htm,Fair,60,22000,281965.0,620.32,380000.0
DW-007195,Mahindra,XUV500,2016,600000.0,Manual,126000.0,Diesel,Aurangabad,11,11455.0,4.76,-11.1,https://www.cardekho.com/used-car-details/used-Mahindra-xuv500-w8-2wd-cars-Aurangabad_8497f9c8-6a6a-4b96-a388-902506779216.htm,Fair,56,22000,429610.0,945.14,600000.0
DW-006936,Volvo,V40,2015,751000.0,Automatic,80000.0,Diesel,Rajkot,12,6667.0,9.39,-11.6,https://www.cardekho.com/used-car-details/used-Volvo-v40-d3-cars-Rajkot_cacf4356-120c-4d3f-90b7-62af6abc604d.htm,Fair,37,22000,603581.0,1327.88,751000.0
DW-009785,Mahindra,XUV700,2024,1198000.0,Manual,49000.0,Diesel,New Delhi,3,16333.0,24.45,-31.5,https://www.cardekho.com/used-car-details/used-Mahindra-xuv700-mx-5str-diesel-cars-New-Delhi_921fae30-42da-4c07-899a-6ec336d1d932.htm,Fair,4,22000,963821.0,2120.41,1198000.0
DW-008927,Toyota,Innova Crysta,2024,2050000.0,Manual,83000.0,Diesel,Nalbari,3,27667.0,24.7,16.1,https://www.cardekho.com/used-car-details/used-Toyota-innova-crysta-24-gx-8str-cars-Nalbari_22b2824a-b62b-4404-9395-d6ec931dd015.htm,Poor,60,45000,1541548.0,3391.41,2050000.0
DW-001964,Toyota,Vellfire,2020,7000000.0,Automatic,119000.0,Petrol,Chennai,7,17000.0,58.82,-22.2,https://www.cardekho.com/used-car-details/used-Toyota-vellfire-executive-lounge-bsvi-cars-Chennai_ca896955-3255-4f93-9801-789e63132011.htm,Fair,35,22000,5689540.0,12516.99,7000000.0
DW-006051,Kia,Seltos,2021,990000.0,Automatic,70000.0,Diesel,Mohali,6,11667.0,14.14,-10.0,https://www.cardekho.com/used-car-details/used-Kia-seltos-htk-plus-at-d-cars-Mohali_2605f71c-1d53-4b51-8a7b-9790b6e9aded.htm,Good,30,9000,724264.0,1593.38,990000.0
DW-006436,Maruti Suzuki,Celerio,2016,325000.0,Automatic,26000.0,Petrol,Nashik,11,2364.0,12.5,-4.4,https://www.cardekho.com/used-car-details/used-Maruti-celerio-vxi-at-cars-Nashik_b9a7c4e5-4aba-4a97-b084-f342c4c69922.htm?adId=35105&adType=41,Fair,23,22000,229595.0,505.11,325000.0
DW-000186,Honda,Amaze,2019,521000.0,Automatic,51870.0,Petrol,Pune,8,6484.0,10.04,15.8,https://www.cardekho.com/used-cars+in+pune?pageNo=1,Good,56,9000,371133.0,816.49,521000.0
DW-006683,Audi,Q5,2018,2345000.0,Automatic,31000.0,Petrol,Mumbai,9,3444.0,75.65,-21.6,https://www.cardekho.com/used-car-details/used-Audi-q5-technology-20-tfsi-cars-Mumbai_34c15b41-b4cb-4615-9b15-3af683135561.htm,Fair,27,22000,1922317.0,4229.1,2345000.0
DW-008908,Mahindra,Scorpio,2023,1800000.0,Manual,30000.0,Diesel,Guwahati,4,7500.0,60.0,85.6,https://www.cardekho.com/used-car-details/used-Mahindra-scorpio-s-11-7cc-cars-Guwahati_f69f9585-1c18-4166-89d9-faee15111ecc.htm,Excellent,71,3000,1479228.0,3254.3,1800000.0
DW-007033,Toyota,Fortuner,2015,1040000.0,Automatic,208000.0,Diesel,Allahabad,12,17333.0,5.0,-57.6,https://www.cardekho.com/used-car-details/used-Toyota-fortuner-4x4-at-cars-Allahabad_f6dee73e-b8fd-481d-87da-e4e6cb905e48.htm,Fair,83,22000,846735.0,1862.82,1040000.0
DW-007112,Ford,Ecosport,2015,300050.0,Manual,194000.0,Diesel,Jaunpur,12,16167.0,1.55,-35.3,https://www.cardekho.com/used-car-details/used-Ford-ecosport-15-dv5-mt-ambiente-cars-Jaunpur_1fc09d1b-ddd3-45eb-ada4-89e4e3fd7c97.htm,Fair,70,22000,227528.0,500.56,300050.0
DW-003124,Audi,Q3,2018,1691000.0,Automatic,84000.0,Diesel,Ahmedabad,9,9333.0,20.13,17.7,https://www.cardekho.com/used-car-details/used-Audi-q3-35-tdi-quattro-premium-plus-cars-Ahmedabad_ff746e34-b1c9-4955-b2ed-225d248c70b0.htm,Fair,62,22000,1405102.0,3091.22,1691000.0
DW-003026,Renault,KWID,2016,200000.0,Automatic,104000.0,Petrol,Ahmedabad,11,9455.0,1.92,-23.1,https://www.cardekho.com/used-car-details/used-Renault-kwid-10-rxt-optional-at-2016-2019-cars-Ahmedabad_c6361f7b-ed0e-49b2-8fa4-01e51fcf241d.htm?adId=34131&adType=41,Fair,41,22000,124850.0,274.67,200000.0
DW-007069,Kia,Carens,2024,1000000.0,Manual,70000.0,Petrol,Allahabad,3,23333.0,14.29,-12.9,https://www.cardekho.com/used-car-details/used-Kia-carens-premium-cars-Allahabad_c98aa25e-bc16-4b06-bd00-123d57c82d38.htm,Poor,33,45000,794774.0,1748.5,1000000.0
DW-007163,Hyundai,i20,2011,300000.0,Manual,50000.0,Petrol,Aurangabad,16,3125.0,6.0,-35.6,https://www.cardekho.com/used-car-details/used-Hyundai-i20-12-asta-cars-Aurangabad_6ca3de49-846b-453c-a212-4ef3cf22a485.htm,Fair,12,22000,213705.0,470.15,300000.0
DW-008975,Renault,KWID,2022,300000.0,Manual,56000.0,Petrol,Kamrup,5,11200.0,5.36,15.4,https://www.cardekho.com/used-car-details/used-Renault-kwid-10-rxt-opt-cars-Kamrup_2129bf4d-20e8-470a-a9e5-dadba717cf7e.htm,Good,47,9000,220012.0,484.03,300000.0
DW-007631,Toyota,Rumion,2024,1025000.0,Automatic,28798.0,Petrol,Gurgaon,3,9599.0,35.59,-8.9,https://www.cardekho.com/used-car-details/used-Toyota-rumion-v-at-cars-Gurgaon_246c0fe9-a683-4dfc-a661-670d8eeeb0c6.htm,Good,11,9000,794657.0,1748.25,1025000.0
DW-004005,Skoda,Slavia,2022,890000.0,Manual,35000.0,Petrol,Chandigarh,5,7000.0,25.43,-15.8,https://www.cardekho.com/used-car-details/used-Skoda-slavia-10-tsi-ambition-bsvi-cars-Chandigarh_67d7b97c-e338-49f8-bfd6-2c111d960265.htm,Good,7,9000,659737.0,1451.42,890000.0
DW-009727,Tata,Tiago,2022,525000.0,Automatic,4700.0,Petrol,New Delhi,5,940.0,111.7,32.9,https://www.cardekho.com/used-car-details/used-Tata-tiago-xta-amt-bsvi-cars-New-Delhi_7606db0c-c684-438a-a015-09de4d44b1e8.htm?adId=31247&adType=41,Good,47,9000,381224.0,838.69,525000.0
DW-000382,Hyundai,Grand i10,2017,395000.0,Manual,49000.0,Petrol,Nagpur,10,4900.0,8.06,8.8,https://www.cardekho.com/used-cars+in+nagpur?pageNo=1,Fair,40,22000,268798.0,591.36,395000.0
DW-008603,Mahindra,XUV500,2017,810000.0,Manual,58000.0,Diesel,Mangalore,10,5800.0,13.97,20.0,https://www.cardekho.com/used-car-details/used-Mahindra-xuv500-w4-cars-Mangalore_496f7c99-ece3-438e-b219-f9211b80e1d0.htm,Fair,51,22000,555015.0,1221.03,810000.0
DW-006200,Hyundai,Grand i10,2014,266000.0,Manual,38078.0,Petrol,Agra,13,2929.0,6.99,-26.7,https://www.cardekho.com/used-car-details/used-Hyundai-grand-i10-12-kappa-magna-bsiv-cars-Agra_0ca0a7b7-8a9e-4b87-8ed4-2e1242ce2dc1.htm,Fair,9,22000,184013.0,404.83,266000.0
DW-008244,Volkswagen,Polo,2015,335280.0,Manual,54566.0,Petrol,Ghaziabad,12,4547.0,6.14,-15.1,https://www.cardekho.com/buy-used-car-details/used-Volkswagen-polo-12-mpi-highline-cars-Ghaziabad_b98782d9-03b8-41ed-926b-09fb61322f40.htm,Fair,30,22000,257343.0,566.15,335280.0
DW-001906,Maruti Suzuki,Wagon R,2024,600000.0,Automatic,6000.0,Petrol,Chennai,3,2000.0,100.0,70.8,https://www.cardekho.com/used-car-details/used-Maruti-wagon-r-vxi-at-cars-Chennai_a5596f7d-4bb7-413c-896c-4a6d451be5a6.htm?adId=31745&adType=41,Excellent,66,3000,473714.0,1042.17,600000.0
DW-003644,Kia,Sonet,2022,560000.0,Manual,138036.0,Petrol,Lucknow,5,27607.0,4.06,-35.8,https://www.cardekho.com/used-car-details/used-Kia-sonet-htk-plus-bsvi-cars-Lucknow_04751147-6692-4c2b-b793-f0b383e89c8e.htm,Poor,42,45000,390762.0,859.68,560000.0
DW-002329,Kia,Carens,2022,1400000.0,Manual,16000.0,Petrol,Pune,5,3200.0,87.5,21.9,https://www.cardekho.com/used-car-details/used-Kia-carens-luxury-plus-turbo-2022-2023-cars-Pune_2e017ca1-1dba-4a53-b070-765878a74be2.htm?adId=33983&adType=41,Good,46,9000,1061005.0,2334.21,1400000.0
DW-008043,BMW,6 Series,2021,3100000.0,Automatic,82000.0,Petrol,Noida,6,13667.0,37.8,-14.5,https://www.cardekho.com/used-car-details/used-Bmw-6-series-gt-630i-luxury-line-2018-2021-cars-Noida_8e32826a-06a4-44f5-9528-03005ba12ce7.htm?adId=32545&adType=41,Good,46,9000,2376947.0,5229.28,3100000.0
DW-006130,Mercedes-Benz,AMG GLE 53,2025,11400000.0,Automatic,26000.0,Petrol,New Delhi,2,13000.0,438.46,20.0,https://www.cardekho.com/used-car-details/used-Mercedes-benz-amg-gle-53-coupe-cars-New-Delhi_d8b35b91-a95a-42a1-b8ac-eb90d9672b18.htm,Good,44,9000,8328864.0,18323.5,11400000.0
DW-004978,Honda,City,2018,689697.0,Automatic,66425.0,Petrol,Surat,9,7381.0,10.38,16.9,https://www.cardekho.com/used-car-details/used-Honda-city-i-vtec-cvt-zx-cars-Surat_9d2d93f3-e39c-4586-aba5-41cba8644801.htm,Fair,61,22000,545924.0,1201.03,689697.0
DW-003687,Renault,Kiger,2022,401000.0,Manual,31140.0,Petrol,Lucknow,5,6228.0,12.88,-24.6,https://www.cardekho.com/buy-used-car-details/used-Renault-kiger-emotion-cars-Lucknow_15a44403-a3d2-4902-a951-4bf532d3f3a3.htm,Good,15,9000,283633.0,623.99,401000.0
DW-009254,Toyota,Innova,2011,490000.0,Manual,160000.0,Diesel,Saran,16,10000.0,3.06,-2.0,https://www.cardekho.com/used-car-details/used-Toyota-innova-25-e-cars-Saran_0229ef5b-355f-4c75-b7ef-9bd66c72918d.htm,Fair,84,22000,373672.0,822.08,490000.0
DW-006365,Mercedes-Benz,C-Class,2021,2900000.0,Automatic,35000.0,Petrol,Gurgaon,6,5833.0,82.86,38.8,https://www.cardekho.com/used-car-details/used-Mercedes-benz-c-class-progressive-c-200-cars-Gurgaon_7704f70d-d984-408b-ac23-6eb0c28f1317.htm?adId=34904&adType=41,Good,64,9000,2351593.0,5173.5,2900000.0
DW-005813,Toyota,Hyryder,2025,890000.0,Manual,41000.0,Petrol,Ahmedabad,2,20500.0,21.71,-39.4,https://www.cardekho.com/used-car-details/used-Toyota-hyryder-e-cars-Ahmedabad_df126d5f-a924-428e-b2c3-6fb3dec81403.htm,Fair,11,22000,677745.0,1491.04,890000.0
DW-007594,Tata,Nexon,2025,980000.0,Manual,43500.0,CNG,Gurgaon,2,21750.0,22.53,38.7,https://www.cardekho.com/used-car-details/used-Tata-nexon-creative-plus-cng-cars-Gurgaon_80f6a51b-2e73-4cb5-ab15-f57749666c3e.htm?adId=30897&adType=41,Fair,66,22000,790850.0,1739.87,980000.0
DW-009888,Honda,Civic,2019,925000.0,Automatic,100000.0,Petrol,New Delhi,8,12500.0,9.25,12.0,https://www.cardekho.com/used-car-details/used-Honda-civic-zx-bsiv-cars-New-Delhi_225461e7-3270-4235-a6d9-4fec4c2dc11f.htm,Good,58,9000,678883.0,1493.54,925000.0
DW-005983,Tata,Hexa,2017,540000.0,Manual,138000.0,Diesel,Ludhiana,10,13800.0,3.91,-22.9,https://www.cardekho.com/used-car-details/used-Tata-hexa-xe-cars-Ludhiana_48e2352d-3078-452a-8078-4a8109116077.htm,Fair,56,22000,427411.0,940.3,540000.0
DW-001114,Audi,Q3,2017,1425000.0,Automatic,87000.0,Diesel,Mumbai,10,8700.0,16.38,-0.8,https://www.cardekho.com/used-car-details/used-Audi-q3-35-tdi-quattro-premium-cars-Mumbai_4498f4e1-3f55-4ae6-86e2-fdf6492f0965.htm,Fair,41,22000,1131411.0,2489.1,1425000.0
DW-003405,Ford,Ecosport,2020,555181.0,Manual,38765.0,Petrol,Jaipur,7,5538.0,14.32,19.7,https://www.cardekho.com/used-car-details/used-Ford-ecosport-titanium-cars-Jaipur_dac9e45f-edac-4145-9b84-d5bd8439d7dc.htm,Good,41,9000,446144.0,981.52,555181.0
DW-009177,Maruti Suzuki,Baleno,2023,551000.0,Manual,70000.0,Petrol,Jodhpur,4,17500.0,7.87,11.0,https://www.cardekho.com/used-car-details/used-Maruti-baleno-alpha-cars-Jodhpur_ac66dcd9-962d-4780-8efb-0cb9ce567865.htm?adId=31984&adType=41,Fair,60,22000,418628.0,920.98,551000.0
DW-003910,Toyota,Fortuner,2014,999999.0,Automatic,159999.0,Diesel,Chandigarh,13,12308.0,6.25,-59.2,https://www.cardekho.com/used-car-details/used-Toyota-fortuner-4x2-at-cars-Chandigarh_071b4c7a-5624-4ad7-82aa-444996df4ab9.htm,Fair,60,22000,804951.0,1770.89,999999.0
DW-007660,Kia,Seltos,2020,817000.0,Manual,76088.0,Petrol,Gurgaon,7,10870.0,10.74,-25.7,https://www.cardekho.com/used-car-details/used-Kia-seltos-gtx-plus-cars-Gurgaon_bb82e76c-cc6c-4b73-867f-c99d9e4ee82d.htm,Good,34,9000,684604.0,1506.13,817000.0
DW-005966,Hyundai,Xcent,2015,220000.0,Manual,150000.0,Diesel,Ludhiana,12,12500.0,1.47,-37.1,https://www.cardekho.com/buy-used-car-details/used-Hyundai-xcent-11-crdi-s-cars-Ludhiana_27b1eaee-ebab-4273-9d72-aaea8833a1f7.htm,Fair,49,22000,145865.0,320.9,220000.0
DW-003024,Volkswagen,Ameo,2017,441000.0,Manual,91000.0,Diesel,Ahmedabad,10,9100.0,4.85,14.0,https://www.cardekho.com/used-car-details/used-Volkswagen-ameo-15-tdi-highline-cars-Ahmedabad_2e104d65-128c-450f-9433-9da143049804.htm,Fair,56,22000,340541.0,749.19,441000.0
DW-004863,Nissan,Sunny,2013,220000.0,Manual,100000.0,Petrol,Indore,14,7143.0,2.2,-20.0,https://www.cardekho.com/used-car-details/used-Nissan-sunny-xv-cars-Indore_c5c8e7e4-c001-4fff-8fc4-258d8388aa57.htm,Fair,38,22000,156571.0,344.46,220000.0
DW-008963,Renault,Triber,2019,430000.0,Manual,20000.0,Petrol,Guwahati,8,2500.0,21.5,-5.0,https://www.cardekho.com/used-car-details/used-Renault-triber-rxz-bsiv-cars-Guwahati_5bd5e5ea-78bd-4af6-9129-2d3a5ac17f62.htm,Good,20,9000,321210.0,706.66,430000.0
DW-009998,Renault,Duster,2017,365000.0,Manual,62000.0,Petrol,Faridabad,10,6200.0,5.89,-6.4,https://www.cardekho.com/used-car-details/used-Renault-duster-petrol-rxe-cars-Faridabad_0f6a4125-d8eb-474a-92c0-67684e5851ef.htm,Fair,35,22000,284250.0,625.35,365000.0
DW-001916,Hyundai,Verna,2012,500000.0,Automatic,160000.0,Diesel,Chennai,15,10667.0,3.12,-24.1,https://www.cardekho.com/used-car-details/used-Hyundai-verna-16-sx-crdi-o-at-cars-Chennai_6ccee6db-090f-4a66-8529-42e3bed2a3ce.htm?adId=29616&adType=41,Fair,67,22000,357582.0,786.68,500000.0
DW-006111,BMW,2 Series Gran Coupe,2024,3500000.0,Automatic,16000.0,Petrol,New Delhi,3,5333.0,218.75,0.0,https://www.cardekho.com/used-car-details/used-Bmw-2-series-gran-coupe-220i-m-sport-pro-cars-New-Delhi_4b9aa1ad-1d29-4f04-bcf7-f8ef2e3d053e.htm,Excellent,19,3000,2743870.0,6036.51,3500000.0
DW-004234,Toyota,Vellfire,2022,9500000.0,Automatic,41000.0,Petrol,Coimbatore,5,8200.0,231.71,5.6,https://www.cardekho.com/used-car-details/used-Toyota-vellfire-executive-lounge-bsvi-cars-Coimbatore_abc826a8-b4cc-441e-988a-685c13360b3d.htm,Good,38,9000,6791968.0,14942.33,9500000.0
DW-004763,Kia,Sonet,2024,1000000.0,Automatic,11000.0,Petrol,Indore,3,3667.0,90.91,14.6,https://www.cardekho.com/used-car-details/used-Kia-sonet-gtx-plus-turbo-dct-cars-Indore_e68e6db6-094c-4451-abee-471777d4d722.htm,Excellent,25,3000,730866.0,1607.91,1000000.0
DW-007802,Nissan,Magnite,2022,473000.0,Manual,63715.0,Petrol,Gurgaon,5,12743.0,7.42,-14.0,https://www.cardekho.com/buy-used-car-details/used-Nissan-magnite-turbo-xv-cars-Gurgaon_16ff944b-e305-46e2-81fc-f7d483591143.htm,Good,32,9000,381747.0,839.84,473000.0
DW-008806,Volkswagen,Tiguan,2024,3000000.0,Automatic,80000.0,Petrol,Vizianagaram,3,26667.0,37.5,50.4,https://www.cardekho.com/used-car-details/used-Volkswagen-tiguan-20-tsi-elegance-cars-Vizianagaram_13006724-00c0-44dc-8f43-fd938b6093d3.htm,Poor,87,45000,2233449.0,4913.59,3000000.0
DW-003334,Kia,Sonet,2020,1050000.0,Automatic,37000.0,Diesel,Jaipur,7,5286.0,28.38,20.3,https://www.cardekho.com/used-car-details/used-Kia-sonet-gtx-plus-diesel-at-bsvi-cars-Jaipur_76863bb4-8678-4d08-a07c-336af26a5949.htm,Good,42,9000,788068.0,1733.75,1050000.0
DW-000145,Kia,Carens Clavis,2025,2195000.0,Automatic,12580.0,Petrol,Mumbai,2,6290.0,174.48,24.2,https://www.cardekho.com/used-cars+in+mumbai?pageNo=1,Excellent,38,3000,1614489.0,3551.88,2195000.0
DW-007682,Renault,Triber,2020,372139.0,Manual,33228.0,Petrol,Gurgaon,7,4747.0,11.2,-17.8,https://www.cardekho.com/used-car-details/used-Renault-triber-rxt-cars-Gurgaon_7d6a6358-bab6-4805-a653-ebb8b973583c.htm,Good,13,9000,278939.0,613.67,372139.0
DW-001834,Nissan,Terrano,2014,380000.0,Manual,125000.0,Diesel,Hyderabad,13,9615.0,3.04,3.4,https://www.cardekho.com/used-car-details/used-Nissan-terrano-xl-plus-85-ps-cars-Hyderabad_0090a335-7730-46f8-a33d-18c02284a283.htm,Fair,66,22000,289932.0,637.85,380000.0
DW-004280,Kia,Carnival,2021,3300000.0,Automatic,42935.0,Diesel,Coimbatore,6,7156.0,76.86,28.2,https://www.cardekho.com/used-car-details/used-Kia-carnival-prestige-cars-Coimbatore_a1644b0f-635d-4694-b58b-34ced5551c71.htm,Good,65,9000,2744106.0,6037.03,3300000.0
DW-006390,MG,Hector,2019,790000.0,Automatic,58000.0,Petrol,Alwar,8,7250.0,13.62,-30.8,https://www.cardekho.com/used-car-details/used-Mg-hector-sharp-dct-cars-Alwar_c9682dc8-fbf0-48db-9725-46fac9e54498.htm,Good,14,9000,552309.0,1215.08,790000.0
DW-000759,Audi,Q5,2019,2090000.0,Automatic,89000.0,Diesel,New Delhi,8,11125.0,23.48,-30.1,https://www.cardekho.com/used-car-details/used-Audi-q5-40-tdi-premium-plus-cars-New-Delhi_5bfd3699-7bdf-4405-a45b-54503970fc7d.htm,Good,25,9000,1634206.0,3595.25,2090000.0
DW-009631,Hyundai,Creta,2022,835000.0,Manual,60000.0,Petrol,New Delhi,5,12000.0,13.92,-1.8,https://www.cardekho.com/used-car-details/used-Hyundai-creta-ex-bsvi-cars-New-Delhi_dbb74f18-ab09-4c5a-b4de-e7412722dbea.htm?adId=32698&adType=41,Good,25,9000,634026.0,1394.86,835000.0
DW-010434,Tata,Punch,2021,553000.0,Automatic,62113.0,Petrol,Thane,6,10352.0,8.9,-9.3,https://www.cardekho.com/used-car-details/used-Tata-punch-accomplished-amt-bsvi-cars-Thane_7b7a16a6-14bf-4c52-8523-121604c9cbdc.htm,Good,27,9000,429055.0,943.92,553000.0
DW-006096,Ford,Endeavour,2017,1750000.0,Automatic,103000.0,Diesel,Mohali,10,10300.0,16.99,-12.5,https://www.cardekho.com/used-car-details/used-Ford-endeavour-32-titanium-at-4x4-cars-Mohali_d1986cbc-0ccc-47a0-83ed-852e9d56a54a.htm,Fair,45,22000,1320410.0,2904.9,1750000.0
DW-008753,Tata,Nexon,2021,684579.0,Manual,112815.0,Petrol,Visakhapatnam,6,18802.0,6.07,-3.1,https://www.cardekho.com/used-car-details/used-Tata-nexon-pure-plus-s-cars-Visakhapatnam_2e221f95-3ac3-40d0-81f3-c6b66adf06e2.htm,Fair,54,22000,498141.0,1095.91,684579.0
DW-002933,Mahindra,TUV 300,2019,690000.0,Manual,63000.0,Diesel,Ahmedabad,8,7875.0,10.95,31.8,https://www.cardekho.com/used-car-details/used-Mahindra-tuv-300-mhawk100-t8-cars-Ahmedabad_b5a1e784-ef9d-4bc0-9f50-a27c44ece90b.htm,Good,74,9000,522840.0,1150.25,690000.0
DW-001278,Mahindra,XUV500,2019,1191377.0,Manual,58142.0,Diesel,Bangalore,8,7268.0,20.49,76.5,https://www.cardekho.com/used-car-details/used-Mahindra-xuv500-w11-bsiv-cars-Bangalore_8c3070cb-8cd7-4396-a18d-84b0cd6a91b9.htm,Good,85,9000,928971.0,2043.74,1191377.0
DW-007040,Honda,Civic,2012,200000.0,Manual,50000.0,Petrol,Varanasi,15,3333.0,4.0,-75.8,https://www.cardekho.com/used-car-details/used-Honda-civic-18-s-mt-cars-Varanasi_7c020e1b-c666-40a1-8206-919bd89c86eb.htm?adId=31952&adType=41,Fair,19,22000,133029.0,292.66,200000.0
DW-006086,Skoda,Kodiaq,2019,1520000.0,Automatic,133000.0,Diesel,Mohali,8,16625.0,11.43,-36.6,https://www.cardekho.com/used-car-details/used-Skoda-kodiaq-20-tdi-style-cars-Mohali_481a1945-d730-43da-bdb7-d8eddb33ef61.htm,Fair,45,22000,1149649.0,2529.23,1520000.0
DW-009144,Ford,Ecosport,2016,400000.0,Manual,89000.0,Diesel,Jamshedpur,11,8091.0,4.49,-13.8,https://www.cardekho.com/used-car-details/used-Ford-ecosport-15-tdci-titanium-bsiv-cars-Jamshedpur_6f4bef0c-0e43-4f44-923b-209822dd65b0.htm,Fair,40,22000,307070.0,675.55,400000.0
DW-004843,MG,Hector Plus,2023,1450000.0,Automatic,38000.0,Petrol,Indore,4,9500.0,38.16,11.5,https://www.cardekho.com/used-car-details/used-Mg-hector-plus-sharp-pro-cvt-7-str-2023-2025-cars-Indore_7ae1173b-7d42-454a-a770-d9033fb87a39.htm,Good,39,9000,1168178.0,2569.99,1450000.0
DW-005471,Mahindra,Scorpio,2017,900000.0,Manual,57000.0,Diesel,Patna,10,5700.0,15.79,-7.2,https://www.cardekho.com/used-car-details/used-Mahindra-scorpio-s2-7-seater-cars-Patna_6a94782a-143b-43ce-946f-55438096a0d2.htm,Fair,32,22000,654086.0,1438.99,900000.0
DW-000432,Tata,Nexon,2023,1200000.0,Manual,20000.0,Petrol,Bangalore,4,5000.0,60.0,69.9,https://www.cardekho.com/used-cars+in+bangalore?pageNo=1,Excellent,81,3000,981104.0,2158.43,1200000.0
DW-010212,Maruti Suzuki,Swift,2014,287741.0,Manual,56024.0,Petrol,Thane,13,4310.0,5.14,-38.3,https://www.cardekho.com/used-car-details/used-Maruti-swift-vxi-cars-Thane_084f46db-e81a-4c08-a696-92127283adab.htm,Fair,3,22000,216263.0,475.78,287741.0
DW-000001,BMW,M2,2026,10700000.0,Automatic,5800.0,Petrol,Delhi,1,5800.0,1844.83,0.0,https://www.cardekho.com/used-cars+in+delhi?pageNo=1,Excellent,5,3000,7733355.0,17013.38,10700000.0
DW-002692,Volkswagen,Passat,2011,398000.0,Manual,60000.0,Diesel,Kolkata,16,3750.0,6.63,-47.8,https://www.cardekho.com/used-car-details/used-Volkswagen-passat-diesel-comfortline-20-tdi-cars-Kolkata_ae829d13-4a9a-4cef-96b4-87b2b042f881.htm,Fair,12,22000,291386.0,641.05,398000.0
DW-006335,Ford,Ecosport,2018,537247.0,Manual,83694.0,Petrol,Agra,9,9299.0,6.42,15.8,https://www.cardekho.com/used-car-details/used-Ford-ecosport-10-ecoboost-titanium-plus-bsiv-cars-Agra_27ea4e38-ed6a-49e9-9a54-5d0930e26ab9.htm,Fair,61,22000,377065.0,829.54,537247.0
DW-000350,Tata,Tiago,2023,575000.0,Manual,28000.0,CNG,Surat,4,7000.0,20.54,45.6,https://www.cardekho.com/used-cars+in+surat?pageNo=1,Excellent,67,3000,463254.0,1019.16,575000.0
DW-009379,Tata,Tiago,2020,478460.0,Manual,53964.0,Petrol,Bangalore,7,7709.0,8.87,21.1,https://www.cardekho.com/used-car-details/used-Tata-tiago-xz-plus-cars-Bangalore_13e2da1e-3614-40c7-9145-893b9526aa65.htm,Good,56,9000,343059.0,754.73,478460.0
DW-006486,Mahindra,XUV500,2015,540000.0,Manual,100000.0,Diesel,Nashik,12,8333.0,5.4,-20.0,https://www.cardekho.com/used-car-details/used-Mahindra-xuv500-w10-awd-cars-Nashik_f12d337e-2b66-46a9-a03f-a901bcebc345.htm?adId=34048&adType=41,Fair,37,22000,410384.0,902.84,540000.0
DW-010289,Maruti Suzuki,Brezza,2022,950000.0,Manual,50000.0,Petrol,Pune,5,10000.0,19.0,5.8,https://www.cardekho.com/used-car-details/used-Maruti-brezza-zxi-bsvi-cars-Pune_d756eb4e-4cd4-430e-b85e-d12238765806.htm,Good,46,9000,692355.0,1523.18,950000.0
DW-008656,Volkswagen,Polo,2015,510000.0,Manual,80000.0,Petrol,Chikmagalur,12,6667.0,6.38,29.1,https://www.cardekho.com/used-car-details/used-Volkswagen-polo-exquisite-12-mpi-highline-cars-Chikmagalur_d0fbdc37-79b5-4b4b-921e-04c625b309c0.htm,Fair,76,22000,374102.0,823.02,510000.0
DW-005508,Honda,Amaze,2019,550000.0,Manual,40000.0,Petrol,Patna,8,5000.0,13.75,22.2,https://www.cardekho.com/used-car-details/used-Honda-amaze-s-petrol-bsiv-cars-Patna_74cea643-5aa0-45c0-b3b0-964540964325.htm,Good,50,9000,454263.0,999.38,550000.0
DW-002479,MG,Hector,2020,985580.0,Automatic,64548.0,Petrol,Pune,7,9221.0,15.27,-13.6,https://www.cardekho.com/used-car-details/used-Mg-hector-sharp-dct-cars-Pune_021a56f5-4805-4fae-a54d-1fbefcae63a0.htm,Good,36,9000,737277.0,1622.01,985580.0
DW-004203,Tata,Altroz,2021,423756.0,Manual,35132.0,Petrol,Kochi,6,5855.0,12.06,-26.3,https://www.cardekho.com/used-car-details/used-Tata-altroz-xm-plus-bsvi-cars-Kochi_0000d45d-ef8c-49ac-a007-767575864b27.htm,Good,10,9000,343294.0,755.25,423756.0
DW-008262,Renault,Triber,2021,410139.0,Manual,78688.0,Petrol,Ghaziabad,6,13115.0,5.21,-9.4,https://www.cardekho.com/buy-used-car-details/used-Renault-triber-emotion-dual-tone-cars-Ghaziabad_abd3d54b-00f4-4728-989f-8c84fd02c878.htm,Good,36,9000,338815.0,745.39,410139.0
DW-008669,Renault,KWID,2018,210000.0,Manual,106000.0,Petrol,Kannur,9,11778.0,1.98,-19.2,https://www.cardekho.com/used-car-details/used-Renault-kwid-10-rxt-cars-Kannur_42dcc4a0-2268-4d94-8480-ce25e968928e.htm,Fair,46,22000,152558.0,335.63,210000.0
DW-001156,Jeep,Compass,2021,2050000.0,Automatic,60000.0,Diesel,Mumbai,6,10000.0,34.17,110.3,https://www.cardekho.com/used-car-details/used-Jeep-compass-20-model-s-opt-4x4-at-cars-Mumbai_9c119728-7cac-492a-bf66-c79e7527c39e.htm,Good,88,9000,1477004.0,3249.41,2050000.0
DW-001787,Mercedes-Benz,GLC,2022,3490000.0,Automatic,70000.0,Petrol,Hyderabad,5,14000.0,49.86,-20.7,https://www.cardekho.com/used-car-details/used-Mercedes-benz-glc-200-cars-Hyderabad_7cfd6071-99d1-454f-be7b-a53834224dc7.htm,Good,26,9000,2863091.0,6298.8,3490000.0
DW-007959,Kia,Seltos,2023,1480057.0,Automatic,19921.0,Petrol,Noida,4,4980.0,74.3,34.6,https://www.cardekho.com/used-car-details/used-Kia-seltos-gtx-plus-turbo-dct-cars-Noida_5fdd9f46-b6f0-48b9-ade4-5fff1870ef47.htm,Excellent,59,3000,1040177.0,2288.39,1480057.0
DW-002125,Audi,A3,2019,1600000.0,Automatic,120000.0,Diesel,Chennai,8,15000.0,13.33,46.8,https://www.cardekho.com/used-car-details/used-Audi-a3-35-tdi-technology-cars-Chennai_21c53d7b-578e-47b6-82a5-ce5e32abcb8f.htm,Fair,86,22000,1192392.0,2623.26,1600000.0
DW-006383,MG,Hector Plus,2022,1093821.0,Manual,64302.0,Petrol,Agra,5,12860.0,17.01,-15.9,https://www.cardekho.com/used-car-details/used-Mg-hector-plus-sharp-hybrid-mt-cars-Agra_b5259107-32cc-4973-a9b2-a57b90fd8a72.htm,Good,19,9000,899539.0,1978.99,1093821.0
DW-004158,Maruti Suzuki,Celerio,2015,344140.0,Manual,43476.0,Petrol,Kochi,12,3623.0,7.92,1.2,https://www.cardekho.com/used-car-details/used-Maruti-celerio-zxi-cars-Kochi_8ff910fc-32b9-4fa5-a8cf-a82d78044e9c.htm,Fair,26,22000,254452.0,559.79,344140.0
DW-004848,MG,Hector,2022,1300000.0,Manual,65000.0,Diesel,Indore,5,13000.0,20.0,13.9,https://www.cardekho.com/used-car-details/used-Mg-hector-sharp-diesel-mt-cars-Indore_f98ac740-4002-451f-9590-866788b76826.htm,Good,50,9000,1004884.0,2210.74,1300000.0
DW-009297,Renault,KWID,2017,200000.0,Manual,104000.0,Petrol,Pali,10,10400.0,1.92,-23.1,https://www.cardekho.com/used-car-details/used-Renault-kwid-rxt-cars-Pali_5229757a-7239-4ded-8025-7ce2b2f36bf0.htm,Fair,37,22000,129636.0,285.2,200000.0
DW-006664,Mercedes-Benz,E-Class,2014,1300000.0,Automatic,32000.0,Petrol,Mumbai,13,2462.0,40.62,-57.4,https://www.cardekho.com/used-car-details/used-Mercedes-benz-e-class-e-200-cgi-cars-Mumbai_0f0112f2-b48e-4df3-8585-6eaf6d802652.htm,Fair,3,22000,1046398.0,2302.08,1300000.0
DW-004027,Ford,Ecosport,2014,325000.0,Manual,5400.0,Petrol,Chandigarh,13,415.0,60.19,-30.0,https://www.cardekho.com/used-car-details/used-Ford-ecosport-10-ecoboost-titanium-cars-Chandigarh_2b53f580-f7d4-408a-80f7-99169ec043ec.htm,Fair,3,22000,240091.0,528.2,325000.0
DW-002520,Jeep,Compass,2022,1625000.0,Automatic,39894.0,Petrol,Pune,5,7979.0,40.73,66.7,https://www.cardekho.com/used-car-details/used-Jeep-compass-14-model-s-opt-at-cars-Pune_043011a0-a382-4c30-9c3f-05df5e773923.htm,Good,74,9000,1242674.0,2733.88,1625000.0
DW-004915,Hyundai,Grand i10,2016,385721.0,Manual,82396.0,Petrol,Surat,11,7491.0,4.68,6.3,https://www.cardekho.com/used-car-details/used-Hyundai-grand-i10-sportz-cars-Surat_e395ca6d-6929-41ca-a7ca-3cb9a8846fa7.htm,Fair,68,22000,299642.0,659.21,385721.0
DW-009173,Mercedes-Benz,M-Class,2014,1221000.0,Automatic,118000.0,Diesel,Jodhpur,13,9077.0,10.35,-12.8,https://www.cardekho.com/used-car-details/used-Mercedes-benz-m-class-ml-350-cdi-cars-Jodhpur_129e69ce-e860-4724-8211-9aab182da0ae.htm?adId=32093&adType=41,Fair,63,22000,874815.0,1924.59,1221000.0
DW-008073,MG,Hector,2022,1159608.0,Manual,18795.0,Petrol,Noida,5,3759.0,61.7,1.6,https://www.cardekho.com/used-car-details/used-Mg-hector-hybrid-sharp-mt-cars-Noida_0d37c91a-0a66-4a73-9c41-b7dbb5e81abe.htm,Good,21,9000,832364.0,1831.2,1159608.0
DW-010033,Skoda,Kushaq,2021,831536.0,Automatic,22920.0,Petrol,New Delhi,6,3820.0,36.28,-18.8,https://www.cardekho.com/used-car-details/used-Skoda-kushaq-10-tsi-ambition-at-bsvi-cars-New-Delhi_e015e18b-bcfd-45c3-a281-1bf085633c42.htm,Good,7,9000,653252.0,1437.15,831536.0
DW-001184,Volvo,S60 Cross Country,2016,1399000.0,Automatic,60000.0,Diesel,Mumbai,11,5455.0,23.32,-16.0,https://www.cardekho.com/used-car-details/used-Volvo-s60-cross-country-d4-awd-bsiv-cars-Mumbai_ccda882c-7d3a-4c01-89c8-ad989de86908.htm,Fair,19,22000,1161273.0,2554.8,1399000.0
DW-007798,MG,Astor,2021,792580.0,Automatic,76479.0,Petrol,Gurgaon,6,12746.0,10.36,-11.3,https://www.cardekho.com/used-car-details/used-Mg-astor-savvy-sangria-turbo-at-cars-Gurgaon_3702b56d-2376-4820-8e07-127a56741771.htm,Good,25,9000,575202.0,1265.44,792580.0
DW-004072,Audi,Q3,2016,1350000.0,Automatic,75000.0,Diesel,Chandigarh,11,6818.0,18.0,-6.1,https://www.cardekho.com/used-car-details/used-Audi-q3-35-tdi-dynamic-edition-cars-Chandigarh_513be3ac-56c8-4fa4-aaf2-8ded59b610f7.htm,Fair,39,22000,973558.0,2141.83,1350000.0
DW-003054,Skoda,Kushaq,2023,821533.0,Manual,54703.0,Petrol,Ahmedabad,4,13676.0,15.02,-19.7,https://www.cardekho.com/used-car-details/used-Skoda-kushaq-10-tsi-ambition-cars-Ahmedabad_70ac82e1-a4e8-4ba1-a6db-5b78c91adc5a.htm,Good,15,9000,583264.0,1283.18,821533.0
DW-006066,Volkswagen,Vento,2016,450000.0,Manual,135000.0,Diesel,Zirakpur,11,12273.0,3.33,8.4,https://www.cardekho.com/used-car-details/used-Volkswagen-vento-15-tdi-highline-cars-Zirakpur_7fe2539b-d87f-4145-9ee7-3b62ffb74165.htm?adId=34578&adType=41,Fair,75,22000,351088.0,772.39,450000.0
DW-010150,Mercedes-Benz,C-Class,2023,4350000.0,Automatic,10000.0,Petrol,New Delhi,4,2500.0,435.0,108.1,https://www.cardekho.com/used-car-details/used-Mercedes-benz-c-class-c-200-cars-New-Delhi_e47061d5-2c84-4a27-a3a5-e6a602c53af1.htm,Excellent,57,3000,3189724.0,7017.39,4350000.0
DW-009068,Mahindra,XUV300,2022,906579.0,Automatic,15205.0,Petrol,Ranchi,5,3041.0,59.62,20.9,https://www.cardekho.com/used-car-details/used-Mahindra-xuv300-w8-opt-amt-cars-Ranchi_81710596-19d5-4fa7-bcd4-51877c606ccd.htm,Good,33,9000,694031.0,1526.87,906579.0
DW-003743,Mercedes-Benz,C-Class,2010,390000.0,Automatic,150000.0,Petrol,Lucknow,17,8824.0,2.6,-81.3,https://www.cardekho.com/used-car-details/used-Mercedes-benz-c-class-200-k-elegance-at-cars-Lucknow_f83b033d-0845-472a-be5d-0a9d95fba9d5.htm?adId=29740&adType=41,Fair,52,22000,308966.0,679.73,390000.0
DW-000783,MG,Gloster,2021,2190000.0,Automatic,42000.0,Diesel,New Delhi,6,7000.0,52.14,-18.9,https://www.cardekho.com/used-car-details/used-Mg-gloster-savvy-6-str-cars-New-Delhi_daa3c73c-9acf-42ca-9e1b-330ca9b0972e.htm,Good,19,9000,1527988.0,3361.57,2190000.0
DW-002948,Mahindra,XUV300,2021,624227.0,Manual,78894.0,Petrol,Ahmedabad,6,13149.0,7.91,-16.8,https://www.cardekho.com/used-car-details/used-Mahindra-xuv300-w8-bsvi-cars-Ahmedabad_00fd801d-02d9-49ba-896a-717ecf804bc8.htm,Good,36,9000,480065.0,1056.14,624227.0
DW-001157,Jeep,Grand Cherokee,2019,4850000.0,Automatic,57000.0,Petrol,Mumbai,8,7125.0,85.09,-1.0,https://www.cardekho.com/used-car-details/used-Jeep-grand-cherokee-srt-4x4-cars-Mumbai_c106898c-2658-4422-8608-9625eff63523.htm,Good,29,9000,3758690.0,8269.12,4850000.0
DW-002931,Tata,Tiago,2019,311000.0,Manual,55000.0,Petrol,Ahmedabad,8,6875.0,5.65,-21.3,https://www.cardekho.com/used-car-details/used-Tata-tiago-12-revotron-xt-cars-Ahmedabad_0b40a2d1-9bd7-4778-9450-ed972d55ec7a.htm,Good,25,9000,246367.0,542.01,311000.0
DW-001195,Honda,Amaze,2020,710796.0,Automatic,17416.0,Petrol,Bangalore,7,2488.0,40.81,58.0,https://www.cardekho.com/used-car-details/used-Honda-amaze-vx-cvt-petrol-cars-Bangalore_f8cfddba-9098-4c6b-ae69-9093fc1d7f89.htm,Good,64,9000,526437.0,1158.16,710796.0
DW-000317,Chevrolet,Beat,2016,240000.0,Manual,148000.0,Diesel,Coimbatore,11,13455.0,1.62,10.3,https://www.cardekho.com/used-cars+in+coimbatore?pageNo=1,Fair,86,22000,160772.0,353.7,240000.0
DW-009013,Kia,Seltos,2022,1250000.0,Manual,10000.0,Petrol,Ranchi,5,2000.0,125.0,13.6,https://www.cardekho.com/used-car-details/used-Kia-seltos-htx-g-cars-Ranchi_90c1f900-0dd9-4516-b8a2-0a1132891fc6.htm?adId=33065&adType=41,Good,30,9000,897488.0,1974.47,1250000.0
DW-001808,Audi,Q7,2019,2795000.0,Automatic,152300.0,Diesel,Hyderabad,8,19038.0,18.35,-1.8,https://www.cardekho.com/used-car-details/used-Audi-q7-45-tdi-quattro-technology-cars-Hyderabad_b39a057d-23ec-45a0-8a64-c4d5ea20bfa6.htm,Fair,66,22000,2245087.0,4939.19,2795000.0
DW-006905,Ford,Ecosport,2020,825000.0,Manual,74000.0,Diesel,Rajkot,7,10571.0,11.15,77.8,https://www.cardekho.com/used-car-details/used-Ford-ecosport-sports-diesel-cars-Rajkot_ee52f680-55ef-410a-bf65-cbd8c28097f4.htm,Good,91,9000,665608.0,1464.34,825000.0
DW-009093,Toyota,Innova Crysta,2017,1100000.0,Manual,120000.0,Petrol,Giridih,10,12000.0,9.17,-37.7,https://www.cardekho.com/used-car-details/used-Toyota-innova-crysta-27-gx-mt-8s-bsiv-cars-Giridih_16686553-76d1-45c1-a669-e660ab865a98.htm,Fair,41,22000,770549.0,1695.21,1100000.0
DW-002040,Renault,Duster,2015,515000.0,Manual,99582.0,Petrol,Chennai,12,8298.0,5.17,32.1,https://www.cardekho.com/used-car-details/used-Renault-duster-petrol-rxl-cars-Chennai_f7f129ec-2125-4a0b-8bf0-8d68d866106d.htm,Fair,84,22000,368895.0,811.57,515000.0
DW-009463,Skoda,Kushaq,2022,1311961.0,Automatic,22517.0,Petrol,Bangalore,5,4503.0,58.27,28.2,https://www.cardekho.com/used-car-details/used-Skoda-kushaq-10-tsi-style-4-airbags-at-cars-Bangalore_01c94146-b42b-40f8-bb18-3caa29c6ada8.htm,Good,46,9000,1085091.0,2387.2,1311961.0
DW-004468,Maruti Suzuki,Celerio,2022,515820.0,Manual,26757.0,Petrol,Coimbatore,5,5351.0,19.28,51.7,https://www.cardekho.com/used-car-details/used-Maruti-celerio-zxi-plus-cars-Coimbatore_bbdbf3af-7569-42bb-9705-97be7d32b352.htm,Good,76,9000,352283.0,775.02,515820.0
DW-005112,Audi,A4,2013,751000.0,Automatic,110000.0,Diesel,Surat,14,7857.0,6.83,-55.3,https://www.cardekho.com/used-car-details/used-Audi-a4-20-tdi-cars-Surat_65d810a9-9f29-4f5f-8255-c456f6b7c84c.htm?adId=32472&adType=41,Fair,41,22000,537355.0,1182.18,751000.0
DW-007211,Toyota,Corolla,2010,500000.0,Manual,70000.0,Petrol,Aurangabad,17,4118.0,7.14,42.9,https://www.cardekho.com/used-car-details/used-Toyota-corolla-h2-cars-Aurangabad_ddb0702c-2946-44c4-a920-a32fc1d2d24a.htm,Fair,76,22000,369628.0,813.18,500000.0
DW-007972,Volkswagen,Polo,2021,631840.0,Automatic,56692.0,Petrol,Noida,6,9449.0,11.15,60.0,https://www.cardekho.com/used-car-details/used-Volkswagen-polo-gt-10-tsi-cars-Noida_64f2cbba-5e45-4ef1-888e-3a6a257868ff.htm,Good,90,9000,464952.0,1022.89,631840.0
DW-007051,Honda,Amaze,2021,525000.0,Manual,20000.0,Petrol,Azamgarh,6,3333.0,26.25,16.7,https://www.cardekho.com/used-car-details/used-Honda-amaze-s-petrol-cars-Azamgarh_fb116034-b934-4a03-8e78-523b66f9a3d3.htm,Good,48,9000,379924.0,835.83,525000.0
DW-003017,Volkswagen,Taigun,2023,962203.0,Manual,44920.0,Petrol,Ahmedabad,4,11230.0,21.42,-12.5,https://www.cardekho.com/used-car-details/used-Volkswagen-taigun-10-topline-cars-Ahmedabad_bedd69f9-79f6-47d3-9bdb-c4b405cb2fe8.htm,Good,35,9000,730940.0,1608.07,962203.0
DW-007697,Renault,KWID,2020,351000.0,Automatic,16732.0,Petrol,Gurgaon,7,2390.0,20.98,35.0,https://www.cardekho.com/used-car-details/used-Renault-kwid-10-rxt-amt-opt-cars-Gurgaon_04ef31f5-85f4-4a84-b35f-0bf1a41409ea.htm,Good,42,9000,246257.0,541.77,351000.0
DW-004296,Volkswagen,Taigun,2022,817622.0,Manual,112234.0,Petrol,Coimbatore,5,22447.0,7.28,-25.7,https://www.cardekho.com/used-car-details/used-Volkswagen-taigun-10-tsi-topline-bsvi-cars-Coimbatore_9b2b67fc-495b-498a-8aca-16edf5e1624f.htm,Poor,34,45000,592290.0,1303.04,817622.0
DW-010132,BMW,3 Series,2017,1200000.0,Automatic,120000.0,Diesel,Faridabad,10,12000.0,10.0,-20.0,https://www.cardekho.com/used-car-details/used-Bmw-3-series-320d-cars-Faridabad_0aaa6c08-3e1f-4111-9b0d-f85d471fe7f3.htm?adId=30695&adType=41,Fair,56,22000,945205.0,2079.45,1200000.0
DW-006356,BMW,6 Series,2022,4775000.0,Manual,34000.0,Petrol,New Delhi,5,6800.0,140.44,31.7,https://www.cardekho.com/used-car-details/used-Bmw-6-series-630im-sport-50-jahre-m-edition-cars-New-Delhi_157d1faa-1a96-44b0-bdcc-ee56cb89e58a.htm,Good,48,9000,3745555.0,8240.22,4775000.0
DW-003072,Ford,Aspire,2015,232436.0,Manual,92467.0,Petrol,Ahmedabad,12,7706.0,2.51,-35.4,https://www.cardekho.com/used-car-details/used-Ford-aspire-titanium-cars-Ahmedabad_f980570c-3f9a-4d7b-914d-50fd8ba3d53f.htm,Fair,20,22000,143951.0,316.69,232436.0
DW-003315,Toyota,Innova Crysta,2017,1250000.0,Automatic,79000.0,Diesel,Jaipur,10,7900.0,15.82,-29.2,https://www.cardekho.com/used-car-details/used-Toyota-innova-crysta-28-zx-at-bsiv-cars-Jaipur_3a804373-1d59-4e6d-a21b-e35f5b072f13.htm,Fair,20,22000,1011327.0,2224.92,1250000.0
DW-002392,Skoda,Kushaq,2022,1045716.0,Automatic,94672.0,Petrol,Pune,5,18934.0,11.05,2.2,https://www.cardekho.com/used-car-details/used-Skoda-kushaq-15-tsi-style-dsg-cars-Pune_1077b257-54f9-45fe-8897-ff8bf88281a7.htm,Fair,57,22000,737448.0,1622.39,1045716.0
DW-000104,Hyundai,i20,2024,775000.0,Automatic,30000.0,Petrol,Hyderabad,3,10000.0,25.83,66.3,https://www.cardekho.com/used-cars+in+hyderabad?pageNo=1,Good,74,9000,622409.0,1369.3,775000.0
DW-002287,Mahindra,XUV700,2022,2450000.0,Automatic,16000.0,Diesel,Pune,5,3200.0,153.12,40.0,https://www.cardekho.com/used-car-details/used-Mahindra-xuv700-ax7-diesel-at-luxury-pack-awd-bsvi-cars-Pune_a592e148-3fcc-4738-bedb-4ca7e4d504d6.htm?adId=32085&adType=41,Good,49,9000,1838508.0,4044.72,2450000.0
DW-002665,Kia,Seltos,2023,1399000.0,Automatic,28000.0,Petrol,Kolkata,4,7000.0,49.96,27.2,https://www.cardekho.com/used-car-details/used-Kia-seltos-gtx-plus-turbo-dct-cars-Kolkata_163a4374-fe6a-4f58-aa60-567137cafbe7.htm?adId=30887&adType=41,Excellent,44,3000,1140562.0,2509.24,1399000.0
DW-004254,Honda,City,2024,1132469.0,Manual,14287.0,Petrol,Kochi,3,4762.0,79.27,91.9,https://www.cardekho.com/used-car-details/used-Honda-city-v-cars-Kochi_a6de0e06-1201-4bc2-a6ed-3b6869c3fa14.htm,Excellent,64,3000,824768.0,1814.49,1132469.0
DW-009459,Skoda,Kushaq,2023,1027000.0,Manual,27116.0,Petrol,Bangalore,4,6779.0,37.87,0.3,https://www.cardekho.com/used-car-details/used-Skoda-kushaq-10-tsi-ambition-cars-Bangalore_ee33e4bb-1bbe-4f93-95c2-f15fc376185d.htm,Excellent,21,3000,744655.0,1638.24,1027000.0
DW-003182,Jeep,Compass,2018,753863.0,Automatic,128833.0,Petrol,Ahmedabad,9,14315.0,5.85,-22.7,https://www.cardekho.com/used-car-details/used-Jeep-compass-14-limited-cars-Ahmedabad_3048778b-62a2-4341-bd91-ec72542970d9.htm,Fair,62,22000,561908.0,1236.2,753863.0
DW-000757,Audi,Q5,2024,5200000.0,Automatic,7700.0,Petrol,New Delhi,3,2567.0,675.32,73.9,https://www.cardekho.com/used-car-details/used-Audi-q5-technology-cars-New-Delhi_3f1b930c-1615-4251-a914-bde7b918d4af.htm,Excellent,68,3000,3662690.0,8057.92,5200000.0
DW-007977,Volkswagen,Ameo,2016,325000.0,Manual,61000.0,Petrol,Noida,11,5545.0,5.33,-16.0,https://www.cardekho.com/used-car-details/used-Volkswagen-ameo-12-mpi-comfortline-cars-Noida_a626657b-fc53-4d60-ae90-857422730e6c.htm,Fair,32,22000,216483.0,476.26,325000.0
DW-003690,Skoda,Slavia,2023,1315000.0,Automatic,24500.0,Petrol,Lucknow,4,6125.0,53.67,24.5,https://www.cardekho.com/used-car-details/used-Skoda-slavia-10-tsi-style-at-cars-Lucknow_6d8af2cb-bae9-48ef-aa99-e0cdc0b1e312.htm,Excellent,41,3000,1060311.0,2332.68,1315000.0
DW-005964,Hyundai,Venue,2019,700000.0,Automatic,57000.0,Petrol,Ludhiana,8,7125.0,12.28,-1.6,https://www.cardekho.com/used-car-details/used-Hyundai-venue-sx-plus-turbo-dct-bsiv-cars-Ludhiana_d788ec3e-2991-433e-a8b4-b47b42ce8409.htm,Good,35,9000,568925.0,1251.64,700000.0
DW-002253,Tata,Curvv,2024,1103170.0,Manual,35651.0,Diesel,Pune,3,11884.0,30.94,-9.4,https://www.cardekho.com/used-car-details/used-Tata-curvv-creative-plus-s-diesel-cars-Pune_1ff18e52-b86c-4004-8c7f-7eb73ae27330.htm,Good,17,9000,776587.0,1708.49,1103170.0
DW-005212,Hyundai,i20,2015,385000.0,Manual,45000.0,Petrol,Nagpur,12,3750.0,8.56,-17.4,https://www.cardekho.com/used-car-details/used-Hyundai-i20-sportz-12-cars-Nagpur_345bbe7d-05a4-49aa-a171-a30f189b4691.htm,Fair,3,22000,298440.0,656.57,385000.0
DW-006097,Ford,Endeavour,2021,2651000.0,Automatic,80000.0,Diesel,Mohali,6,13333.0,33.14,32.6,https://www.cardekho.com/used-car-details/used-Ford-endeavour-titanium-plus-4x4-at-cars-Mohali_1015d82b-6546-407a-b1c9-e8589dc41a4f.htm,Good,65,9000,2163833.0,4760.43,2651000.0
DW-009247,Toyota,Innova,2015,650000.0,Manual,220000.0,Diesel,Jodhpur,12,18333.0,2.95,30.0,https://www.cardekho.com/used-car-details/used-Toyota-innova-25-zx-diesel-7-seater-cars-Jodhpur_e4fb75d5-cfd9-4eba-b98e-cbe44c40a91b.htm,Fair,116,22000,517794.0,1139.15,650000.0
DW-001902,Maruti Suzuki,Baleno,2018,550000.0,Manual,66000.0,Petrol,Chennai,9,7333.0,8.33,10.8,https://www.cardekho.com/used-car-details/used-Maruti-baleno-12-alpha-cars-Chennai_c7433d94-79c3-4498-b4a4-f2af73485098.htm?adId=31080&adType=41,Fair,37,22000,420620.0,925.36,550000.0
DW-003081,Ford,Aspire,2018,307313.0,Manual,111091.0,Petrol,Ahmedabad,9,12343.0,2.77,-14.6,https://www.cardekho.com/used-car-details/used-Ford-aspire-titanium-bsiv-cars-Ahmedabad_dbeb3c31-1ff8-455d-8589-aba67e119a98.htm,Fair,41,22000,224196.0,493.23,307313.0
DW-002246,Hyundai,Xcent,2015,286579.0,Manual,55927.0,Petrol,Pune,12,4661.0,5.12,-18.1,https://www.cardekho.com/used-car-details/used-Hyundai-xcent-12-kappa-base-cars-Pune_b6d598a8-8e43-482e-aa72-dc320763a825.htm,Fair,31,22000,201177.0,442.59,286579.0
DW-002593,Tata,Nexon,2020,580000.0,Manual,20000.0,Petrol,Kolkata,7,2857.0,29.0,-17.9,https://www.cardekho.com/used-car-details/used-Tata-nexon-xm-bsvi-cars-Kolkata_e93b6794-7800-485d-9598-56f2448f26dd.htm,Good,8,9000,453792.0,998.34,580000.0
DW-009595,Maruti Suzuki,Ertiga,2025,1175000.0,Manual,13000.0,CNG,New Delhi,2,6500.0,90.38,52.0,https://www.cardekho.com/used-car-details/used-Maruti-ertiga-vxi-cng-cars-New-Delhi_9b1ec36e-970c-4605-abcd-8054ffbeb6cb.htm,Excellent,70,3000,981493.0,2159.28,1175000.0
DW-003108,Mercedes-Benz,E-Class,2014,825000.0,Automatic,65000.0,Diesel,Ahmedabad,13,5000.0,12.69,-73.0,https://www.cardekho.com/used-car-details/used-Mercedes-benz-e-class-e250-cdi-avantgrade-cars-Ahmedabad_6e111111-3342-47fb-974c-5dc7942c522e.htm,Fair,19,22000,567940.0,1249.47,825000.0
DW-008746,Hyundai,EON,2017,227940.0,Manual,51537.0,Petrol,Visakhapatnam,10,5154.0,4.42,9.3,https://www.cardekho.com/used-car-details/used-Hyundai-eon-era-plus-option-cars-Visakhapatnam_b316f659-0796-4a81-9b39-3e7267323e71.htm,Fair,48,22000,148354.0,326.38,227940.0
DW-006851,Kia,Seltos,2021,1450000.0,Automatic,64000.0,Diesel,Rajkot,6,10667.0,22.66,31.8,https://www.cardekho.com/used-car-details/used-Kia-seltos-gtx-plus-diesel-at-cars-Rajkot_aa1c6c4a-92a9-4c4b-ba36-0e124f73fcb9.htm,Good,61,9000,1021759.0,2247.87,1450000.0
DW-007342,Audi,A4,2013,700000.0,Automatic,74500.0,Diesel,Mumbai,14,5321.0,9.4,-58.3,https://www.cardekho.com/used-car-details/used-Audi-a4-20-tdi-cars-Mumbai_7c76086e-66e2-4cbb-b569-7dfebcfffdef.htm,Fair,24,22000,567205.0,1247.85,700000.0
DW-000568,Mahindra,TUV 300,2016,350000.0,Manual,75000.0,Diesel,New Delhi,11,6818.0,4.67,-33.2,https://www.cardekho.com/used-car-details/used-Mahindra-tuv-300-t8-cars-New-Delhi_8c179077-8c6c-40a0-a315-09a59a8e1be7.htm,Fair,25,22000,246376.0,542.03,350000.0
DW-003246,Maruti Suzuki,Swift Dzire,2014,330131.0,Manual,70380.0,Petrol,Jaipur,13,5414.0,4.69,-16.0,https://www.cardekho.com/used-car-details/used-Maruti-swift-dzire-vxi-cars-Jaipur_1238a71a-4574-4fe1-8016-e75e04d1a194.htm,Fair,27,22000,242535.0,533.58,330131.0
DW-008896,Tata,Tiago,2022,200000.0,Manual,65000.0,CNG,Guwahati,5,13000.0,3.08,-49.4,https://www.cardekho.com/used-car-details/used-Tata-tiago-xm-cng-bsvi-cars-Guwahati_4d1e9231-28de-40a6-aec4-f5721877d4ed.htm,Good,20,9000,156234.0,343.71,200000.0
DW-004542,Honda,City,2016,750000.0,Automatic,109184.0,Petrol,Coimbatore,11,9926.0,6.87,27.1,https://www.cardekho.com/used-car-details/used-Honda-city-i-vtec-cvt-vx-cars-Coimbatore_86eb66fc-a680-4531-8c3b-7668dd9d78e9.htm,Fair,84,22000,614488.0,1351.87,750000.0
DW-005757,Maruti Suzuki,Alto 800,2018,230114.0,Manual,56519.0,Petrol,Vadodara,9,6280.0,4.07,-8.0,https://www.cardekho.com/used-car-details/used-Maruti-alto-800-lxi-cars-Vadodara_c48abf98-2237-40d8-983a-9c45d787e7ac.htm,Fair,28,22000,144664.0,318.26,230114.0
DW-002699,Renault,Kiger,2022,591140.0,Automatic,17093.0,Petrol,Kolkata,5,3419.0,34.58,11.1,https://www.cardekho.com/used-car-details/used-Renault-kiger-rxz-amt-dt-cars-Kolkata_3f21c02e-87cd-4df8-a895-a29a0107f73a.htm,Good,24,9000,475692.0,1046.52,591140.0
DW-005407,Renault,KWID,2019,281614.0,Manual,43085.0,Petrol,Patna,8,5386.0,6.54,8.3,https://www.cardekho.com/used-car-details/used-Renault-kwid-climber-10-mt-cars-Patna_3172a65f-8439-4c24-b5cc-156652e48061.htm,Good,32,9000,225616.0,496.36,281614.0
DW-002320,Honda,City,2012,246579.0,Manual,86138.0,Petrol,Pune,15,5743.0,2.86,-58.2,https://www.cardekho.com/used-car-details/used-Honda-city-s-cars-Pune_aefd9eb9-4762-4c78-bbbb-c34aee1360b3.htm,Fair,26,22000,152413.0,335.31,246579.0
DW-002486,MG,Hector Plus,2020,846136.0,Automatic,109446.0,Petrol,Pune,7,15635.0,7.73,-34.9,https://www.cardekho.com/buy-used-car-details/used-Mg-hector-plus-sharp-dct-cars-Pune_5058bf08-44ad-4593-80f7-31ae49b0a274.htm,Fair,37,22000,666005.0,1465.21,846136.0
DW-002070,Ford,Ecosport,2014,372139.0,Manual,72151.0,Petrol,Chennai,13,5550.0,5.16,-19.8,https://www.cardekho.com/used-car-details/used-Ford-ecosport-10-ecoboost-titanium-cars-Chennai_d708c7cf-b7ed-4618-be4a-cda61ede59d4.htm,Fair,23,22000,258298.0,568.26,372139.0
DW-004845,MG,Hector,2019,1100000.0,Manual,80000.0,Diesel,Indore,8,10000.0,13.75,-3.6,https://www.cardekho.com/used-car-details/used-Mg-hector-sharp-diesel-mt-bsiv-cars-Indore_55031a8b-bae7-4b31-aef6-887f65e5beb3.htm,Good,44,9000,868018.0,1909.64,1100000.0
DW-005681,Volkswagen,Polo,2015,350000.0,Manual,65000.0,Petrol,Bhopal,12,5417.0,5.38,-11.4,https://www.cardekho.com/used-car-details/used-Volkswagen-polo-exquisite-12-mpi-highline-cars-Bhopal_645eb7af-b1b7-4290-b735-b2c2afc26e52.htm,Fair,35,22000,249988.0,549.97,350000.0
DW-007476,Kia,Seltos,2024,1313000.0,Manual,77000.0,Diesel,Jalandhar,3,25667.0,17.05,19.4,https://www.cardekho.com/used-car-details/used-Kia-seltos-htk-plus-diesel-cars-Jalandhar_900bc5c2-141c-43b6-a2b6-55e82b2c8f5f.htm,Poor,65,45000,925256.0,2035.56,1313000.0
DW-007013,Mahindra,XUV500,2020,980000.0,Manual,100000.0,Diesel,Allahabad,7,14286.0,9.8,45.2,https://www.cardekho.com/used-car-details/used-Mahindra-xuv500-w11-option-cars-Allahabad_a5942012-e1da-40e6-999d-f3e302e26c6f.htm?adId=34437&adType=41,Good,100,9000,696878.0,1533.13,980000.0
DW-001225,Maruti Suzuki,Vitara Brezza,2021,875000.0,Manual,43445.0,Petrol,Bangalore,6,7241.0,20.14,33.2,https://www.cardekho.com/used-car-details/used-Maruti-vitara-brezza-vxi-cars-Bangalore_6e75fa44-424f-4d70-9e7f-8cd31792b7a3.htm,Good,67,9000,618849.0,1361.47,875000.0
DW-008570,Hyundai,Grand i10,2021,511579.0,Manual,114837.0,Petrol,Mangalore,6,19140.0,4.45,40.9,https://www.cardekho.com/used-car-details/used-Hyundai-grand-i10-12-kappa-sportz-bsiv-cars-Mangalore_85fbce8a-6a3d-43e9-bb24-66ec942a5267.htm,Fair,88,22000,344034.0,756.87,511579.0
DW-001200,Ford,Figo,2019,495823.0,Automatic,70432.0,Petrol,Bangalore,8,8804.0,7.04,98.3,https://www.cardekho.com/used-car-details/used-Ford-figo-15p-titanium-at-cars-Bangalore_612b50df-b522-41d7-91d8-5348a65261ea.htm,Good,101,9000,385511.0,848.12,495823.0
DW-006435,Maruti Suzuki,Swift,2023,751000.0,Manual,27000.0,CNG,Nashik,4,6750.0,27.81,61.0,https://www.cardekho.com/used-car-details/used-Maruti-swift-vxi-cng-cars-Nashik_1e7a7ef5-70ce-4074-8491-34dec91186e0.htm,Excellent,71,3000,562286.0,1237.03,751000.0
DW-000765,Audi,A4,2014,875000.0,Automatic,48999.0,Petrol,New Delhi,13,3769.0,17.86,-47.9,https://www.cardekho.com/used-car-details/used-Audi-a4-18-tfsi-premium-plus-cars-New-Delhi_c59ae99a-22e6-4936-8604-95d16b944d4a.htm,Fair,17,22000,618933.0,1361.65,875000.0
DW-004705,Mahindra,XUV500,2018,950000.0,Manual,60000.0,Diesel,Indore,9,6667.0,15.83,40.7,https://www.cardekho.com/used-car-details/used-Mahindra-xuv500-r-w10-fwd-cars-Indore_c66bdbd3-94fb-4da6-b875-b719736e699f.htm,Fair,72,22000,741594.0,1631.51,950000.0
DW-000037,Hyundai,Grand i10,2013,259000.0,Manual,95000.0,Petrol,Mumbai,14,6786.0,2.73,-28.7,https://www.cardekho.com/used-cars+in+mumbai?pageNo=1,Fair,28,22000,185984.0,409.16,259000.0
DW-009959,Volkswagen,Vento,2018,490000.0,Automatic,111000.0,Petrol,New Delhi,9,12333.0,4.41,18.1,https://www.cardekho.com/used-car-details/used-Volkswagen-vento-12-highline-plus-at-16-alloy-cars-New-Delhi_a4f7e765-c9fb-42e7-a735-f9dce00d165a.htm,Fair,63,22000,360629.0,793.38,490000.0
DW-006385,MG,Windsor EV,2025,1750000.0,Automatic,10000.0,Electric,New Delhi,2,5000.0,175.0,14.8,https://www.cardekho.com/used-car-details/used-Mg-windsor-ev-essence-pro-cars-New-Delhi_41b930b7-b3fc-444e-89c1-725c8344a67a.htm,Excellent,30,3000,1467426.0,3228.34,1750000.0
DW-006026,Honda,City,2011,285000.0,Automatic,93000.0,Petrol,Ludhiana,16,5812.0,3.06,-51.7,https://www.cardekho.com/used-car-details/used-Honda-city-v-at-cars-Ludhiana_96409ce7-8d74-4a01-8657-7056ced1abd6.htm,Fair,19,22000,193976.0,426.75,285000.0
DW-001670,Kia,Sonet,2024,1011130.0,Automatic,21986.0,Petrol,Hyderabad,3,7329.0,45.99,15.9,https://www.cardekho.com/used-car-details/used-Kia-sonet-htx-plus-turbo-imt-cars-Hyderabad_a063a401-966d-4e1b-aa44-cba218488608.htm,Excellent,42,3000,831566.0,1829.45,1011130.0
DW-009390,Mahindra,XUV500,2017,1012000.0,Manual,120000.0,Diesel,Bangalore,10,12000.0,8.43,49.9,https://www.cardekho.com/used-car-details/used-Mahindra-xuv500-r-w10-fwd-cars-Bangalore_3e80b1db-59e9-4edb-bca5-61eb6215ef8a.htm,Fair,112,22000,697806.0,1535.17,1012000.0
DW-003633,Kia,Sonet,2021,800000.0,Manual,114000.0,Diesel,Lucknow,6,19000.0,7.02,-8.3,https://www.cardekho.com/used-car-details/used-Kia-sonet-hte-diesel-bsvi-cars-Lucknow_0446688c-9949-42a1-9397-25ed3816cd69.htm?adId=30396&adType=41,Fair,49,22000,626780.0,1378.92,800000.0
DW-005200,Maruti Suzuki,Ciaz,2016,565000.0,Manual,95000.0,Diesel,Nagpur,11,8636.0,5.95,6.0,https://www.cardekho.com/used-car-details/used-Maruti-ciaz-zdi-shvs-cars-Nagpur_ba85b924-4372-46ef-8925-05eb068adfee.htm,Fair,60,22000,457271.0,1006.0,565000.0
DW-008458,Honda,Amaze,2019,400000.0,Manual,150000.0,Diesel,Dehradun,8,18750.0,2.67,-11.1,https://www.cardekho.com/used-car-details/used-Honda-amaze-e-diesel-bsiv-cars-Dehradun_54eef80a-fcf0-41ad-bf38-76f77fb8e6bb.htm,Fair,62,22000,308796.0,679.35,400000.0
DW-007738,BMW,M2,2026,10700000.0,Automatic,5800.0,Petrol,Gurgaon,1,5800.0,1844.83,0.0,https://www.cardekho.com/used-car-details/used-Bmw-m2-coupe-cars-Gurgaon_bfefd60e-fd01-4306-a391-73ced6715304.htm?adId=34676&adType=1,Excellent,14,3000,8417362.0,18518.2,10700000.0
DW-005834,Kia,Seltos,2024,1811000.0,Automatic,38569.0,Diesel,Vadodara,3,12856.0,46.95,64.6,https://www.cardekho.com/used-car-details/used-Kia-seltos-x-line-s-diesel-at-cars-Vadodara_01fe96da-34a8-4d2b-9c1a-ba6c8c5387d5.htm,Good,83,9000,1428961.0,3143.71,1811000.0
DW-004573,Renault,Duster,2017,785000.0,Manual,25620.0,Diesel,Coimbatore,10,2562.0,30.64,101.3,https://www.cardekho.com/used-car-details/used-Renault-duster-110ps-diesel-rxz-cars-Coimbatore_69193257-c2be-4495-b3c8-100bf2c9ebfe.htm,Fair,73,22000,569100.0,1252.02,785000.0
DW-008362,Hyundai,i20,2019,540000.0,Manual,68105.0,Petrol,Dehradun,8,8513.0,7.93,15.9,https://www.cardekho.com/used-car-details/used-Hyundai-i20-sportz-plus-bsiv-cars-Dehradun_977a0698-a390-4be8-9b1c-53c92cc0b652.htm,Good,65,9000,424038.0,932.88,540000.0
DW-001455,Audi,Q2,2021,2200000.0,Automatic,21000.0,Petrol,Bangalore,6,3500.0,104.76,10.7,https://www.cardekho.com/used-car-details/used-Audi-q2-premium-cars-Bangalore_5d100171-1d9c-4b20-8372-48774e87a82e.htm?adId=30640&adType=41,Good,29,9000,1785230.0,3927.51,2200000.0
DW-005630,Mahindra,Xylo,2012,275000.0,Manual,70000.0,Diesel,Bhopal,15,4667.0,3.93,4.8,https://www.cardekho.com/used-car-details/used-Mahindra-xylo-d2-bsiv-cars-Bhopal_d78de1e4-ef15-44c2-ace0-e5519f0c4d5a.htm,Fair,53,22000,211677.0,465.69,275000.0
DW-009453,Renault,Kiger,2023,706000.0,Manual,11818.0,Petrol,Bangalore,4,2954.0,59.74,32.7,https://www.cardekho.com/used-car-details/used-Renault-kiger-rxz-cars-Bangalore_f45f1455-2a81-4d45-be04-a90d204880ea.htm,Excellent,46,3000,543352.0,1195.37,706000.0
DW-007965,Kia,Carens,2023,1350000.0,Automatic,35000.0,Petrol,Noida,4,8750.0,38.57,17.5,https://www.cardekho.com/used-car-details/used-Kia-carens-prestige-plus-dct-bsvi-cars-Noida_4352d7b0-92e8-4732-9f85-50c475899dc0.htm,Excellent,48,3000,954414.0,2099.71,1350000.0
DW-008253,Renault,KWID,2018,282174.0,Manual,35064.0,Petrol,Ghaziabad,9,3896.0,8.05,8.5,https://www.cardekho.com/used-car-details/used-Renault-kwid-10-rxt-optional-cars-Ghaziabad_72a7644e-02aa-494e-ba5a-2b6955fec9b5.htm,Fair,33,22000,200742.0,441.63,282174.0
DW-003861,Tata,Hexa,2017,535291.0,Manual,64716.0,Diesel,Chandigarh,10,6472.0,8.27,-23.5,https://www.cardekho.com/used-car-details/used-Tata-hexa-safari-edition-cars-Chandigarh_649bd12a-c214-40b0-b415-d2efa659046a.htm,Fair,22,22000,362261.0,796.97,535291.0
DW-002111,Mercedes-Benz,S-Class,2021,10800000.0,Automatic,39000.0,Diesel,Chennai,6,6500.0,276.92,200.0,https://www.cardekho.com/used-car-details/used-Mercedes-benz-s-class-s-350-d-cars-Chennai_45df9bab-2f76-4526-be27-869820c7097a.htm,Good,78,9000,7947519.0,17484.54,10800000.0
DW-009919,Kia,Sonet,2021,1050000.0,Manual,60000.0,Petrol,Greater Noida,6,10000.0,17.5,20.3,https://www.cardekho.com/used-car-details/used-Kia-sonet-htx-turbo-imt-bsvi-cars-Greater-Noida_817fec9d-2014-4fa6-9628-c1275e25f5a2.htm?adId=31935&adType=41,Good,50,9000,777783.0,1711.12,1050000.0
DW-001598,Mahindra,XUV 3XO,2024,1000000.0,Manual,5700.0,Petrol,Hyderabad,3,1900.0,175.44,-4.8,https://www.cardekho.com/used-car-details/used-Mahindra-xuv-3xo-mx3-cars-Hyderabad_4a6f5e87-d07a-4c39-80b0-2c5d89b97250.htm?adId=29126&adType=41,Excellent,17,3000,806654.0,1774.64,1000000.0
DW-003356,Volkswagen,Polo,2021,499999.0,Manual,66000.0,Petrol,Jaipur,6,11000.0,7.58,26.6,https://www.cardekho.com/used-car-details/used-Volkswagen-polo-10-mpi-trendline-cars-Jaipur_d9197d2e-e5d9-44ba-ab40-99d1c121ba1f.htm,Good,67,9000,354785.0,780.53,499999.0
DW-009416,Honda,Amaze,2015,400000.0,Manual,60572.0,Petrol,Bangalore,12,5048.0,6.6,-11.1,https://www.cardekho.com/used-car-details/used-Honda-amaze-vx-petrol-cars-Bangalore_ec3f60e2-37ab-40b8-9f9e-f17cb8d07fa7.htm,Fair,34,22000,267945.0,589.48,400000.0
DW-009356,Maruti Suzuki,Brezza,2024,1077980.0,Manual,14554.0,Petrol,Bangalore,3,4851.0,74.07,20.1,https://www.cardekho.com/used-car-details/used-Maruti-brezza-zxi-cars-Bangalore_8bd5b123-f1a8-4a5f-9f6c-4b72b1cf6ad5.htm,Excellent,46,3000,758857.0,1669.49,1077980.0
DW-007677,Volkswagen,Virtus,2023,1395000.0,Automatic,27196.0,Petrol,Gurgaon,4,6799.0,51.29,17.1,https://www.cardekho.com/used-car-details/used-Volkswagen-virtus-gt-plus-dsg-cars-Gurgaon_d2521a33-998f-4c0b-9f5b-bc3fb84471d5.htm,Excellent,48,3000,1156225.0,2543.7,1395000.0
DW-000638,Volkswagen,Polo,2019,595000.0,Automatic,77000.0,Petrol,New Delhi,8,9625.0,7.73,50.6,https://www.cardekho.com/used-car-details/used-Volkswagen-polo-gt-tsi-cars-New-Delhi_7e4708a8-fb9b-463a-82e7-532b00bbdb87.htm,Good,84,9000,469395.0,1032.67,595000.0
DW-001072,BMW,X6,2013,950000.0,Automatic,135000.0,Diesel,Thane,14,9643.0,7.04,-34.5,https://www.cardekho.com/used-car-details/used-Bmw-x6-xdrive-40d-cars-Thane_5f437828-0dc0-41fe-b999-3a82ea861478.htm?adId=33783&adType=41,Fair,47,22000,648692.0,1427.12,950000.0
DW-003317,Honda,WR-V,2018,480000.0,Manual,88000.0,Diesel,Jaipur,9,9778.0,5.45,-15.3,https://www.cardekho.com/used-car-details/used-Honda-wr-v-i-dtec-s-cars-Jaipur_045d83a7-054d-4250-bb5a-50e744184872.htm,Fair,34,22000,316037.0,695.28,480000.0
DW-006107,BMW,5 Series,2024,6800000.0,Automatic,21000.0,Petrol,New Delhi,3,7000.0,323.81,169.3,https://www.cardekho.com/used-car-details/used-Bmw-5-series-530li-cars-New-Delhi_1733f57f-8292-488c-864d-ecf29e61214d.htm?adId=34265&adType=41,Excellent,72,3000,5326848.0,11719.07,6800000.0
DW-001191,Volvo,EC40,2024,4800000.0,Automatic,20000.0,Electric,Mumbai,3,6667.0,240.0,0.0,https://www.cardekho.com/used-car-details/used-Volvo-ec40-e80-cars-Mumbai_9eb53e46-5000-49d6-8d52-c34130000950.htm,Excellent,19,3000,3560425.0,7832.94,4800000.0
DW-002524,Jeep,Compass,2021,1400000.0,Manual,38936.0,Diesel,Pune,6,6489.0,35.96,43.6,https://www.cardekho.com/used-car-details/used-Jeep-compass-20-model-s-opt-cars-Pune_3d010505-73b9-47ee-b1b9-1fd498cb8e73.htm,Good,75,9000,1096313.0,2411.89,1400000.0
DW-005118,Audi,A6,2017,1491000.0,Automatic,99500.0,Diesel,Surat,10,9950.0,14.98,-5.3,https://www.cardekho.com/used-car-details/used-Audi-a6-35-tdi-cars-Surat_a839bc5b-2dd9-4648-afd0-8ed71315a883.htm,Fair,53,22000,1118899.0,2461.58,1491000.0
DW-009285,Volkswagen,Polo,2012,350000.0,Manual,80000.0,Diesel,Pali,15,5333.0,4.38,-11.4,https://www.cardekho.com/used-car-details/used-Volkswagen-polo-ipl-ii-12-diesel-highline-cars-Pali_f775150d-d3b8-4117-84b3-88b15eadaee1.htm,Fair,37,22000,271474.0,597.24,350000.0
DW-002250,Hyundai,Aura,2023,581000.0,Manual,96378.0,Petrol,Pune,4,24094.0,6.03,0.4,https://www.cardekho.com/used-car-details/used-Hyundai-aura-sx-cars-Pune_9c83fb7d-8145-4e0e-99c0-e407ed471460.htm,Poor,61,45000,386783.0,850.92,581000.0
DW-000150,Hyundai,Creta,2023,1590000.0,Automatic,15500.0,Petrol,Mumbai,4,3875.0,102.58,87.1,https://www.cardekho.com/used-cars+in+mumbai?pageNo=1,Excellent,56,3000,1271976.0,2798.35,1590000.0
DW-005803,Mahindra,Scorpio N,2024,1170000.0,Manual,20000.0,Petrol,Vadodara,3,6667.0,58.5,-36.7,https://www.cardekho.com/used-car-details/used-Mahindra-scorpio-n-z4-cars-Vadodara_276fe105-04f9-4fe7-9616-11543e203b88.htm,Excellent,3,3000,825487.0,1816.07,1170000.0
DW-009536,Maruti Suzuki,Wagon R,2022,510506.0,Manual,28476.0,Petrol,Greater Noida,5,5695.0,17.93,45.4,https://www.cardekho.com/used-car-details/used-Maruti-wagon-r-zxi-12-cars-Greater-Noida_75723a52-db06-4ef6-8e9c-7014a2e62677.htm,Good,67,9000,421550.0,927.41,510506.0
DW-008671,Renault,Duster,2016,500000.0,Manual,122000.0,Diesel,Shimoga,11,11091.0,4.1,28.2,https://www.cardekho.com/used-car-details/used-Renault-duster-adventure-edition-85ps-rxl-cars-Shimoga_aa1b3892-94a3-49c7-be35-69980e01143d.htm,Fair,87,22000,401557.0,883.43,500000.0
DW-003953,Volkswagen,Polo,2017,415000.0,Manual,86000.0,Petrol,Chandigarh,10,8600.0,4.83,5.1,https://www.cardekho.com/used-car-details/used-Volkswagen-polo-12-mpi-comfortline-cars-Chandigarh_05270a08-51b5-4685-bd68-a66875482221.htm?adId=30465&adType=41,Fair,55,22000,314507.0,691.92,415000.0
DW-006426,Hyundai,Creta,2016,725000.0,Manual,100000.0,Petrol,Nashik,11,9091.0,7.25,-14.7,https://www.cardekho.com/used-car-details/used-Hyundai-creta-16-vtvt-sx-plus-cars-Nashik_87186ef0-86d0-4922-ae5d-c1aec02c87a0.htm?adId=33791&adType=41,Fair,35,22000,536092.0,1179.4,725000.0
DW-010343,Hyundai,Creta,2018,696291.0,Automatic,72415.0,Petrol,Mumbai,9,8046.0,9.62,-18.1,https://www.cardekho.com/used-car-details/used-Hyundai-creta-sx-premium-ivt-dt-cars-Mumbai_840cac4d-78af-4d11-9a2e-e02a8c59992b.htm,Fair,29,22000,488381.0,1074.44,696291.0
DW-008769,Tata,Safari,2024,2200000.0,Manual,50000.0,Diesel,East Godavari,3,16667.0,44.0,46.7,https://www.cardekho.com/used-car-details/used-Tata-safari-accomplished-dark-cars-East-Godavari_e8db4350-26e7-46e8-8e4e-d1bd2f9e6cfb.htm,Fair,84,22000,1786130.0,3929.49,2200000.0
DW-008674,Skoda,Kylaq,2026,985000.0,Automatic,10000.0,Petrol,Mangalore,1,10000.0,98.5,-6.2,https://www.cardekho.com/used-car-details/used-Skoda-kylaq-classic-plus-at-cars-Mangalore_712ed225-ce87-44e2-a2b6-e82c662d8381.htm,Good,19,9000,789296.0,1736.45,985000.0
DW-003615,Toyota,Glanza,2023,633000.0,Automatic,44657.0,Petrol,Lucknow,4,11164.0,14.17,-1.1,https://www.cardekho.com/used-car-details/used-Toyota-glanza-g-amt-bsvi-cars-Lucknow_aaa1cdbd-4339-48b5-ad35-a84bd81256ef.htm,Good,33,9000,455175.0,1001.39,633000.0
DW-000802,Nissan,Magnite,2024,790000.0,Automatic,32000.0,Petrol,New Delhi,3,10667.0,24.69,43.6,https://www.cardekho.com/used-car-details/used-Nissan-magnite-turbo-cvt-xv-cars-New-Delhi_ac9da96b-972d-45e1-8187-99c4038e5c2f.htm,Good,60,9000,597469.0,1314.43,790000.0
DW-005327,Renault,Kiger,2023,530000.0,Manual,70000.0,Petrol,Nagpur,4,17500.0,7.57,-0.4,https://www.cardekho.com/used-car-details/used-Renault-kiger-rxz-cars-Nagpur_c438070a-a85c-482f-af33-707d8b2ded4b.htm,Fair,40,22000,385793.0,848.74,530000.0
DW-005517,Honda,WR-V,2020,620636.0,Manual,85332.0,Diesel,Patna,7,12190.0,7.27,9.6,https://www.cardekho.com/used-car-details/used-Honda-wr-v-vx-diesel-cars-Patna_5066753c-7672-4496-b023-fde2126deeda.htm,Good,44,9000,502380.0,1105.24,620636.0
DW-006153,Nissan,Terrano,2013,360000.0,Manual,100000.0,Petrol,Batala,14,7143.0,3.6,-2.0,https://www.cardekho.com/used-car-details/used-Nissan-terrano-xl-cars-Batala_b740c0ac-7c07-4cbd-baf6-3bf0e2b7ccaa.htm,Fair,55,22000,266928.0,587.24,360000.0
DW-000743,Mercedes-Benz,C-Class,2019,2590000.0,Automatic,41000.0,Petrol,New Delhi,8,5125.0,63.17,23.9,https://www.cardekho.com/used-car-details/used-Mercedes-benz-c-class-progressive-c-200-cars-New-Delhi_1304e6a8-5e5e-4ca9-9a6e-17155a04197c.htm,Good,56,9000,2053871.0,4518.52,2590000.0
DW-001348,Volkswagen,Polo,2018,865000.0,Automatic,63000.0,Petrol,Bangalore,9,7000.0,13.73,119.0,https://www.cardekho.com/used-car-details/used-Volkswagen-polo-gt-tsi-cars-Bangalore_1a11c0d4-a9b9-4d17-9450-217c76367e10.htm?adId=34761&adType=41,Fair,79,22000,667815.0,1469.19,865000.0
DW-004029,BMW,X7,2020,6500000.0,Automatic,48000.0,Petrol,Chandigarh,7,6857.0,135.42,-18.2,https://www.cardekho.com/used-car-details/used-Bmw-x7-xdrive-40i-m-sport-cars-Chandigarh_b82b1dc2-2e94-4821-9d73-92358d11515e.htm,Good,16,9000,4804708.0,10570.36,6500000.0
DW-005737,Volkswagen,Taigun,2021,824498.0,Manual,134823.0,Petrol,Vadodara,6,22470.0,6.12,-25.0,https://www.cardekho.com/used-car-details/used-Volkswagen-taigun-15-tsi-gt-plus-bsvi-cars-Vadodara_6c22e826-e67d-470a-8ac0-3263d0384526.htm,Poor,42,45000,578120.0,1271.86,824498.0
DW-002305,Toyota,Hyryder,2025,1850000.0,Automatic,18751.0,Petrol,Pune,2,9376.0,98.66,25.9,https://www.cardekho.com/used-car-details/used-Toyota-hyryder-g-hybrid-cars-Pune_f9117157-8bbe-4779-b323-cf319a7b1851.htm,Good,37,9000,1298671.0,2857.08,1850000.0
DW-004673,Hyundai,Verna,2015,535000.0,Manual,76000.0,Diesel,Indore,12,6333.0,7.04,-18.8,https://www.cardekho.com/used-car-details/used-Hyundai-verna-16-crdi-sx-cars-Indore_a7b77c06-0f0b-4744-b627-8996833ddebd.htm,Fair,31,22000,415652.0,914.43,535000.0
DW-006954,Kia,Seltos,2019,1200000.0,Manual,28200.0,Petrol,Varanasi,8,3525.0,42.55,9.1,https://www.cardekho.com/used-car-details/used-Kia-seltos-gtx-cars-Varanasi_1cc93a08-c490-4bff-a433-18803ba398ec.htm?adId=33712&adType=41,Good,21,9000,908940.0,1999.67,1200000.0
DW-005621,Tata,Hexa,2018,650000.0,Manual,100000.0,Diesel,Bhopal,9,11111.0,6.5,-7.1,https://www.cardekho.com/used-car-details/used-Tata-hexa-xe-cars-Bhopal_a387e133-9be4-4f3d-85f9-0b61ee948023.htm,Fair,53,22000,475728.0,1046.6,650000.0
DW-007725,Ford,Ecosport,2016,262676.0,Manual,101487.0,Petrol,Gurgaon,11,9226.0,2.59,-43.4,https://www.cardekho.com/used-car-details/used-Ford-ecosport-10-ecoboost-trend-plus-be-bsiv-cars-Gurgaon_18c11ada-44ac-455b-9a98-0c944fc6b6b2.htm,Fair,36,22000,171541.0,377.39,262676.0
DW-007634,Honda,Jazz,2016,260655.0,Manual,55260.0,Petrol,Gurgaon,11,5024.0,4.72,-38.7,https://www.cardekho.com/used-car-details/used-Honda-jazz-12-sv-i-vtec-cars-Gurgaon_5153ad47-89d9-4e02-9736-73940beaedd3.htm,Fair,12,22000,168647.0,371.02,260655.0
DW-008351,Maruti Suzuki,S Cross,2018,600000.0,Manual,140000.0,Diesel,Dehradun,9,15556.0,4.29,-7.7,https://www.cardekho.com/used-car-details/used-Maruti-s-cross-zeta-ddis-200-sh-cars-Dehradun_9f55a802-29c8-4f13-bd38-0bff231bc688.htm?adId=33721&adType=41,Fair,50,22000,450904.0,991.99,600000.0
DW-009881,Honda,Amaze,2014,235000.0,Manual,82000.0,Petrol,New Delhi,13,6308.0,2.87,-47.8,https://www.cardekho.com/used-car-details/used-Honda-amaze-s-i-vtech-cars-New-Delhi_dfe30cc2-1cea-4a45-ab84-43e36ca10fed.htm,Fair,18,22000,150697.0,331.53,235000.0
DW-000800,Nissan,Magnite,2022,360202.0,Manual,68617.0,Petrol,Greater Noida,5,13723.0,5.25,-34.5,https://www.cardekho.com/used-car-details/used-Nissan-magnite-xe-bsvi-cars-Greater-Noida_cc17f3e0-8c58-46bf-82ad-0d21332925b5.htm,Good,26,9000,246611.0,542.54,360202.0
DW-009922,Kia,Sonet,2025,1200000.0,Automatic,29000.0,Petrol,New Delhi,2,14500.0,41.38,37.5,https://www.cardekho.com/used-car-details/used-Kia-sonet-gtx-plus-turbo-dct-cars-New-Delhi_ea1262c0-020b-4b0f-a664-380eb2d3d9bd.htm?adId=30662&adType=41,Good,40,9000,969151.0,2132.13,1200000.0
DW-009964,Volkswagen,Vento,2015,270000.0,Automatic,95000.0,Petrol,New Delhi,12,7917.0,2.84,-34.9,https://www.cardekho.com/used-car-details/used-Volkswagen-vento-12-tsi-comfortline-at-cars-New-Delhi_d0ead267-c8de-4a65-a981-fec123f765c5.htm,Fair,27,22000,182247.0,400.94,270000.0
DW-008185,Toyota,Hyryder,2024,1347252.0,Automatic,19371.0,Petrol,Ghaziabad,3,6457.0,69.55,-8.3,https://www.cardekho.com/used-car-details/used-Toyota-hyryder-g-at-cars-Ghaziabad_92e03fa9-e52d-4b7a-b7e1-d534343288fd.htm,Excellent,9,3000,1016917.0,2237.22,1347252.0
DW-007212,Toyota,Etios,2013,270000.0,Manual,200000.0,Diesel,Aurangabad,14,14286.0,1.35,-4.3,https://www.cardekho.com/used-car-details/used-Toyota-etios-gd-cars-Aurangabad_282e5854-f9a4-466b-baac-dadecd8bb3d4.htm,Fair,96,22000,184468.0,405.83,270000.0
DW-001211,Maruti Suzuki,Ciaz,2022,788000.0,Manual,36653.0,Petrol,Bangalore,5,7331.0,21.5,47.8,https://www.cardekho.com/used-car-details/used-Maruti-ciaz-14-zeta-cars-Bangalore_e1e5c869-0e92-4b7b-9d87-d63ce2992737.htm,Good,64,9000,638938.0,1405.66,788000.0
DW-001435,Mercedes-Benz,GLE,2024,8975000.0,Automatic,45000.0,Petrol,Bangalore,3,15000.0,199.44,64.7,https://www.cardekho.com/used-car-details/used-Mercedes-benz-gle-450-4matic-cars-Bangalore_6cee366f-e1ec-4633-97a5-f89b31d9753e.htm?adId=34361&adType=41,Fair,83,22000,6692427.0,14723.34,8975000.0
DW-004773,Volkswagen,Polo,2015,395000.0,Manual,66200.0,Diesel,Indore,12,5517.0,5.97,0.0,https://www.cardekho.com/used-car-details/used-Volkswagen-polo-15-tdi-comfortline-cars-Indore_d02661f4-c73e-46cd-9d3f-4c63b3eaba2e.htm,Fair,45,22000,299414.0,658.71,395000.0
DW-007309,Ford,Figo,2015,295000.0,Manual,77547.0,Diesel,Pune,12,6462.0,3.8,18.0,https://www.cardekho.com/used-car-details/used-Ford-figo-diesel-titanium-cars-Pune_b47ba987-2077-4d81-acc9-ae29804adef0.htm,Fair,71,22000,226075.0,497.36,295000.0
DW-009223,Mahindra,XUV500,2012,400000.0,Manual,140000.0,Diesel,Jodhpur,15,9333.0,2.86,-40.7,https://www.cardekho.com/used-car-details/used-Mahindra-xuv500-w6-2wd-cars-Jodhpur_7268bec9-bfb5-4ad1-a553-1e4a7dc7873e.htm,Fair,46,22000,297652.0,654.83,400000.0
DW-009267,Honda,Amaze,2016,325000.0,Manual,85000.0,Petrol,Jodhpur,11,7727.0,3.82,-27.8,https://www.cardekho.com/used-car-details/used-Honda-amaze-s-i-vtech-cars-Jodhpur_909478bf-ade1-4fa1-b6e5-6eb1f07760ec.htm,Fair,29,22000,226544.0,498.4,325000.0
DW-005422,Maruti Suzuki,Vitara Brezza,2021,669630.0,Manual,64331.0,Petrol,Patna,6,10722.0,10.41,2.0,https://www.cardekho.com/used-car-details/used-Maruti-vitara-brezza-vxi-cars-Patna_f78306bb-0d9c-4fe6-9ecc-5a2df3c54914.htm,Good,33,9000,534852.0,1176.67,669630.0
DW-004195,Tata,Nexon,2021,552480.0,Manual,82240.0,Petrol,Kochi,6,13707.0,6.72,-21.8,https://www.cardekho.com/used-car-details/used-Tata-nexon-xm-bsvi-cars-Kochi_913d4177-62b4-410f-b2e7-7c1617379eb4.htm,Good,38,9000,415683.0,914.5,552480.0
DW-001189,Volvo,V40,2015,675000.0,Automatic,75000.0,Diesel,Mumbai,12,6250.0,9.0,-20.6,https://www.cardekho.com/used-car-details/used-Volvo-v40-d3-cars-Mumbai_e8d6f3ec-a3e7-4e5c-8dcc-738e26fecba6.htm,Fair,24,22000,492461.0,1083.41,675000.0
DW-009363,Hyundai,Grand i10,2017,477000.0,Automatic,83804.0,Petrol,Mysore,10,8380.0,5.69,31.4,https://www.cardekho.com/used-car-details/used-Hyundai-grand-i10-12-kappa-sportz-option-at-cars-Mysore_c5e870d0-3894-4a69-b476-92ee10f299d3.htm,Fair,70,22000,349484.0,768.86,477000.0
DW-004727,Toyota,Glanza,2024,750000.0,Manual,26000.0,CNG,Indore,3,8667.0,28.85,17.2,https://www.cardekho.com/used-car-details/used-Toyota-glanza-g-cng-cars-Indore_89d5dd82-9010-405e-88b7-a32a222cd4cc.htm,Excellent,39,3000,557744.0,1227.04,750000.0
DW-000587,Toyota,Innova Hycross,2024,2650000.0,Automatic,48569.0,Petrol,New Delhi,3,16190.0,54.56,-15.7,https://www.cardekho.com/used-car-details/used-Toyota-innova-hycross-vx-7str-hybrid-cars-New-Delhi_539cd242-5ab0-4f87-afc4-9489a5d04627.htm,Fair,12,22000,1874439.0,4123.77,2650000.0
DW-006850,Kia,Seltos,2020,1100000.0,Automatic,100000.0,Petrol,Rajkot,7,14286.0,11.0,0.0,https://www.cardekho.com/used-car-details/used-Kia-seltos-gtx-plus-dct-cars-Rajkot_0db3eece-e87b-4517-a809-a0c29134a3cd.htm,Good,56,9000,829451.0,1824.79,1100000.0
DW-001781,Mercedes-Benz,M-Class,2015,1800000.0,Automatic,150000.0,Diesel,Hyderabad,12,12500.0,12.0,28.6,https://www.cardekho.com/used-car-details/used-Mercedes-benz-m-class-ml-250-cdi-cars-Hyderabad_2c05214b-c0af-4ec1-8ca3-772b2563c788.htm?adId=29664&adType=41,Fair,104,22000,1271441.0,2797.17,1800000.0
DW-007525,Audi,Q5,2023,4175000.0,Automatic,38000.0,Petrol,New Delhi,4,9500.0,109.87,39.6,https://www.cardekho.com/used-car-details/used-Audi-q5-technology-bsvi-cars-New-Delhi_3afc2d07-f15d-417b-8b51-0b230b15f39c.htm,Good,64,9000,3170539.0,6975.19,4175000.0
DW-005383,MG,Astor,2022,850000.0,Manual,30000.0,Petrol,Chandrapur,5,6000.0,28.33,-4.9,https://www.cardekho.com/used-car-details/used-Mg-astor-style-ex-bsvi-cars-Chandrapur_5117e013-4004-4712-969c-bcf57b8d924a.htm?adId=31692&adType=41,Good,14,9000,657009.0,1445.42,850000.0
DW-007656,Kia,Seltos,2023,1192557.0,Automatic,34235.0,Petrol,Gurgaon,4,8559.0,34.83,8.4,https://www.cardekho.com/used-car-details/used-Kia-seltos-gtx-plus-turbo-dct-cars-Gurgaon_aa0ac90c-3088-49a9-b1d6-f41d3defa479.htm,Excellent,35,3000,998279.0,2196.21,1192557.0
DW-005901,BMW,6 Series,2023,5550000.0,Automatic,50000.0,Petrol,Vadodara,4,12500.0,111.0,53.1,https://www.cardekho.com/used-car-details/used-Bmw-6-series-gt-630i-m-sport-cars-Vadodara_b6d4d3f2-5fcc-41b4-a5ab-bd298147c47c.htm,Good,82,9000,3906155.0,8593.54,5550000.0
DW-003942,Kia,Seltos,2020,994460.0,Automatic,55803.0,Petrol,Chandigarh,7,7972.0,17.82,-9.6,https://www.cardekho.com/used-car-details/used-Kia-seltos-gtx-plus-dct-cars-Chandigarh_458334ab-d476-4906-b61c-44a24b23a67d.htm,Good,18,9000,779824.0,1715.61,994460.0
DW-008852,Hyundai,Alcazar,2022,1000000.0,Manual,87000.0,Petrol,Guwahati,5,17400.0,11.49,-33.5,https://www.cardekho.com/used-car-details/used-Hyundai-alcazar-platinum-7-seater-cars-Guwahati_10498eaa-1ad6-4e7e-895d-007edb362ab7.htm,Fair,19,22000,746660.0,1642.65,1000000.0
DW-000024,Maruti Suzuki,Suzuki Dzire,2018,405000.0,Manual,41042.0,Petrol,Delhi,9,4560.0,9.87,-24.2,https://www.cardekho.com/used-cars+in+delhi?pageNo=3,Fair,17,22000,262731.0,578.01,405000.0
DW-001524,Volvo,XC60,2019,2775000.0,Automatic,111000.0,Diesel,Bangalore,8,13875.0,25.0,-18.3,https://www.cardekho.com/used-car-details/used-Volvo-xc60-inscription-d5-bsiv-cars-Bangalore_5ae13140-e695-47be-9f6f-473b7fc6dacf.htm,Good,46,9000,2037374.0,4482.22,2775000.0
DW-010156,Mercedes-Benz,C-Class,2026,5555555.0,Automatic,12000.0,Petrol,New Delhi,1,12000.0,462.96,165.8,https://www.cardekho.com/used-car-details/used-Mercedes-benz-c-class-c-200-cars-New-Delhi_728d624b-037f-438d-ab48-13b9e3a4bb52.htm,Good,70,9000,3978626.0,8752.98,5555555.0
DW-006798,Mahindra,XEV 9e,2025,3200000.0,Automatic,10000.0,Electric,Rajkot,2,5000.0,320.0,16.4,https://www.cardekho.com/used-car-details/used-Mahindra-xev-9e-pack-three-cars-Rajkot_d2a734a3-402e-453d-bf95-d4c01a12072c.htm,Excellent,43,3000,2341061.0,5150.33,3200000.0
DW-007253,Kia,Seltos,2024,1800000.0,Automatic,30000.0,Petrol,Buldhana,3,10000.0,60.0,63.6,https://www.cardekho.com/used-car-details/used-Kia-seltos-x-line-turbo-dct-cars-Buldhana_e2413f7f-62e7-46a5-b504-07c7b77f13dd.htm,Good,78,9000,1325134.0,2915.29,1800000.0
DW-003080,Ford,Endeavour,2021,2500000.0,Automatic,88000.0,Diesel,Ahmedabad,6,14667.0,28.41,25.0,https://www.cardekho.com/used-car-details/used-Ford-endeavour-titanium-plus-4x2-at-cars-Ahmedabad_c6fe463b-7252-4ca6-8924-06bdc966831f.htm,Good,74,9000,1891490.0,4161.28,2500000.0
DW-000790,Nissan,Magnite,2022,450000.0,Manual,21000.0,Petrol,Faridabad,5,4200.0,21.43,-18.2,https://www.cardekho.com/used-car-details/used-Nissan-magnite-xv-bsvi-cars-Faridabad_0a6ccd27-e127-44ac-9c52-0173dfc4dd17.htm?adId=34931&adType=41,Good,25,9000,341710.0,751.76,450000.0
DW-008560,Maruti Suzuki,Alto 800,2021,350000.0,Manual,29000.0,Petrol,Mangalore,6,4833.0,12.07,40.0,https://www.cardekho.com/used-car-details/used-Maruti-alto-800-vxi-bsvi-cars-Mangalore_9d8a88b6-a71b-4d3b-9071-95dc56f32fbc.htm,Good,57,9000,236052.0,519.31,350000.0
DW-003078,Ford,Aspire,2018,375000.0,Manual,67000.0,Diesel,Ahmedabad,9,7444.0,5.6,4.2,https://www.cardekho.com/used-car-details/used-Ford-aspire-15-tdci-titanium-cars-Ahmedabad_a3c5e8c6-d51a-4bc3-b045-3da104717b62.htm,Fair,40,22000,249605.0,549.13,375000.0
DW-005831,Honda,Amaze,2016,421000.0,Manual,92000.0,Diesel,Vadodara,11,8364.0,4.58,-6.4,https://www.cardekho.com/used-car-details/used-Honda-amaze-s-i-dtec-cars-Vadodara_6c3dedc8-17f4-421e-b367-480e919ca206.htm,Fair,49,22000,278609.0,612.94,421000.0
DW-002523,Jeep,Compass,2022,1436377.0,Automatic,79484.0,Diesel,Pune,5,15897.0,18.07,47.3,https://www.cardekho.com/used-car-details/used-Jeep-compass-20-model-s-opt-4x4-at-cars-Pune_ec79fde3-1319-4ed4-bc26-088f5aef9fde.htm,Fair,87,22000,1101895.0,2424.17,1436377.0
DW-008198,Toyota,Etios,2012,195500.0,Manual,71000.0,Petrol,Ghaziabad,15,4733.0,2.75,-30.7,https://www.cardekho.com/used-car-details/used-Toyota-etios-petrol-trd-sportivo-cars-Ghaziabad_0b1f0835-51e3-467b-a5d5-fd0c252112b3.htm,Fair,16,22000,124500.0,273.9,195500.0
DW-004429,Nissan,Sunny,2012,380000.0,Manual,136374.0,Diesel,Coimbatore,15,9092.0,2.79,38.2,https://www.cardekho.com/used-car-details/used-Nissan-sunny-diesel-xv-cars-Coimbatore_e862b890-ef3f-4ae3-8da1-8fc71fb15ef0.htm,Fair,94,22000,275259.0,605.57,380000.0
DW-010462,Tata,Harrier,2021,1343037.0,Automatic,84530.0,Diesel,Navi Mumbai,6,14088.0,15.89,5.8,https://www.cardekho.com/used-car-details/used-Tata-harrier-xza-plus-at-bsvi-cars-Navi-Mumbai_99383048-a4e3-4e42-bbdc-85eb86d40605.htm,Good,67,9000,975813.0,2146.79,1343037.0
DW-010249,Maruti Suzuki,Wagon R,2018,385000.0,Automatic,50300.0,Petrol,Mumbai,9,5589.0,7.65,9.6,https://www.cardekho.com/used-car-details/used-Maruti-wagon-r-amt-vxi-plus-cars-Mumbai_eca2fe3c-db5b-4e10-869a-ad8e8a98791b.htm,Fair,45,22000,248899.0,547.58,385000.0
DW-005502,Honda,Amaze,2024,712752.0,Manual,28072.0,Petrol,Patna,3,9357.0,25.39,58.4,https://www.cardekho.com/used-car-details/used-Honda-amaze-vx-cars-Patna_0e1d7a45-c886-435d-bf2a-e9f3376ecea8.htm,Good,69,9000,590571.0,1299.26,712752.0
DW-006625,Ford,Ecosport,2015,531000.0,Manual,79000.0,Diesel,Nashik,12,6583.0,6.72,14.4,https://www.cardekho.com/used-car-details/used-Ford-ecosport-15-dv5-mt-titanium-cars-Nashik_d709b0cd-d180-4dc8-b829-61c7ef776b41.htm,Fair,64,22000,358327.0,788.32,531000.0
DW-006330,Skoda,Kushaq,2023,1000000.0,Manual,12000.0,Petrol,Alwar,4,3000.0,83.33,-2.3,https://www.cardekho.com/used-car-details/used-Skoda-kushaq-10-tsi-ambition-cars-Alwar_2a0eea8c-544f-407c-8ec9-c852dd6b9bad.htm,Excellent,17,3000,716029.0,1575.26,1000000.0
DW-008355,Kia,Carens,2024,1095000.0,Manual,19400.0,Petrol,Dehradun,3,6467.0,56.44,-4.7,https://www.cardekho.com/used-car-details/used-Kia-carens-premium-opt-cars-Dehradun_e75debde-87e3-4a34-82f4-dbab464624de.htm?adId=33291&adType=41,Excellent,17,3000,787570.0,1732.65,1095000.0
DW-006667,Mercedes-Benz,E-Class,2021,4275000.0,Automatic,30000.0,Petrol,Mumbai,6,5000.0,142.5,40.1,https://www.cardekho.com/used-car-details/used-Mercedes-benz-e-class-exclusive-e-200-cars-Mumbai_0b6c3453-2c5c-4fb7-91c0-cf4edae7e6bc.htm,Good,62,9000,3612744.0,7948.04,4275000.0
DW-000606,Honda,Amaze 2nd Gen,2021,540000.0,Manual,64000.0,Petrol,New Delhi,6,10667.0,8.44,-7.5,https://www.cardekho.com/used-car-details/used-Honda-amaze-2nd-gen-vx-bsvi-cars-New-Delhi_250dc7de-5547-4960-845c-be1644daf5e7.htm,Good,27,9000,419030.0,921.87,540000.0
DW-007771,Audi,Q5,2019,2390000.0,Automatic,49000.0,Petrol,Gurgaon,8,6125.0,48.78,-20.1,https://www.cardekho.com/used-car-details/used-Audi-q5-technology-20-tfsi-cars-Gurgaon_5360e890-21ed-4c8c-986a-5fe2902c0849.htm,Good,21,9000,1882789.0,4142.14,2390000.0
DW-009997,Renault,Duster,2021,683579.0,Automatic,49564.0,Petrol,Gurgaon,6,8261.0,13.79,75.3,https://www.cardekho.com/used-car-details/used-Renault-duster-rxz-turbo-cvt-cars-Gurgaon_c9ee9626-2b63-4b3e-9741-65fd4f056443.htm,Good,94,9000,570678.0,1255.49,683579.0
DW-000994,Volkswagen,Taigun,2022,1090000.0,Automatic,43000.0,Petrol,Mumbai,5,8600.0,25.35,-0.9,https://www.cardekho.com/used-car-details/used-Volkswagen-taigun-10-tsi-topline-at-bsvi-cars-Mumbai_8f0e7601-33a8-4a10-8d8a-f444f4e9fc6d.htm,Good,34,9000,768460.0,1690.61,1090000.0
DW-002151,MG,Astor,2022,1365000.0,Automatic,25000.0,Petrol,Chennai,5,5000.0,54.6,52.7,https://www.cardekho.com/used-car-details/used-Mg-astor-sharp-cvt-red-bsvi-cars-Chennai_4885b968-654c-4805-bbab-9a2fd18e541e.htm,Good,65,9000,1146029.0,2521.26,1365000.0
DW-008881,Hyundai,Xcent,2016,350000.0,Manual,70000.0,Diesel,Guwahati,11,6364.0,5.0,0.0,https://www.cardekho.com/used-car-details/used-Hyundai-xcent-11-crdi-base-cars-Guwahati_c1048459-67d3-47c7-8b99-4166efb458ef.htm,Fair,40,22000,233711.0,514.16,350000.0
DW-004759,Kia,Carens,2022,1150000.0,Manual,70000.0,Petrol,Indore,5,14000.0,16.43,0.1,https://www.cardekho.com/used-car-details/used-Kia-carens-luxury-turbo-2022-2023-cars-Indore_f9aebe9d-ee57-4e59-b3d4-c472d02080f3.htm,Good,41,9000,903480.0,1987.66,1150000.0
DW-003060,Skoda,Kushaq,2023,1090000.0,Automatic,24000.0,Petrol,Ahmedabad,4,6000.0,45.42,6.5,https://www.cardekho.com/used-car-details/used-Skoda-kushaq-10-tsi-style-at-cars-Ahmedabad_8b1acd53-625b-42c2-8d1a-27720031aa1f.htm,Excellent,28,3000,828684.0,1823.1,1090000.0
DW-005520,Kia,Seltos,2023,1009716.0,Automatic,97177.0,Diesel,Patna,4,24294.0,10.39,-8.2,https://www.cardekho.com/used-car-details/used-Kia-seltos-htk-plus-diesel-imt-cars-Patna_2605d94c-af4b-4f8c-82c4-990139bc0d1c.htm,Poor,45,45000,719954.0,1583.9,1009716.0
DW-003423,BMW,X5,2015,2000000.0,Automatic,82000.0,Diesel,Jaipur,12,6833.0,24.39,-37.5,https://www.cardekho.com/used-car-details/used-Bmw-x5-xdrive-30d-cars-Jaipur_2f85612e-f2b7-4c01-9cb9-6e33b134c64a.htm,Fair,29,22000,1657373.0,3646.22,2000000.0
DW-007534,Nissan,Magnite,2023,500000.0,Automatic,10000.0,Petrol,Hoshiarpur,4,2500.0,50.0,-9.1,https://www.cardekho.com/used-car-details/used-Nissan-magnite-xv-premium-amt-cars-Hoshiarpur_545c68c2-5bc3-497c-a054-92425afeb5da.htm,Excellent,3,3000,358192.0,788.02,500000.0
DW-004627,Audi,Q3,2014,1090000.0,Automatic,115102.0,Diesel,Coimbatore,13,8854.0,9.47,-24.1,https://www.cardekho.com/used-car-details/used-Audi-q3-35-tdi-quattro-premium-plus-cars-Coimbatore_f076f780-55f8-4333-a628-8620cf4308e4.htm,Fair,47,22000,904021.0,1988.85,1090000.0
DW-002413,Ford,Ecosport,2014,400000.0,Automatic,75000.0,Petrol,Pune,13,5769.0,5.33,-13.8,https://www.cardekho.com/used-car-details/used-Ford-ecosport-15-ti-vct-at-titanium-cars-Pune_0a565c3c-a988-4e81-9f50-6a5b7dacb7b6.htm,Fair,32,22000,280748.0,617.65,400000.0
DW-004890,Maruti Suzuki,Swift Dzire,2012,275000.0,Manual,90000.0,Diesel,Surat,15,6000.0,3.06,-30.0,https://www.cardekho.com/used-car-details/used-Maruti-swift-dzire-vdi-cars-Surat_16ac2178-0411-48a1-96a2-1e54991f86e1.htm?adId=29479&adType=41,Fair,29,22000,197262.0,433.98,275000.0
DW-008487,Renault,KWID,2017,200000.0,Manual,36000.0,Petrol,Roorkee,10,3600.0,5.56,-23.1,https://www.cardekho.com/used-car-details/used-Renault-kwid-10-rxt-cars-Roorkee_13887973-442c-4634-b9a5-7c7a4d238ac1.htm?adId=31443&adType=41,Fair,4,22000,147037.0,323.48,200000.0
DW-002856,Volvo,XC60,2025,4995000.0,Automatic,8600.0,Petrol,Kolkata,2,4300.0,580.81,47.1,https://www.cardekho.com/used-car-details/used-Volvo-xc60-b5-cars-Kolkata_18a303a6-7b86-493e-b8ed-e5e327e1ef33.htm,Excellent,64,3000,3536658.0,7780.65,4995000.0
DW-008263,Renault,KWID,2021,279000.0,Manual,111847.0,Petrol,Ghaziabad,6,18641.0,2.49,7.3,https://www.cardekho.com/used-car-details/used-Renault-kwid-10-rxt-opt-cars-Ghaziabad_5ecda84a-9036-4455-9ec4-0feada8ca81a.htm,Fair,73,22000,211922.0,466.23,279000.0
DW-008492,Skoda,Kodiaq,2022,2550000.0,Automatic,57856.0,Petrol,New Delhi,5,11571.0,44.07,6.3,https://www.cardekho.com/used-car-details/used-Skoda-kodiaq-l-k-bsvi-cars-New-Delhi_9c1d4774-bb80-4a60-90b0-2b03a79a313d.htm,Good,49,9000,1993188.0,4385.01,2550000.0
DW-001924,Hyundai,Creta,2021,1200000.0,Automatic,41000.0,Petrol,Chennai,6,6833.0,29.27,41.2,https://www.cardekho.com/used-car-details/used-Hyundai-creta-sx-opt-ivt-bsvi-cars-Chennai_337e99b3-9cff-4ad3-8454-813c1475cb0f.htm?adId=32123&adType=41,Good,55,9000,957791.0,2107.14,1200000.0
DW-007210,Toyota,Hyryder,2024,1615000.0,Automatic,84000.0,Petrol,Aurangabad,3,28000.0,19.23,9.9,https://www.cardekho.com/used-car-details/used-Toyota-hyryder-s-hybrid-cars-Aurangabad_b72bcf54-8156-4527-bb76-010803428a93.htm,Poor,61,45000,1121640.0,2467.61,1615000.0
DW-006207,Hyundai,Venue,2023,725000.0,Manual,50000.0,Petrol,Agra,4,12500.0,14.5,1.9,https://www.cardekho.com/used-car-details/used-Hyundai-venue-sx-cars-Agra_150a1340-970e-4dcf-946a-b82bff7406e2.htm,Good,39,9000,556506.0,1224.31,725000.0
DW-002493,MG,Astor,2022,850000.0,Manual,60000.0,Petrol,Pune,5,12000.0,14.17,-4.9,https://www.cardekho.com/used-car-details/used-Mg-astor-sharp-bsvi-cars-Pune_305d8c64-3ae0-4a46-beb0-468149f6edba.htm?adId=33717&adType=41,Good,25,9000,671873.0,1478.12,850000.0
DW-008135,Hyundai,Verna,2022,920000.0,Manual,60000.0,Petrol,Ghaziabad,5,12000.0,15.33,39.7,https://www.cardekho.com/used-car-details/used-Hyundai-verna-sx-cars-Ghaziabad_8b639c64-5e37-45db-bbeb-3f555ba51211.htm?adId=30691&adType=41,Good,71,9000,697962.0,1535.52,920000.0
DW-001254,Tata,Nexon,2022,850000.0,Manual,45000.0,Petrol,Bangalore,5,9000.0,18.89,20.3,https://www.cardekho.com/used-car-details/used-Tata-nexon-xz-plus-o-dark-edition-bsvi-cars-Bangalore_e1b91f9e-d838-44ce-a149-f1d09c5afc0d.htm?adId=34478&adType=41,Good,51,9000,605761.0,1332.67,850000.0
DW-002532,Jeep,Compass,2018,1800000.0,Manual,20000.0,Diesel,Pune,9,2222.0,90.0,84.6,https://www.cardekho.com/used-car-details/used-Jeep-compass-20-limited-option-cars-Pune_6fcdd0c9-85d9-47a3-ae6c-76738da07396.htm,Fair,74,22000,1303912.0,2868.61,1800000.0
DW-006612,Skoda,Rapid,2012,375000.0,Manual,86000.0,Diesel,Nashik,15,5733.0,4.36,-23.5,https://www.cardekho.com/used-car-details/used-Skoda-rapid-16-tdi-ambition-cars-Nashik_4d24209b-2264-4741-87dd-6d0035e5ec79.htm,Fair,32,22000,288560.0,634.83,375000.0
DW-010242,Maruti Suzuki,Wagon R,2020,475000.0,Manual,30444.0,Petrol,Thane,7,4349.0,15.6,35.2,https://www.cardekho.com/used-car-details/used-Maruti-wagon-r-zxi-12-cars-Thane_a0f88f6e-c182-4763-bb4d-d7af41d721b0.htm,Good,57,9000,325956.0,717.1,475000.0
DW-001311,Honda,Amaze,2024,1040000.0,Automatic,18090.0,Petrol,Bangalore,3,6030.0,57.49,131.1,https://www.cardekho.com/used-car-details/used-Honda-amaze-zx-cvt-cars-Bangalore_312cc6a5-8fa4-42aa-9e1c-f52b7bbbb58c.htm,Excellent,79,3000,835582.0,1838.28,1040000.0
DW-005999,Mahindra,Scorpio,2015,780000.0,Manual,141000.0,Diesel,Ludhiana,12,11750.0,5.53,-19.6,https://www.cardekho.com/used-car-details/used-Mahindra-scorpio-s6-plus-7-seater-cars-Ludhiana_3d75bc40-b607-4c46-9df1-13bdcaf53cd8.htm,Fair,63,22000,640929.0,1410.04,780000.0
DW-004803,Renault,Pulse,2012,125000.0,Manual,220000.0,Diesel,Dewas,15,14667.0,0.57,-40.5,https://www.cardekho.com/used-car-details/used-Renault-pulse-rxz-cars-Dewas_cbc00f92-8182-44a7-a729-4f107575eac8.htm,Fair,62,22000,65640.0,144.41,125000.0
DW-006693,MG,Hector,2019,1350000.0,Automatic,107000.0,Petrol,Nashik,8,13375.0,12.62,18.3,https://www.cardekho.com/used-car-details/used-Mg-hector-sharp-dct-cars-Nashik_42ad95bc-eaed-4f6d-960e-29b034a1d56a.htm,Good,71,9000,968612.0,2130.95,1350000.0
DW-005793,Tata,Hexa,2017,750000.0,Manual,60000.0,Diesel,Vadodara,10,6000.0,12.5,7.1,https://www.cardekho.com/used-car-details/used-Tata-hexa-xt-cars-Vadodara_1b990b6c-2de7-491e-b67e-7c09549948f2.htm,Fair,44,22000,578841.0,1273.45,750000.0
DW-008050,Mercedes-Benz,GLA,2023,3750000.0,Automatic,21000.0,Petrol,Noida,4,5250.0,178.57,-0.7,https://www.cardekho.com/used-car-details/used-Mercedes-benz-gla-200-bsvi-cars-Noida_d59bd6a6-db42-40e5-900d-0f08d6c7f008.htm,Excellent,12,3000,2655745.0,5842.64,3750000.0
DW-007621,Toyota,Glanza,2019,522000.0,Manual,28983.0,Petrol,Gurgaon,8,3623.0,18.01,-18.4,https://www.cardekho.com/used-car-details/used-Toyota-glanza-v-cars-Gurgaon_c7523a5c-db8a-421a-a63c-8b36560a1457.htm,Good,12,9000,402581.0,885.68,522000.0
DW-009437,Volkswagen,Polo,2013,415000.0,Manual,13766.0,Petrol,Bangalore,14,983.0,30.15,5.1,https://www.cardekho.com/used-car-details/used-Volkswagen-polo-petrol-highline-12l-cars-Bangalore_511529e8-9cae-4892-ad07-6d8a0ab8ffbd.htm,Fair,32,22000,311079.0,684.37,415000.0
DW-007819,Nissan,Terrano,2014,259317.0,Manual,60209.0,Petrol,Gurgaon,13,4631.0,4.31,-29.4,https://www.cardekho.com/buy-used-car-details/used-Nissan-terrano-xl-cars-Gurgaon_d2cd4e1d-badd-4cc4-aafe-6a757c5240ac.htm,Fair,9,22000,182399.0,401.28,259317.0
DW-006720,Tata,Harrier,2022,1575000.0,Automatic,34000.0,Diesel,Rajkot,5,6800.0,46.32,24.0,https://www.cardekho.com/used-car-details/used-Tata-harrier-xta-plus-at-bsvi-cars-Rajkot_6c0fee42-a1c4-4cc9-a1aa-4f5afe111d8e.htm?adId=23727&adType=41,Good,50,9000,1179775.0,2595.5,1575000.0
DW-009852,Toyota,Urban cruiser,2021,750000.0,Manual,93000.0,Petrol,Ghaziabad,6,15500.0,8.06,4.6,https://www.cardekho.com/used-car-details/used-Toyota-urban-cruiser-mid-cars-Ghaziabad_04022218-7a11-4e5f-b178-cf6d6e99d18d.htm,Fair,50,22000,581444.0,1279.18,750000.0
DW-000268,Honda,City,2017,505000.0,Automatic,79185.0,Petrol,Lucknow,10,7918.0,6.38,-14.4,https://www.cardekho.com/used-cars+in+lucknow?pageNo=1,Fair,31,22000,376518.0,828.34,505000.0
DW-005126,MG,Hector,2020,951000.0,Manual,72000.0,Diesel,Surat,7,10286.0,13.21,-16.7,https://www.cardekho.com/used-car-details/used-Mg-hector-sharp-diesel-mt-cars-Surat_a638f33c-27a1-4a82-96ec-305b3ff56d3c.htm,Good,39,9000,686319.0,1509.9,951000.0
DW-005295,Kia,Sonet,2023,1000000.0,Manual,40000.0,Petrol,Wardha,4,10000.0,25.0,14.6,https://www.cardekho.com/used-car-details/used-Kia-sonet-htx-turbo-imt-bsvi-cars-Wardha_8aac747d-92e5-49e2-83ea-e9f5cef99461.htm?adId=33735&adType=41,Good,39,9000,775470.0,1706.03,1000000.0
DW-004834,Mercedes-Benz,CLA,2015,1450000.0,Automatic,46000.0,Diesel,Indore,12,3833.0,31.52,-3.3,https://www.cardekho.com/used-car-details/used-Mercedes-benz-cla-200-cdi-sport-cars-Indore_d6aaee86-b008-4015-9089-e648fe31bab5.htm,Fair,34,22000,1184815.0,2606.59,1450000.0
DW-004412,MG,Hector,2021,1180000.0,Manual,90000.0,Diesel,Coimbatore,6,15000.0,13.11,3.4,https://www.cardekho.com/used-car-details/used-Mg-hector-sharp-diesel-mt-cars-Coimbatore_0f778d55-65da-462d-ad1d-39893ffb4d4d.htm,Fair,42,22000,922029.0,2028.46,1180000.0
DW-001340,Volkswagen,Vento,2018,650000.0,Automatic,139000.0,Petrol,Bangalore,9,15444.0,4.68,56.6,https://www.cardekho.com/used-car-details/used-Volkswagen-vento-12-tsi-highline-at-cars-Bangalore_4a1784a5-6b63-486c-a8eb-19d82a17406e.htm?adId=34183&adType=41,Fair,127,22000,479000.0,1053.8,650000.0
DW-009180,Maruti Suzuki,Swift,2017,346294.0,Manual,44627.0,Petrol,Jodhpur,10,4463.0,7.76,-25.8,https://www.cardekho.com/used-car-details/used-Maruti-swift-lxi-option-cars-Jodhpur_ccf76e29-9b27-4549-8c7d-2764e33da7ca.htm,Fair,16,22000,237110.0,521.64,346294.0
DW-006415,MG,Gloster,2021,2750000.0,Automatic,64000.0,Diesel,Nashik,6,10667.0,42.97,1.9,https://www.cardekho.com/used-car-details/used-Mg-gloster-savvy-6-str-cars-Nashik_cc7f0eea-1b57-4e22-be44-ca84c0a23d99.htm,Good,41,9000,1951428.0,4293.14,2750000.0
DW-000739,Mercedes-Benz,S-Class,2016,4390000.0,Automatic,47000.0,Petrol,New Delhi,11,4273.0,93.4,21.9,https://www.cardekho.com/used-car-details/used-Mercedes-benz-s-class-s-500-l-cars-New-Delhi_c0da5da8-9709-48da-9546-292859faedfc.htm,Fair,55,22000,3212087.0,7066.59,4390000.0
DW-008417,Tata,Altroz,2025,850000.0,Manual,10000.0,Petrol,Dehradun,2,5000.0,85.0,47.8,https://www.cardekho.com/used-car-details/used-Tata-altroz-creative-cars-Dehradun_781ed89c-41f4-44eb-bdd7-fcb4876f190d.htm,Excellent,49,3000,593426.0,1305.54,850000.0
DW-000966,Kia,Seltos,2021,995000.0,Automatic,78000.0,Petrol,Mumbai,6,13000.0,12.76,-9.5,https://www.cardekho.com/used-car-details/used-Kia-seltos-htx-ivt-g-cars-Mumbai_2fc3745e-fc1c-45f2-8b82-5f8502804008.htm?adId=33444&adType=41,Good,46,9000,834754.0,1836.46,995000.0
DW-000253,Maruti Suzuki,Suzuki Celerio,2017,330000.0,Automatic,99000.0,Petrol,Jaipur,10,9900.0,3.33,-0.5,https://www.cardekho.com/used-cars+in+jaipur?pageNo=1,Fair,52,22000,220013.0,484.03,330000.0
DW-006203,Hyundai,Creta,2022,990000.0,Manual,24800.0,Petrol,Agra,5,4960.0,39.92,16.5,https://www.cardekho.com/used-car-details/used-Hyundai-creta-s-plus-knight-bsvi-cars-Agra_2985a8ab-3786-4091-8266-a8076dc34608.htm,Good,37,9000,805009.0,1771.02,990000.0
DW-009957,Volkswagen,Vento,2021,593000.0,Automatic,108810.0,Petrol,Gurgaon,6,18135.0,5.45,42.9,https://www.cardekho.com/buy-used-car-details/used-Volkswagen-vento-10-tsi-highline-plus-at-cars-Gurgaon_4f3709c4-eb05-42ee-acb7-f9d69ce5b3b0.htm,Fair,90,22000,408101.0,897.82,593000.0
DW-000051,Hyundai,Venue,2020,669000.0,Manual,23150.0,Petrol,Mumbai,7,3307.0,28.9,-5.9,https://www.cardekho.com/used-cars+in+mumbai?pageNo=1,Good,16,9000,487759.0,1073.07,669000.0
DW-006477,Tata,Harrier,2022,1395000.0,Manual,71000.0,Diesel,Nashik,5,14200.0,19.65,9.8,https://www.cardekho.com/used-car-details/used-Tata-harrier-xt-plus-bsvi-cars-Nashik_94feac59-8183-47dd-a676-700edb8f8f83.htm,Good,55,9000,1055025.0,2321.06,1395000.0
DW-001497,Nissan,Magnite,2021,749000.0,Automatic,28290.0,Petrol,Bangalore,6,4715.0,26.48,36.2,https://www.cardekho.com/used-car-details/used-Nissan-magnite-turbo-cvt-xv-premium-opt-cars-Bangalore_038a5de0-bd12-43e1-979a-c36fa40633f7.htm,Good,57,9000,551747.0,1213.84,749000.0
DW-008539,Ford,Ecosport,2014,421579.0,Manual,98037.0,Diesel,Mangalore,13,7541.0,4.3,-9.1,https://www.cardekho.com/used-car-details/used-Ford-ecosport-15-tdci-titanium-bsiv-cars-Mangalore_e56a3fe3-fe6e-44e6-8c5f-85581aa28a8e.htm,Fair,51,22000,323590.0,711.9,421579.0
DW-000873,Maruti Suzuki,Wagon R,2023,545000.0,Manual,10522.0,Petrol,Navi Mumbai,4,2630.0,51.8,55.2,https://www.cardekho.com/used-car-details/used-Maruti-wagon-r-vxi-cars-Navi-Mumbai_95db9ea9-0458-40b2-9097-69e3bd091c9b.htm?adId=34308&adType=41,Excellent,63,3000,456791.0,1004.94,545000.0
DW-005351,Ford,Figo,2017,395000.0,Manual,76400.0,Petrol,Nagpur,10,7640.0,5.17,58.0,https://www.cardekho.com/used-car-details/used-Ford-figo-12p-titanium-mt-cars-Nagpur_a4d287c8-447a-42d2-94f1-1e255b4ef3ab.htm,Fair,95,22000,306361.0,673.99,395000.0
DW-004790,Renault,Duster,2013,395000.0,Manual,83247.0,Diesel,Indore,14,5946.0,4.74,1.3,https://www.cardekho.com/used-car-details/used-Renault-duster-85ps-diesel-rxl-plus-cars-Indore_bd2f5445-425b-4a5b-92de-36dd1a2dac1c.htm,Fair,47,22000,263599.0,579.92,395000.0
DW-006463,Hyundai,Creta,2022,1485000.0,Automatic,68300.0,Diesel,Nashik,5,13660.0,21.74,74.7,https://www.cardekho.com/used-car-details/used-Hyundai-creta-sx-opt-knight-diesel-at-bsvi-cars-Nashik_d8744c7b-6b8d-4ad5-97b1-97a5eec65b15.htm,Good,104,9000,1203507.0,2647.72,1485000.0
DW-007659,Kia,Seltos,2023,1028915.0,Manual,26432.0,Petrol,Gurgaon,4,6608.0,38.93,-6.5,https://www.cardekho.com/used-car-details/used-Kia-seltos-htx-cars-Gurgaon_ebdd677c-2de8-424a-873f-3d710dafc6c1.htm,Excellent,11,3000,740074.0,1628.16,1028915.0
DW-009859,Toyota,Urban cruiser,2022,700000.0,Automatic,28000.0,Petrol,Mathura,5,5600.0,25.0,-2.4,https://www.cardekho.com/used-car-details/used-Toyota-urban-cruiser-mid-at-cars-Mathura_2d2a1b20-7658-4b4b-9b8c-9a5c388aefca.htm,Good,32,9000,576905.0,1269.19,700000.0
DW-001537,Hyundai,i20,2017,610878.0,Manual,95972.0,Diesel,Hyderabad,10,9597.0,6.37,31.1,https://www.cardekho.com/used-car-details/used-Hyundai-i20-asta-14-crdi-cars-Hyderabad_f59003ec-6df8-4935-b977-5945161f0284.htm,Fair,86,22000,453069.0,996.75,610878.0
DW-001954,Mahindra,KUV 100 NXT,2017,394579.0,Manual,33302.0,Petrol,Chennai,10,3330.0,11.85,31.2,https://www.cardekho.com/used-car-details/used-Mahindra-kuv-100-nxt-g80-k4-plus-6str-cars-Chennai_dea937fd-a2fd-4637-bf23-a6ccab19c593.htm,Fair,48,22000,274115.0,603.05,394579.0
DW-000249,Hyundai,Grand i10,2017,400000.0,Manual,68000.0,Petrol,Jaipur,10,6800.0,5.88,10.2,https://www.cardekho.com/used-cars+in+jaipur?pageNo=1,Fair,64,22000,267422.0,588.33,400000.0
DW-008531,Jeep,Compass,2018,660000.0,Manual,120000.0,Diesel,Dehradun,9,13333.0,5.5,-32.3,https://www.cardekho.com/used-car-details/used-Jeep-compass-20-limited-cars-Dehradun_480c3dd9-098c-4f09-a648-686f55f8ce59.htm,Fair,45,22000,441169.0,970.57,660000.0
DW-001951,Mahindra,XUV300,2019,707940.0,Manual,59569.0,Petrol,Chennai,8,7446.0,11.88,-5.6,https://www.cardekho.com/buy-used-car-details/used-Mahindra-xuv300-w8-bsiv-cars-Chennai_a72c1e1d-d7f4-4a3f-8b45-cd639bc36d9a.htm,Good,40,9000,512888.0,1128.35,707940.0
DW-004872,BMW,X1,2016,1250000.0,Automatic,97000.0,Diesel,Surat,11,8818.0,12.89,-32.4,https://www.cardekho.com/used-car-details/used-Bmw-x1-sdrive-20d-xline-cars-Surat_ef8de83e-e745-40f3-86b3-077d04be5473.htm?adId=34528&adType=41,Fair,30,22000,1024379.0,2253.63,1250000.0
DW-007473,Kia,Carens,2022,1385000.0,Manual,90000.0,Diesel,Amritsar,5,18000.0,15.39,20.6,https://www.cardekho.com/used-car-details/used-Kia-carens-prestige-plus-diesel-bsvi-cars-Amritsar_0c04dda2-cd91-4e87-aa39-a3715bd5963a.htm,Fair,66,22000,1113131.0,2448.89,1385000.0
DW-000555,Tata,Tiago,2024,530000.0,Manual,49000.0,CNG,New Delhi,3,16333.0,10.82,34.2,https://www.cardekho.com/used-car-details/used-Tata-tiago-xt-cng-cars-New-Delhi_439c5279-b307-486d-beb7-bff60ccefc86.htm,Fair,61,22000,426099.0,937.42,530000.0
DW-000972,Kia,Seltos,2024,1790000.0,Automatic,26000.0,Petrol,Mumbai,3,8667.0,68.85,62.7,https://www.cardekho.com/used-car-details/used-Kia-seltos-x-line-turbo-dct-cars-Mumbai_10aef213-a3e4-4c1b-b1aa-d2435a7ba261.htm,Excellent,76,3000,1277054.0,2809.52,1790000.0
DW-009021,Maruti Suzuki,Vitara Brezza,2017,535000.0,Manual,70997.0,Diesel,Ranchi,10,7100.0,7.54,-18.5,https://www.cardekho.com/buy-used-car-details/used-Maruti-vitara-brezza-zdi-cars-Ranchi_5015aeb6-aa3a-4d0b-b722-02bc76a47496.htm,Fair,37,22000,400022.0,880.05,535000.0
DW-007110,Ford,Ecosport,2015,340000.0,Manual,120000.0,Diesel,Pratapgarh,12,10000.0,2.83,-26.7,https://www.cardekho.com/used-car-details/used-Ford-ecosport-15-dv5-mt-ambiente-cars-Pratapgarh_e793d3be-5f47-4dd4-9c1d-72f8c55e8b7d.htm,Fair,43,22000,229115.0,504.05,340000.0
DW-008775,Mahindra,Scorpio,2018,900000.0,Manual,160000.0,Diesel,Jeypore,9,17778.0,5.62,-7.2,https://www.cardekho.com/used-car-details/used-Mahindra-scorpio-s11-bsiv-cars-Jeypore_86550e7f-a9e5-487d-86db-6e3721e48d9a.htm,Fair,68,22000,681297.0,1498.85,900000.0
DW-002475,Audi,Q3,2012,790000.0,Automatic,80000.0,Diesel,Pune,15,5333.0,9.88,-45.0,https://www.cardekho.com/used-car-details/used-Audi-q3-20-tdi-cars-Pune_a5edc70e-1147-47c8-8de8-3827221e9c0e.htm,Fair,28,22000,568974.0,1251.74,790000.0
DW-003610,Toyota,Hyryder,2024,1532864.0,Automatic,30454.0,Petrol,Lucknow,3,10151.0,50.33,4.3,https://www.cardekho.com/used-car-details/used-Toyota-hyryder-v-at-cars-Lucknow_b3642404-a088-4ad9-850f-c33ca862812d.htm,Good,36,9000,1129182.0,2484.2,1532864.0
DW-002508,Nissan,Micra,2013,160000.0,Manual,47000.0,Petrol,Pune,14,3357.0,3.4,-43.9,https://www.cardekho.com/used-car-details/used-Nissan-micra-xl-cars-Pune_ad450033-6fc1-4783-b450-5923a3bfe9a7.htm,Fair,14,22000,103772.0,228.3,160000.0
DW-006387,MG,Hector,2023,1499000.0,Automatic,71000.0,Petrol,Gurgaon,4,17750.0,21.11,31.4,https://www.cardekho.com/used-car-details/used-Mg-hector-sharp-pro-7str-cvt-cars-Gurgaon_670ae4de-6ac3-4380-b25f-0368761c49c1.htm,Fair,73,22000,1068519.0,2350.74,1499000.0
DW-003230,Maruti Suzuki,Ciaz,2015,415000.0,Manual,100000.0,Diesel,Jaipur,12,8333.0,4.15,-22.1,https://www.cardekho.com/used-car-details/used-Maruti-ciaz-vdi-cars-Jaipur_01c86654-a726-45c4-814a-37163cd20bdb.htm,Fair,36,22000,297704.0,654.95,415000.0
DW-010268,Maruti Suzuki,Dzire,2023,870000.0,Manual,30000.0,Petrol,Mumbai,4,7500.0,29.0,41.8,https://www.cardekho.com/used-car-details/used-Maruti-dzire-vxi-cars-Mumbai_90ac797e-3dad-4a22-97b3-915b7f163fe0.htm,Excellent,55,3000,690931.0,1520.05,870000.0
DW-000448,Maruti Suzuki,Suzuki Swift,2016,470000.0,Manual,102443.0,Petrol,Chennai,11,9313.0,4.59,9.3,https://www.cardekho.com/used-cars+in+chennai?pageNo=1,Fair,58,22000,316037.0,695.28,470000.0
DW-003544,Maruti Suzuki,Vitara Brezza,2021,663579.0,Manual,72486.0,Petrol,Lucknow,6,12081.0,9.15,1.0,https://www.cardekho.com/used-car-details/used-Maruti-vitara-brezza-zxi-plus-cars-Lucknow_7add7758-b0d3-494f-a13f-da78e8297de8.htm,Good,35,9000,548134.0,1205.89,663579.0
DW-003950,Kia,Carnival,2021,2150000.0,Automatic,80000.0,Diesel,Chandigarh,6,13333.0,26.88,-16.5,https://www.cardekho.com/used-car-details/used-Kia-carnival-premium-cars-Chandigarh_35a72588-82a4-451e-b47f-1078c477c864.htm,Good,35,9000,1659096.0,3650.01,2150000.0
DW-007758,Mercedes-Benz,GLS,2021,6800000.0,Automatic,51000.0,Diesel,Gurgaon,6,8500.0,133.33,-10.5,https://www.cardekho.com/used-car-details/used-Mercedes-benz-gls-400d-4matic-bsvi-cars-Gurgaon_6f078e5e-5670-4889-a171-24cded83d0c4.htm,Good,26,9000,5586919.0,12291.22,6800000.0
DW-005198,Maruti Suzuki,Ertiga,2020,820000.0,Manual,27000.0,Petrol,Nagpur,7,3857.0,30.37,6.1,https://www.cardekho.com/used-car-details/used-Maruti-ertiga-zxi-plus-cars-Nagpur_ef48d0fd-4284-41f3-a8df-2c1dce8b79ad.htm?adId=30378&adType=41,Good,28,9000,645430.0,1419.95,820000.0
DW-008392,Hyundai,Grand i10,2015,350000.0,Manual,58000.0,Petrol,Dehradun,12,4833.0,6.03,-3.6,https://www.cardekho.com/used-car-details/used-Hyundai-grand-i10-sportz-cars-Dehradun_0bfe102e-b13b-40a5-a7eb-cbb92a6f38b9.htm,Fair,18,22000,260275.0,572.6,350000.0
DW-004113,Jeep,Compass,2017,685000.0,Manual,86000.0,Diesel,Chandigarh,10,8600.0,7.97,-29.7,https://www.cardekho.com/used-car-details/used-Jeep-compass-20-limited-cars-Chandigarh_a5ce9762-fb6b-42aa-8bb4-ab747c3f47a0.htm,Fair,18,22000,531082.0,1168.38,685000.0
DW-006570,Volkswagen,Vento,2014,495000.0,Automatic,82311.0,Diesel,Nashik,13,6332.0,6.01,19.3,https://www.cardekho.com/used-car-details/used-Volkswagen-vento-15-tdi-highline-at-cars-Nashik_e5c58649-9a2f-4268-acef-9d3de09be0db.htm,Fair,70,22000,389476.0,856.85,495000.0
DW-006303,Volkswagen,Polo,2016,400000.0,Manual,60000.0,Diesel,Ballabhgarh,11,5455.0,6.67,1.3,https://www.cardekho.com/used-car-details/used-Volkswagen-polo-15-tdi-comfortline-cars-Ballabhgarh_0f6c5824-c00e-4332-8fbc-9b92b675148f.htm,Fair,36,22000,294816.0,648.6,400000.0
DW-007136,Tata,Nexon,2022,950000.0,Manual,30000.0,Diesel,Aurangabad,5,6000.0,31.67,34.5,https://www.cardekho.com/used-car-details/used-Tata-nexon-xm-diesel-bsvi-cars-Aurangabad_34e65051-9543-44a7-af8b-08a263c700fc.htm?adId=33568&adType=41,Good,57,9000,695646.0,1530.42,950000.0
DW-000462,Audi,Q5,2018,2145000.0,Automatic,132000.0,Diesel,Hyderabad,9,14667.0,16.25,-28.3,https://www.cardekho.com/used-cars+in+hyderabad?pageNo=1,Fair,37,22000,1511517.0,3325.34,2145000.0
DW-010176,Audi,A4,2017,1350000.0,Automatic,119121.0,Diesel,New Delhi,10,11912.0,11.33,-19.6,https://www.cardekho.com/used-car-details/used-Audi-a4-35-tdi-technology-cars-New-Delhi_be51ebb2-5fc0-4bbc-9a60-4bfacfe13443.htm,Fair,56,22000,1045766.0,2300.69,1350000.0
DW-006956,Tata,Tiago,2017,321000.0,Manual,53000.0,Petrol,Varanasi,10,5300.0,6.06,-18.7,https://www.cardekho.com/used-car-details/used-Tata-tiago-12-revotron-xz-cars-Varanasi_d611474e-e460-41bb-b70a-366b29c6f2bc.htm,Fair,20,22000,205895.0,452.97,321000.0
DW-005910,Mercedes-Benz,C-Class,2014,750000.0,Manual,127000.0,Diesel,Vadodara,13,9769.0,5.91,-64.1,https://www.cardekho.com/used-car-details/used-Mercedes-benz-c-class-220-cdi-mt-cars-Vadodara_afc938a2-2f04-418d-91f0-6e6c557111b8.htm,Fair,44,22000,530146.0,1166.32,750000.0
DW-009768,Mahindra,Scorpio,2022,1125000.0,Manual,62000.0,Diesel,New Delhi,5,12400.0,18.15,16.0,https://www.cardekho.com/used-car-details/used-Mahindra-scorpio-s5-cars-New-Delhi_84d09705-bb05-464f-bab3-fa79d838af16.htm,Good,67,9000,788744.0,1735.24,1125000.0
DW-001513,Jeep,Compass,2021,1587000.0,Automatic,29339.0,Petrol,Bangalore,6,4890.0,54.09,62.8,https://www.cardekho.com/used-car-details/used-Jeep-compass-14-limited-opt-dct-bsvi-cars-Bangalore_fa94d38f-cd1c-4311-9649-93c6f02b0782.htm,Good,84,9000,1232563.0,2711.64,1587000.0
DW-000751,Audi,A4,2016,1380000.0,Automatic,37000.0,Petrol,New Delhi,11,3364.0,37.3,-17.8,https://www.cardekho.com/used-car-details/used-Audi-a4-30-tfsi-technology-cars-New-Delhi_971b826d-1cb2-4e24-b475-a0aa63aa77ee.htm,Fair,14,22000,977190.0,2149.82,1380000.0
DW-001176,Volvo,XC60,2020,3475000.0,Automatic,50500.0,Diesel,Mumbai,7,7214.0,68.81,2.4,https://www.cardekho.com/used-car-details/used-Volvo-xc60-inscription-d5-bsiv-cars-Mumbai_ad32543d-5fcb-4551-99d6-30064d97cdce.htm,Good,34,9000,2741675.0,6031.68,3475000.0
DW-008953,Kia,Seltos,2025,1500000.0,Automatic,30000.0,Diesel,Guwahati,2,15000.0,50.0,36.4,https://www.cardekho.com/used-car-details/used-Kia-seltos-htx-diesel-at-cars-Guwahati_1632e3c8-6a30-4008-9c62-79ce049dd9e8.htm,Fair,54,22000,1205945.0,2653.08,1500000.0
DW-000377,Maruti Suzuki,Suzuki Swift,2008,205000.0,Manual,45784.0,Diesel,Nagpur,19,2410.0,4.48,-52.3,https://www.cardekho.com/used-cars+in+nagpur?pageNo=1,Fair,12,22000,146773.0,322.9,205000.0
DW-000411,Volvo,XC90,2020,4900000.0,Automatic,69000.0,Diesel,Delhi,7,9857.0,71.01,25.6,https://www.cardekho.com/used-cars+in+delhi?pageNo=1,Good,62,9000,3648514.0,8026.73,4900000.0
DW-005849,Volkswagen,Vento,2018,725000.0,Automatic,55000.0,Petrol,Vadodara,9,6111.0,13.18,74.7,https://www.cardekho.com/used-car-details/used-Volkswagen-vento-12-tsi-highline-at-cars-Vadodara_cf37e646-d973-4973-9422-646a0117ac83.htm,Fair,83,22000,545199.0,1199.44,725000.0
DW-008284,Skoda,Slavia,2023,1200000.0,Automatic,32589.0,Petrol,New Delhi,4,8147.0,36.82,13.6,https://www.cardekho.com/used-car-details/used-Skoda-slavia-10-tsi-style-at-cars-New-Delhi_c418bd77-e5a3-4fff-8510-176601520f38.htm,Excellent,48,3000,938342.0,2064.35,1200000.0
DW-009906,Kia,Seltos,2020,825000.0,Manual,28000.0,Petrol,New Delhi,7,4000.0,29.46,-25.0,https://www.cardekho.com/used-car-details/used-Kia-seltos-htk-plus-g-cars-New-Delhi_bba0f93d-6984-45e4-93e5-abd8a2da064d.htm,Good,6,9000,627020.0,1379.44,825000.0
DW-003412,Ford,Endeavour,2016,1650000.0,Automatic,121627.0,Diesel,Jaipur,11,11057.0,13.57,-17.5,https://www.cardekho.com/used-car-details/used-Ford-endeavour-32-titanium-at-4x4-cars-Jaipur_9900d140-fec2-45db-b71e-dc763d984ceb.htm,Fair,63,22000,1295141.0,2849.31,1650000.0
DW-002930,Tata,Safari,2022,1450000.0,Automatic,76000.0,Diesel,Ahmedabad,5,15200.0,19.08,-3.3,https://www.cardekho.com/used-car-details/used-Tata-safari-xza-plus-at-bsvi-cars-Ahmedabad_1c91cc44-f217-4625-bcb6-d59d67664408.htm,Fair,43,22000,1038694.0,2285.13,1450000.0
DW-008831,Nissan,Magnite,2021,491000.0,Manual,116405.0,Petrol,Visakhapatnam,6,19401.0,4.22,-10.7,https://www.cardekho.com/buy-used-car-details/used-Nissan-magnite-turbo-xv-cars-Visakhapatnam_1ebf17eb-7e33-474f-9f49-ace282b832fe.htm,Fair,64,22000,393821.0,866.41,491000.0
DW-007332,Mercedes-Benz,M-Class,2013,1300000.0,Automatic,100000.0,Diesel,Mumbai,14,7143.0,13.0,-7.1,https://www.cardekho.com/used-car-details/used-Mercedes-benz-m-class-ml-250-cdi-cars-Mumbai_8da8f9ec-4a93-4c30-a35a-71bd7405ef47.htm,Fair,51,22000,907126.0,1995.68,1300000.0
DW-005776,Tata,Tiago,2022,504946.0,Manual,40292.0,CNG,Vadodara,5,8058.0,12.53,27.8,https://www.cardekho.com/used-car-details/used-Tata-tiago-xt-cng-cars-Vadodara_9150134e-650f-4045-b2f5-cc8b81987a80.htm,Good,59,9000,407269.0,895.99,504946.0
DW-008230,Kia,Seltos,2020,900000.0,Manual,95000.0,Diesel,Ghaziabad,7,13571.0,9.47,-18.2,https://www.cardekho.com/used-car-details/used-Kia-seltos-htx-plus-diesel-cars-Ghaziabad_7777f0da-0ee8-4527-ab72-7eaa6ad1796b.htm,Good,34,9000,701203.0,1542.65,900000.0
DW-007958,Kia,Carens,2022,1007000.0,Automatic,29711.0,Petrol,Noida,5,5942.0,33.89,-12.3,https://www.cardekho.com/used-car-details/used-Kia-carens-luxury-imt-bsvi-cars-Noida_7e0f4599-5b61-4344-8957-173c138dc82b.htm,Good,12,9000,732885.0,1612.35,1007000.0
DW-006395,Nissan,Magnite,2025,700000.0,Manual,10000.0,Petrol,Morena,2,5000.0,70.0,27.3,https://www.cardekho.com/used-car-details/used-Nissan-magnite-acenta-cars-Morena_3ea55f92-892c-4c0e-ac74-fa812a4aa46d.htm,Excellent,44,3000,565296.0,1243.65,700000.0
DW-008860,Maruti Suzuki,Swift,2017,400000.0,Manual,82000.0,Petrol,Guwahati,10,8200.0,4.88,-14.3,https://www.cardekho.com/used-car-details/used-Maruti-swift-vxi-cars-Guwahati_d21ccabf-d0c9-4631-adfe-0526f8d58d16.htm,Fair,42,22000,263069.0,578.75,400000.0
DW-000275,Tata,Tiago,2023,440000.0,Manual,90000.0,Petrol,Lucknow,4,22500.0,4.89,11.4,https://www.cardekho.com/used-cars+in+lucknow?pageNo=1,Poor,60,45000,314112.0,691.05,440000.0
DW-002821,Nissan,Terrano,2013,225000.0,Manual,70000.0,Diesel,Kolkata,14,5000.0,3.21,-38.8,https://www.cardekho.com/used-car-details/used-Nissan-terrano-xv-premium-110-ps-cars-Kolkata_81eb4dd1-0d17-41b3-a9a0-69999daf1405.htm,Fair,11,22000,155412.0,341.91,225000.0
DW-002089,BMW,X5,2022,6300000.0,Automatic,38000.0,Petrol,Chennai,5,7600.0,165.79,96.9,https://www.cardekho.com/used-car-details/used-Bmw-x5-xdrive-40i-m-sport-cars-Chennai_503a35c8-419d-4cde-a681-db3ab896cce5.htm,Good,70,9000,4505659.0,9912.45,6300000.0
DW-004246,Toyota,Innova Crysta,2023,2650000.0,Manual,80000.0,Diesel,Coimbatore,4,20000.0,33.12,50.1,https://www.cardekho.com/used-car-details/used-Toyota-innova-crysta-24-vx-8str-cars-Coimbatore_ed10b674-bc84-45a0-bed5-253bad58a7c1.htm,Fair,79,22000,1864603.0,4102.13,2650000.0
DW-009977,Volkswagen,Virtus,2025,1248000.0,Automatic,29000.0,Petrol,New Delhi,2,14500.0,43.03,4.8,https://www.cardekho.com/used-car-details/used-Volkswagen-virtus-highline-plus-at-cars-New-Delhi_ea09adf8-62b7-42f2-b0b0-b355f2498a98.htm,Good,20,9000,1005157.0,2211.35,1248000.0
DW-009659,Hyundai,Verna,2018,621000.0,Automatic,61000.0,Petrol,New Delhi,9,6778.0,10.18,-5.7,https://www.cardekho.com/used-car-details/used-Hyundai-verna-vtvt-16-at-sx-option-cars-New-Delhi_38788cfd-27ac-4d15-aa52-e6b2c4fb584d.htm?adId=33773&adType=41,Fair,35,22000,439987.0,967.97,621000.0
DW-003313,Toyota,Innova Crysta,2022,1880000.0,Manual,70000.0,Diesel,Jaipur,5,14000.0,26.86,6.5,https://www.cardekho.com/used-car-details/used-Toyota-innova-crysta-24-zx-7-str-cars-Jaipur_457e9161-7349-4a7a-acb8-b0a5ee789612.htm,Good,55,9000,1557783.0,3427.12,1880000.0
DW-005844,Volkswagen,Polo,2013,227405.0,Manual,92862.0,Diesel,Vadodara,14,6633.0,2.45,-42.4,https://www.cardekho.com/used-car-details/used-Volkswagen-polo-diesel-comfortline-12l-cars-Vadodara_c881c980-1c64-4733-b47c-e9d1d01ab982.htm,Fair,28,22000,163178.0,358.99,227405.0
DW-008757,Tata,Altroz,2022,572616.0,Manual,91377.0,Petrol,Visakhapatnam,5,18275.0,6.27,-0.4,https://www.cardekho.com/used-car-details/used-Tata-altroz-xz-bsvi-cars-Visakhapatnam_344be73b-c55a-4e3a-94cc-149296aebd18.htm,Fair,38,22000,438800.0,965.36,572616.0
DW-009661,Hyundai,Verna,2023,968579.0,Manual,25548.0,Petrol,Gurgaon,4,6387.0,37.91,47.1,https://www.cardekho.com/used-car-details/used-Hyundai-verna-sx-opt-cars-Gurgaon_546877fe-1d90-4b9c-90e0-99d7944b7ca1.htm,Excellent,62,3000,715483.0,1574.06,968579.0
DW-009803,Mahindra,XUV300,2020,650000.0,Manual,68000.0,Petrol,New Delhi,7,9714.0,9.56,-13.3,https://www.cardekho.com/used-car-details/used-Mahindra-xuv300-w8-bsvi-cars-New-Delhi_829b5697-1911-4d4e-aadd-dd90d021bb29.htm?adId=33149&adType=41,Good,31,9000,515122.0,1133.27,650000.0
DW-002621,Toyota,Hyryder,2024,931102.0,Automatic,26999.0,Petrol,Kolkata,3,9000.0,34.49,-36.6,https://www.cardekho.com/used-car-details/used-Toyota-hyryder-v-at-cars-Kolkata_f1d0d71f-9d60-4cfe-b14f-c79eb804e7d5.htm,Good,14,9000,775195.0,1705.43,931102.0
DW-004194,Tata,Nexon,2019,595383.0,Manual,36958.0,Petrol,Kochi,8,4620.0,16.11,-15.7,https://www.cardekho.com/used-car-details/used-Tata-nexon-12-revotron-xz-plus-cars-Kochi_d317858a-9759-4ad0-9bc3-3496a36308b9.htm,Good,8,9000,415945.0,915.08,595383.0
DW-003096,BMW,6 Series,2019,3200000.0,Automatic,55000.0,Diesel,Ahmedabad,8,6875.0,58.18,-11.7,https://www.cardekho.com/used-car-details/used-Bmw-6-series-gt-630d-m-sport-2018-2021-cars-Ahmedabad_102fb44b-5812-4165-8610-d508a4804467.htm,Good,25,9000,2387558.0,5252.63,3200000.0
DW-009495,Nissan,Micra,2016,379000.0,Automatic,35104.0,Petrol,Bangalore,11,3191.0,10.8,33.0,https://www.cardekho.com/used-car-details/used-Nissan-micra-xv-cvt-cars-Bangalore_be53b072-a7de-4dc9-966c-b7ef908367b5.htm,Fair,66,22000,256641.0,564.61,379000.0
DW-000468,Renault,KWID,2020,334000.0,Manual,18754.0,Petrol,Hyderabad,7,2679.0,17.81,28.5,https://www.cardekho.com/used-cars+in+hyderabad?pageNo=1,Good,48,9000,244502.0,537.9,334000.0
DW-003886,Mahindra,XUV700,2023,1790000.0,Automatic,85000.0,Diesel,Chandigarh,4,21250.0,21.06,2.3,https://www.cardekho.com/used-car-details/used-Mahindra-xuv700-ax5-7-str-diesel-at-cars-Chandigarh_d5369ae2-d861-4ce0-8629-5b090873a717.htm,Fair,54,22000,1430316.0,3146.7,1790000.0
DW-002407,Ford,Ecosport,2020,651579.0,Manual,75394.0,Diesel,Pune,7,10771.0,8.64,40.4,https://www.cardekho.com/used-car-details/used-Ford-ecosport-titanium-diesel-cars-Pune_024463f8-1fcb-43c9-9930-2136ac2eb5d1.htm,Good,78,9000,493456.0,1085.6,651579.0
DW-009705,Tata,Punch,2024,506000.0,Manual,22968.0,Petrol,Ghaziabad,3,7656.0,22.03,-17.0,https://www.cardekho.com/used-car-details/used-Tata-punch-pure-cars-Ghaziabad_2c5a71e7-9020-4dea-b76d-52e821bc88bd.htm,Excellent,13,3000,394518.0,867.94,506000.0
DW-003527,Hyundai,Santro Xing,2007,75000.0,Manual,51000.0,Petrol,Lucknow,20,2550.0,1.47,-24.2,https://www.cardekho.com/used-car-details/used-Hyundai-santro-xing-gl-cars-Lucknow_f4db1665-55e3-408b-9638-227b3e6731e6.htm?adId=33989&adType=41,Fair,21,22000,34034.0,74.87,75000.0
DW-003144,MG,Astor,2024,983327.0,Manual,9433.0,Petrol,Ahmedabad,3,3144.0,104.24,10.0,https://www.cardekho.com/used-car-details/used-Mg-astor-select-cars-Ahmedabad_5bf4defd-20e5-48ae-a397-bf05677fe608.htm,Excellent,22,3000,706169.0,1553.57,983327.0
DW-001958,Mahindra,Scorpio N,2025,2400000.0,Automatic,7500.0,Diesel,Chennai,2,3750.0,320.0,29.8,https://www.cardekho.com/used-car-details/used-Mahindra-scorpio-n-z8-diesel-at-cars-Chennai_523e2297-d7ac-409f-97ec-f506647e0351.htm,Excellent,47,3000,1773096.0,3900.81,2400000.0
DW-000514,Maruti Suzuki,Vitara Brezza,2021,550000.0,Manual,66813.0,Petrol,Ghaziabad,6,11136.0,8.23,-16.3,https://www.cardekho.com/used-car-details/used-Maruti-vitara-brezza-lxi-cars-Ghaziabad_dda31496-c881-4218-9570-d3bf6e214a81.htm,Good,20,9000,446924.0,983.23,550000.0
DW-005352,Ford,Fiesta,2012,215000.0,Manual,80000.0,Petrol,Nagpur,15,5333.0,2.69,30.3,https://www.cardekho.com/used-car-details/used-Ford-fiesta-petrol-titanium-cars-Nagpur_727d1903-346e-45d7-ba55-e6773aa212bc.htm,Fair,73,22000,147928.0,325.44,215000.0
DW-007841,Honda,Amaze 2nd Gen,2021,583580.0,Manual,12796.0,Petrol,Noida,6,2133.0,45.61,0.0,https://www.cardekho.com/used-car-details/used-Honda-amaze-2nd-gen-vx-cars-Noida_beb592df-273e-4a0a-a272-5934dfd7830b.htm,Good,21,9000,432594.0,951.71,583580.0
DW-008026,Ford,Freestyle,2021,509579.0,Manual,36542.0,Petrol,Noida,6,6090.0,13.95,15.2,https://www.cardekho.com/used-car-details/used-Ford-freestyle-titanium-plus-cars-Noida_8cc8b94a-d4f1-4203-8c2e-bebbbf6f27a5.htm,Good,38,9000,408083.0,897.78,509579.0
DW-006042,Kia,Seltos,2024,1400000.0,Manual,20000.0,Petrol,Ludhiana,3,6667.0,70.0,27.3,https://www.cardekho.com/used-car-details/used-Kia-seltos-htk-plus-cars-Ludhiana_09603468-2bbe-440c-8591-9d8780a1ccc5.htm,Excellent,45,3000,990536.0,2179.18,1400000.0
DW-000922,Mahindra,Alturas G4,2021,2599999.0,Automatic,34500.0,Diesel,Mumbai,6,5750.0,75.36,52.5,https://www.cardekho.com/used-car-details/used-Mahindra-alturas-g4-4x2-at-cars-Mumbai_68124f6f-b05b-43e1-bc1b-ee7f84e77d69.htm,Good,67,9000,1910017.0,4202.04,2599999.0
DW-005885,Ford,Ecosport,2017,413906.0,Manual,74593.0,Petrol,Vadodara,10,7459.0,5.55,-10.8,https://www.cardekho.com/used-car-details/used-Ford-ecosport-10-ecoboost-trend-plus-bsiv-cars-Vadodara_4b997037-a612-4f8c-8295-ec6c52d9fbe3.htm,Fair,30,22000,282020.0,620.44,413906.0
DW-004293,Volkswagen,Vento,2012,330002.0,Automatic,91082.0,Petrol,Kochi,15,6072.0,3.62,-20.5,https://www.cardekho.com/buy-used-car-details/used-Volkswagen-vento-12-tsi-highline-at-cars-Kochi_ea2cb90e-e38b-4c35-92c5-d321c2a6fbdc.htm,Fair,33,22000,257777.0,567.11,330002.0
DW-003132,Audi,A4,2019,1999999.0,Automatic,97000.0,Diesel,Ahmedabad,8,12125.0,20.62,19.1,https://www.cardekho.com/used-car-details/used-Audi-a4-35-tdi-premium-plus-cars-Ahmedabad_34bb6f62-f03f-4685-9e09-a4f9a47e3750.htm,Good,62,9000,1602829.0,3526.22,1999999.0
DW-004216,Mahindra,XUV300,2020,570480.0,Manual,118911.0,Diesel,Kochi,7,16987.0,4.8,-23.9,https://www.cardekho.com/buy-used-car-details/used-Mahindra-xuv300-w8-diesel-bsiv-cars-Kochi_40b214ac-3a71-49ad-bac3-a30f3760d7bf.htm,Fair,45,22000,430201.0,946.44,570480.0
DW-007898,Tata,Safari,2022,1550000.0,Automatic,62000.0,Diesel,Noida,5,12400.0,25.0,3.3,https://www.cardekho.com/used-car-details/used-Tata-safari-xza-at-bsvi-cars-Noida_274a701c-4df6-46c9-9efc-2d4584bef468.htm?adId=32556&adType=41,Good,36,9000,1077159.0,2369.75,1550000.0
DW-000475,Fiat,Linea,2025,761000.0,Manual,10324.0,Petrol,Pune,2,5162.0,73.71,-0.0,https://www.cardekho.com/used-cars+in+pune?pageNo=1,Excellent,23,3000,550739.0,1211.63,761000.0
DW-005248,Toyota,Etios,2012,205000.0,Manual,89000.0,Petrol,Nagpur,15,5933.0,2.3,-27.3,https://www.cardekho.com/used-car-details/used-Toyota-etios-vx-cars-Nagpur_944fdd47-80e3-4a09-895e-73eaa6cda504.htm,Fair,22,22000,141043.0,310.29,205000.0
